Timestamp,What is your age?,Which nation or region of the UK do you live in?,"If you live outside the UK, which country do you live in?","The first part of your postcode only, for example SW1A (optional)","Are you currently involved with a youth council, youth group or youth organisation?",What are the top three things you want the government to bring back for young people?,Is there anything else you would bring back that is not on that list?,What is the biggest problem facing young people across the UK today?,"In your own words, why did you choose that for the UK?",What is the biggest problem facing young people across the Commonwealth today?,"In your own words, why did you choose that for the Commonwealth?","Thinking about young people you know, how well is each of these working for young people right now? [Mental health and wellbeing]","Thinking about young people you know, how well is each of these working for young people right now? [Youth services and safe places to go]","Thinking about young people you know, how well is each of these working for young people right now? [Education and curriculum for life]","Thinking about young people you know, how well is each of these working for young people right now? [Jobs, apprenticeships and work experience]","Thinking about young people you know, how well is each of these working for young people right now? [Cost of living and financial security]","Thinking about young people you know, how well is each of these working for young people right now? [Transport and getting around]","Thinking about young people you know, how well is each of these working for young people right now? [Housing and a place to live]","Thinking about young people you know, how well is each of these working for young people right now? [Crime, safety and policing]","Thinking about young people you know, how well is each of these working for young people right now? [Equality, discrimination and racism]","Thinking about young people you know, how well is each of these working for young people right now? [Climate and the environment]","Thinking about young people you know, how well is each of these working for young people right now? [Democracy and youth voice]","Thinking about young people you know, how well is each of these working for young people right now? [Digital life and online safety]",How important is each of these to a young person’s long-term future — the next ten to fifteen years? [Mental health and wellbeing],How important is each of these to a young person’s long-term future — the next ten to fifteen years? [Youth services and safe places to go],How important is each of these to a young person’s long-term future — the next ten to fifteen years? [Education and curriculum for life],"How important is each of these to a young person’s long-term future — the next ten to fifteen years? [Jobs, apprenticeships and work experience]",How important is each of these to a young person’s long-term future — the next ten to fifteen years? [Cost of living and financial security],How important is each of these to a young person’s long-term future — the next ten to fifteen years? [Transport and getting around],How important is each of these to a young person’s long-term future — the next ten to fifteen years? [Housing and a place to live],"How important is each of these to a young person’s long-term future — the next ten to fifteen years? [Crime, safety and policing]","How important is each of these to a young person’s long-term future — the next ten to fifteen years? [Equality, discrimination and racism]",How important is each of these to a young person’s long-term future — the next ten to fifteen years? [Climate and the environment],How important is each of these to a young person’s long-term future — the next ten to fifteen years? [Democracy and youth voice],How important is each of these to a young person’s long-term future — the next ten to fifteen years? [Digital life and online safety],How urgent is each of these for young people over the next twelve months? [Mental health and wellbeing],How urgent is each of these for young people over the next twelve months? [Youth services and safe places to go],How urgent is each of these for young people over the next twelve months? [Education and curriculum for life],"How urgent is each of these for young people over the next twelve months? [Jobs, apprenticeships and work experience]",How urgent is each of these for young people over the next twelve months? [Cost of living and financial security],How urgent is each of these for young people over the next twelve months? [Transport and getting around],How urgent is each of these for young people over the next twelve months? [Housing and a place to live],"How urgent is each of these for young people over the next twelve months? [Crime, safety and policing]","How urgent is each of these for young people over the next twelve months? [Equality, discrimination and racism]",How urgent is each of these for young people over the next twelve months? [Climate and the environment],How urgent is each of these for young people over the next twelve months? [Democracy and youth voice],How urgent is each of these for young people over the next twelve months? [Digital life and online safety],Which of these should the UK push hardest on across the Commonwealth?,"If you could say one thing directly to the Heads of Government, what would it be?",Which of these best describes your gender?,Which of these best describes your ethnic background?,Do you have a disability or a long-term health condition?,Which best describes what you are doing at the moment?,"Have you ever been in care, or are you care experienced?",I have read the privacy notice and I am happy for my answers to be used in this consultation
15/09/2026 13:02:08,22 to 25,Yorkshire and the Humber,,,No,"Sure Start style family and early years centres, Independent careers advice in every school (a Connexions style service), Free or capped bus travel for under-25s",Proper funding for school counselling.,Mental health and wellbeing,My school had one careers adviser for eight hundred students.,"Jobs, apprenticeships and work experience",,7,2,6,0,3,3,2,1,4,4,2,2,9,7,10,7,9,5,6,4,7,10,6,6,7,6,8,9,8,7,7,6,10,7,7,10,"Equality, discrimination and racism, Education and curriculum for life",,Female,White,No,Prefer not to say,No,Yes
15/09/2026 19:42:40,22 to 25,East of England,,CV1,Yes,"Cheaper rail travel and a wider young persons railcard, Independent careers advice in every school (a Connexions style service), Funded national youth voice structures (a British Youth Council style body)",,Education and curriculum for life,The support exists on paper but nobody can actually access it.,"Jobs, apprenticeships and work experience",Corruption means money meant for young people does not reach us.,5,2,5,7,5,5,2,7,6,5,2,10,10,10,4,6,8,7,10,7,9,9,5,9,10,4,10,10,10,8,7,8,5,7,3,6,"Climate and the environment, Jobs, apprenticeships and work experience",Young carers and care-experienced young people are invisible in every policy document I have read.,Female,White,No,Prefer not to say,Prefer not to say,Yes
15/09/2026 12:28:34,16 to 18,Northern Ireland,,,No,"Funded open-access youth clubs and youth workers in every area, Community sports facilities, playing fields and free swimming",,Youth services and safe places to go,,Cost of living and financial security,,8,4,5,2,6,3,1,5,8,4,6,0,10,4,10,5,7,7,7,10,10,9,7,9,5,8,7,6,8,6,8,7,7,7,9,3,"Equality, discrimination and racism, Cost of living and financial security",Every promise made about climate finance has a deadline that falls after you have all left office. Bring the deadlines forward.,Male,White,Yes,Working,No,Yes
16/09/2026 15:46:56,19 to 21,South East England,,,Yes,"Free or capped bus travel for under-25s, Independent careers advice in every school (a Connexions style service), Free school meals for more pupils, and holiday food provision",,Education and curriculum for life,"Waiting lists where I live are over a year, and people get worse while they wait.",Education and curriculum for life,,6,3,3,1,4,6,3,3,9,8,4,6,9,10,6,10,5,10,9,10,9,10,6,9,9,5,8,8,7,10,10,7,8,4,7,10,"Jobs, apprenticeships and work experience, Education and curriculum for life",,Male,Asian or Asian British,No,In school or college,No,Yes
18/09/2026 11:06:22,16 to 18,Yorkshire and the Humber,,BT9,Yes,"Community sports facilities, playing fields and free swimming, A school nurse and a trained counsellor in every school, Restored further education and adult skills funding, and lower tuition fees",Free school transport past the age of 16.,Education and curriculum for life,,"Jobs, apprenticeships and work experience",,2,2,5,5,1,6,2,6,7,6,9,6,8,9,10,10,9,10,8,9,5,10,2,8,5,8,6,5,6,9,7,10,6,6,6,5,"Democracy and youth voice, Jobs, apprenticeships and work experience","Apprenticeships that pay less than rent are not opportunities, they are a trap.",Female,White,No,In school or college,No,Yes
16/09/2026 13:28:32,16 to 18,Wales,,M14,No,"Free school meals for more pupils, and holiday food provision, Restored further education and adult skills funding, and lower tuition fees, A school nurse and a trained counsellor in every school",,Education and curriculum for life,You cannot plan a future when you cannot afford anywhere to live.,"Jobs, apprenticeships and work experience",Youth unemployment across the Commonwealth is the common thread in all of this.,5,1,7,4,2,4,3,5,3,3,6,5,8,6,10,7,10,5,9,3,7,10,6,8,10,10,6,6,8,8,7,5,4,7,5,7,"Jobs, apprenticeships and work experience, Equality, discrimination and racism",,Female,White,No,Working,No,Yes
16/09/2026 11:58:07,13 to 15,I live outside the UK,India,,Yes,"Arts, music and drama in the curriculum, and free or low-cost music tuition, Sure Start style family and early years centres, Free or capped bus travel for under-25s",,"Jobs, apprenticeships and work experience",,Housing and a place to live,,1,5,2,3,0,6,7,7,8,5,3,6,8,9,8,10,10,3,8,9,10,10,7,8,7,8,5,10,6,7,8,5,9,7,6,10,"Climate and the environment, Crime, safety and policing",,Non-binary,White,No,Working,No,Yes
16/09/2026 19:43:50,22 to 25,I live outside the UK,Ghana,,No,"Funded open-access youth clubs and youth workers in every area, Restored further education and adult skills funding, and lower tuition fees, Arts, music and drama in the curriculum, and free or low-cost music tuition",,Mental health and wellbeing,,Democracy and youth voice,,0,0,5,1,3,4,4,0,2,4,3,4,5,6,9,8,5,9,7,6,7,10,10,7,10,7,3,10,10,7,8,6,10,4,4,8,"Climate and the environment, Equality, discrimination and racism",,Male,White,No,Working,No,Yes
17/09/2026 15:53:15,16 to 18,East Midlands,,LS6,No,"Restored further education and adult skills funding, and lower tuition fees, Guaranteed work experience placements for every pupil, A school nurse and a trained counsellor in every school",Cheaper driving lessons and tests for young people in rural areas.,"Jobs, apprenticeships and work experience",,"Jobs, apprenticeships and work experience",,3,1,0,1,6,5,5,7,5,1,7,9,8,6,10,8,6,6,7,9,8,7,7,2,8,9,9,3,8,6,7,5,5,7,6,5,"Cost of living and financial security, Climate and the environment",Bring back the things that were cut before you announce anything new.,Male,White,No,In school or college,No,Yes
16/09/2026 18:54:14,Under 13,Yorkshire and the Humber,,,No,"A school nurse and a trained counsellor in every school, Funded open-access youth clubs and youth workers in every area, Arts, music and drama in the curriculum, and free or low-cost music tuition",Cheaper driving lessons and tests for young people in rural areas.,Cost of living and financial security,Everyone I know is choosing between transport to college and lunch.,"Equality, discrimination and racism",There are not enough jobs for the number of graduates being produced.,5,3,5,3,5,3,1,4,6,1,2,8,8,10,5,10,4,5,10,7,8,10,5,10,6,9,4,9,10,9,9,7,5,5,9,8,"Crime, safety and policing, Equality, discrimination and racism",,Prefer not to say,White,No,Working,No,Yes
17/09/2026 17:31:14,16 to 18,West Midlands,,,No,Free or capped bus travel for under-25s,,Mental health and wellbeing,,Mental health and wellbeing,,4,3,5,6,4,2,3,4,10,6,3,5,8,7,10,7,8,5,10,8,7,10,6,6,6,3,7,5,10,6,10,6,7,7,3,5,"Education and curriculum for life, Jobs, apprenticeships and work experience",,Female,Mixed or multiple ethnic groups,No,In school or college,No,Yes
16/09/2026 20:12:56,22 to 25,East Midlands,,TS1,No,"Community sports facilities, playing fields and free swimming, Restored further education and adult skills funding, and lower tuition fees, A school nurse and a trained counsellor in every school",,Mental health and wellbeing,Everyone I know is choosing between transport to college and lunch.,"Equality, discrimination and racism",,2,5,3,5,6,3,1,1,7,0,4,3,10,10,9,7,10,10,7,7,9,8,4,6,8,7,10,6,9,10,9,7,9,4,8,10,"Housing and a place to live, Jobs, apprenticeships and work experience",Young carers and care-experienced young people are invisible in every policy document I have read.,Female,Mixed or multiple ethnic groups,Yes,In school or college,Yes,Yes
17/09/2026 16:51:06,16 to 18,West Midlands,,NG7,No,"Free school meals for more pupils, and holiday food provision, Independent careers advice in every school (a Connexions style service), A school nurse and a trained counsellor in every school",Free school transport past the age of 16.,Housing and a place to live,,Climate and the environment,Girls are still being taken out of education early in too many countries.,5,5,5,5,3,7,3,7,6,5,4,6,8,10,10,9,8,6,10,6,7,10,5,7,9,10,8,10,10,6,10,9,3,5,6,5,"Crime, safety and policing, Education and curriculum for life",,Prefer not to say,White,Prefer not to say,In school or college,No,Yes
16/09/2026 19:22:49,16 to 18,Scotland,,L18,No,"Education Maintenance Allowance (EMA) or an equivalent payment for 16–19 study, Restored further education and adult skills funding, and lower tuition fees, Free school meals for more pupils, and holiday food provision",,Mental health and wellbeing,Apprenticeships near me pay so little that you need parents who can support you.,Climate and the environment,Climate change is already displacing people my age in Pacific member states.,5,1,6,3,1,2,5,3,5,4,7,3,8,9,10,6,10,7,7,9,5,9,5,10,7,6,6,9,10,10,4,9,9,8,8,9,"Jobs, apprenticeships and work experience",,Female,White,No,In school or college,No,Yes
16/09/2026 17:30:27,19 to 21,South East England,,TS1,Yes,"Free or capped bus travel for under-25s, A school nurse and a trained counsellor in every school, Education Maintenance Allowance (EMA) or an equivalent payment for 16–19 study",Music lessons that are not only for people who can pay.,Housing and a place to live,,Climate and the environment,Girls are still being taken out of education early in too many countries.,3,4,3,6,0,4,0,4,5,4,2,4,10,9,10,10,10,6,10,10,4,10,10,9,9,4,7,7,8,4,6,6,8,8,4,5,"Jobs, apprenticeships and work experience",Racism is still shaping who gets opportunities in every country here. Say so out loud.,Female,White,No,At university,No,Yes
17/09/2026 15:58:03,19 to 21,South East England,,,No,"Independent careers advice in every school (a Connexions style service), A school nurse and a trained counsellor in every school, Education Maintenance Allowance (EMA) or an equivalent payment for 16–19 study",Cheaper driving lessons and tests for young people in rural areas.,Mental health and wellbeing,You cannot plan a future when you cannot afford anywhere to live.,Education and curriculum for life,There are not enough jobs for the number of graduates being produced.,0,3,4,4,2,5,1,3,4,3,5,6,10,9,10,4,6,10,9,8,7,7,7,9,9,9,6,9,9,7,10,3,6,4,6,8,"Equality, discrimination and racism, Climate and the environment",Bring back the things that were cut before you announce anything new.,Prefer not to say,Asian or Asian British,No,In school or college,Yes,Yes
16/09/2026 10:23:23,22 to 25,South East England,,,No,"Arts, music and drama in the curriculum, and free or low-cost music tuition, Sure Start style family and early years centres, Education Maintenance Allowance (EMA) or an equivalent payment for 16–19 study",Free swimming for under-18s.,Cost of living and financial security,Rent takes most of my wages and I still live with my parents.,Climate and the environment,Youth unemployment across the Commonwealth is the common thread in all of this.,3,2,5,4,4,3,3,4,3,4,3,6,9,9,10,6,9,7,9,9,8,10,6,7,9,9,7,8,9,7,6,9,6,7,7,8,"Jobs, apprenticeships and work experience, Cost of living and financial security","Apprenticeships that pay less than rent are not opportunities, they are a trap.",Female,White,No,In school or college,No,Yes
18/09/2026 11:40:20,16 to 18,East of England,,,No,"Arts, music and drama in the curriculum, and free or low-cost music tuition, Funded open-access youth clubs and youth workers in every area, Education Maintenance Allowance (EMA) or an equivalent payment for 16–19 study","Youth centres open at weekends, not just weekdays.",Cost of living and financial security,,"Jobs, apprenticeships and work experience",,3,2,6,6,2,2,3,3,8,2,4,9,5,5,9,8,7,8,10,6,9,8,8,8,8,8,5,5,8,5,4,10,6,5,5,10,"Education and curriculum for life, Climate and the environment",,Female,White,No,Working,Yes,Yes
16/09/2026 11:59:44,22 to 25,Wales,,B29,No,"Arts, music and drama in the curriculum, and free or low-cost music tuition, Funded open-access youth clubs and youth workers in every area, Free or capped bus travel for under-25s",,"Jobs, apprenticeships and work experience",,Housing and a place to live,Climate change is already displacing people my age in Pacific member states.,1,3,2,2,4,1,3,3,5,3,6,5,10,9,8,8,10,6,8,6,5,4,10,8,6,6,8,4,9,8,4,10,3,10,3,10,"Equality, discrimination and racism, Education and curriculum for life",The cost of getting to college is the reason people drop out. Fix transport and you fix attendance.,Male,White,No,Working,No,Yes
17/09/2026 12:18:23,13 to 15,I live outside the UK,Nigeria,,Prefer not to say,"Funded national youth voice structures (a British Youth Council style body), A school nurse and a trained counsellor in every school, Guaranteed work experience placements for every pupil",,"Equality, discrimination and racism",People my age are scared on public transport and nobody talks about it.,Education and curriculum for life,Young people are excluded from decisions in almost every member state.,4,6,6,5,5,5,3,3,8,4,4,5,4,3,10,6,5,4,6,9,10,4,4,8,8,8,10,2,7,8,7,7,9,5,9,7,"Jobs, apprenticeships and work experience, Climate and the environment",,Female,Asian or Asian British,No,In school or college,No,Yes
16/09/2026 13:30:40,19 to 21,I live outside the UK,South Africa,,No,"Funded open-access youth clubs and youth workers in every area, Independent careers advice in every school (a Connexions style service), A school nurse and a trained counsellor in every school","Youth centres open at weekends, not just weekdays.",Transport and getting around,My school had one careers adviser for eight hundred students.,"Crime, safety and policing",,5,2,4,9,3,2,3,3,4,6,0,6,7,8,7,5,6,8,7,7,6,10,5,8,7,7,8,9,10,5,7,8,8,5,7,10,"Climate and the environment, Education and curriculum for life",,Female,White,No,In school or college,No,Yes
17/09/2026 10:27:50,19 to 21,East of England,,,Yes,"Arts, music and drama in the curriculum, and free or low-cost music tuition, Funded open-access youth clubs and youth workers in every area, A school nurse and a trained counsellor in every school",,Mental health and wellbeing,,Youth services and safe places to go,Corruption means money meant for young people does not reach us.,2,2,5,6,7,6,3,8,10,3,6,8,9,7,8,9,9,8,8,5,8,10,4,8,10,7,10,6,10,9,7,10,5,6,4,7,"Cost of living and financial security, Democracy and youth voice",Every promise made about climate finance has a deadline that falls after you have all left office. Bring the deadlines forward.,Female,Mixed or multiple ethnic groups,No,At university,No,Yes
19/09/2026 14:50:27,16 to 18,South East England,,,Yes,"Independent careers advice in every school (a Connexions style service), Free school meals for more pupils, and holiday food provision, Funded open-access youth clubs and youth workers in every area",Cheaper driving lessons and tests for young people in rural areas.,Housing and a place to live,,Mental health and wellbeing,There are not enough jobs for the number of graduates being produced.,4,5,6,7,8,4,2,5,3,4,5,3,9,10,7,7,10,3,9,7,7,8,8,4,10,8,6,8,10,10,6,6,6,5,9,10,Climate and the environment,,Male,White,No,In school or college,No,Yes
17/09/2026 10:09:01,19 to 21,London,,,Prefer not to say,"Sure Start style family and early years centres, Funded open-access youth clubs and youth workers in every area, Community sports facilities, playing fields and free swimming",Proper funding for school counselling.,Cost of living and financial security,,Cost of living and financial security,,0,4,1,6,7,0,1,3,2,6,4,5,8,8,10,8,8,6,7,9,9,8,9,7,10,7,8,8,10,8,10,5,7,9,3,6,"Cost of living and financial security, Jobs, apprenticeships and work experience",,Male,White,No,At university,No,Yes
19/09/2026 10:44:26,22 to 25,I live outside the UK,Malaysia,,Yes,"Free school meals for more pupils, and holiday food provision, A school nurse and a trained counsellor in every school, Funded open-access youth clubs and youth workers in every area",,Cost of living and financial security,Everything costs more and nothing about young people’s pay has changed.,"Equality, discrimination and racism",,3,3,2,2,5,5,4,6,6,5,3,6,9,7,8,7,7,8,9,6,8,4,7,7,8,6,8,5,8,10,7,6,6,4,4,8,"Transport and getting around, Education and curriculum for life",,Female,White,Prefer not to say,Prefer not to say,No,Yes
18/09/2026 12:51:53,22 to 25,South West England,,,Yes,"Community sports facilities, playing fields and free swimming, Funded open-access youth clubs and youth workers in every area, Cheaper rail travel and a wider young persons railcard",,Youth services and safe places to go,,Democracy and youth voice,,1,4,4,6,1,3,2,4,3,4,4,5,8,9,10,7,8,8,6,6,10,8,7,7,10,6,9,7,10,8,9,4,7,6,3,6,Climate and the environment,Give us votes at 16 and watch how quickly politics starts taking young people seriously.,Male,White,Prefer not to say,In school or college,No,Yes
17/09/2026 16:18:00,13 to 15,South West England,,L18,Prefer not to say,"Community sports facilities, playing fields and free swimming, Funded open-access youth clubs and youth workers in every area, Guaranteed work experience placements for every pupil",Free swimming for under-18s.,"Crime, safety and policing",You cannot plan a future when you cannot afford anywhere to live.,Climate and the environment,,2,1,6,6,4,5,3,6,6,0,3,5,9,7,10,10,8,4,8,9,10,9,5,7,10,6,5,10,7,8,6,5,8,6,4,8,"Cost of living and financial security, Climate and the environment","Climate adaptation money needs to reach communities, not consultants.",Male,White,No,At university,No,Yes
17/09/2026 14:27:21,16 to 18,North West England,,G12,Yes,"Free or capped bus travel for under-25s, Guaranteed work experience placements for every pupil",,Cost of living and financial security,My school had one careers adviser for eight hundred students.,"Jobs, apprenticeships and work experience",,1,0,,,2,2,,,,3,6,,6,,6,,,,8,3,8,,,,8,,,9,,7,,,,,,,"Climate and the environment, Democracy and youth voice","Mental health support should not depend on which postcode you live in, or which country.",Male,White,Yes,At university,No,Yes
17/09/2026 12:55:14,22 to 25,Yorkshire and the Humber,,CF10,No,"Funded open-access youth clubs and youth workers in every area, Guaranteed work experience placements for every pupil",Music lessons that are not only for people who can pay.,Cost of living and financial security,Apprenticeships near me pay so little that you need parents who can support you.,Climate and the environment,Online access decides who gets opportunities and it is very unequal.,0,0,1,5,5,6,2,1,5,1,2,4,10,8,6,9,5,9,9,7,9,10,8,7,9,7,8,10,10,7,10,9,2,2,2,7,"Democracy and youth voice, Equality, discrimination and racism",,Female,"Black, Black British, Caribbean or African",Yes,Working,No,Yes
17/09/2026 16:42:33,22 to 25,South West England,,,Yes,"Independent careers advice in every school (a Connexions style service), Restored further education and adult skills funding, and lower tuition fees",,Cost of living and financial security,The support exists on paper but nobody can actually access it.,Education and curriculum for life,,0,5,7,7,5,3,5,6,1,3,5,6,10,6,6,9,6,10,6,8,10,7,8,8,10,5,8,5,9,8,8,8,8,6,5,8,"Jobs, apprenticeships and work experience, Youth services and safe places to go",,Female,White,No,Working,No,Yes
19/09/2026 12:42:44,16 to 18,West Midlands,,,Yes,"Education Maintenance Allowance (EMA) or an equivalent payment for 16–19 study, Sure Start style family and early years centres",,Mental health and wellbeing,,Education and curriculum for life,,5,2,1,5,6,4,4,2,6,4,6,1,7,5,10,10,10,6,10,7,10,8,8,10,9,4,8,5,5,7,9,8,9,8,6,2,"Climate and the environment, Crime, safety and policing",,Female,White,No,In school or college,No,Yes
20/09/2026 11:39:39,22 to 25,North West England,,B29,No,"Education Maintenance Allowance (EMA) or an equivalent payment for 16–19 study, Funded national youth voice structures (a British Youth Council style body)",,Youth services and safe places to go,People my age are scared on public transport and nobody talks about it.,Education and curriculum for life,Youth unemployment across the Commonwealth is the common thread in all of this.,5,2,5,5,4,1,4,4,4,2,4,7,10,6,8,8,8,7,9,6,5,9,8,5,3,9,8,9,6,4,9,6,9,7,7,6,"Climate and the environment, Equality, discrimination and racism",,Female,White,No,At university,No,Yes
17/09/2026 12:37:08,19 to 21,West Midlands,,CV1,Prefer not to say,"Funded national youth voice structures (a British Youth Council style body), Education Maintenance Allowance (EMA) or an equivalent payment for 16–19 study, Free or capped bus travel for under-25s",,Mental health and wellbeing,"Waiting lists where I live are over a year, and people get worse while they wait.",Climate and the environment,Climate change is already displacing people my age in Pacific member states.,6,5,5,5,1,5,5,8,0,2,2,6,10,7,8,10,5,7,9,9,10,9,8,6,7,8,9,5,10,8,8,10,8,7,4,6,"Equality, discrimination and racism, Jobs, apprenticeships and work experience",,Non-binary,"Black, Black British, Caribbean or African",No,At university,No,Yes
18/09/2026 12:07:20,22 to 25,London,,,No,"Education Maintenance Allowance (EMA) or an equivalent payment for 16–19 study, Free school meals for more pupils, and holiday food provision, A school nurse and a trained counsellor in every school",,Cost of living and financial security,You cannot plan a future when you cannot afford anywhere to live.,Education and curriculum for life,,5,3,8,3,2,6,0,5,5,7,4,4,10,8,8,9,5,8,6,10,5,8,9,3,8,8,5,6,5,6,5,6,9,6,4,6,"Crime, safety and policing",,Female,White,No,Working,No,Yes
19/09/2026 19:47:17,13 to 15,I live outside the UK,South Africa,,Yes,"Independent careers advice in every school (a Connexions style service), Local libraries and community spaces with longer opening hours, Funded open-access youth clubs and youth workers in every area","Youth centres open at weekends, not just weekdays.","Crime, safety and policing",,"Equality, discrimination and racism",Girls are still being taken out of education early in too many countries.,2,1,6,6,5,6,4,5,6,5,2,5,8,8,9,8,4,6,8,10,10,10,6,9,7,8,10,8,10,7,4,5,7,7,7,7,"Mental health and wellbeing, Digital life and online safety",,Male,Asian or Asian British,No,In school or college,No,Yes
18/09/2026 20:42:46,16 to 18,West Midlands,,B29,No,"Cheaper rail travel and a wider young persons railcard, A school nurse and a trained counsellor in every school, Free or capped bus travel for under-25s",,Housing and a place to live,Rent takes most of my wages and I still live with my parents.,Education and curriculum for life,Youth unemployment across the Commonwealth is the common thread in all of this.,1,,,,1,4,,,4,4,,5,9,,,,,,,,,10,,,,,,,,,,,8,5,8,8,"Cost of living and financial security, Climate and the environment",,Female,White,Prefer not to say,In school or college,No,Yes
19/09/2026 10:27:15,13 to 15,Northern Ireland,,TS1,No,"Education Maintenance Allowance (EMA) or an equivalent payment for 16–19 study, Funded open-access youth clubs and youth workers in every area",,Transport and getting around,,Climate and the environment,,3,,1,,1,,4,,2,,2,,,9,,8,8,,,8,7,,,6,,,,8,7,,7,,,8,,,"Mental health and wellbeing, Education and curriculum for life",,Male,White,No,At university,No,Yes
18/09/2026 16:36:24,22 to 25,South West England,,,Prefer not to say,"Arts, music and drama in the curriculum, and free or low-cost music tuition, Free or capped bus travel for under-25s",Free school transport past the age of 16.,Cost of living and financial security,,"Equality, discrimination and racism",,4,2,4,7,6,3,0,2,4,7,5,6,10,8,10,6,9,7,10,10,7,10,10,7,7,4,9,6,10,7,9,7,4,9,4,5,"Mental health and wellbeing, Education and curriculum for life",,Male,White,No,In school or college,No,Yes
20/09/2026 09:40:11,13 to 15,South East England,,,No,"Education Maintenance Allowance (EMA) or an equivalent payment for 16–19 study, Guaranteed work experience placements for every pupil, Funded open-access youth clubs and youth workers in every area","Youth centres open at weekends, not just weekdays.",Youth services and safe places to go,,Housing and a place to live,,1,6,4,5,2,6,4,2,6,4,3,2,9,7,10,9,10,5,6,9,6,5,9,4,10,7,4,5,6,6,8,5,10,6,7,6,Climate and the environment,,Female,Mixed or multiple ethnic groups,Prefer not to say,In school or college,No,Yes
20/09/2026 16:52:57,16 to 18,West Midlands,,,No,"Education Maintenance Allowance (EMA) or an equivalent payment for 16–19 study, Funded open-access youth clubs and youth workers in every area, Community sports facilities, playing fields and free swimming",,Cost of living and financial security,,"Jobs, apprenticeships and work experience",,2,5,7,1,0,5,3,2,4,7,3,9,9,3,7,10,7,4,8,8,10,7,8,1,6,4,10,5,9,9,9,10,5,9,6,5,"Climate and the environment, Jobs, apprenticeships and work experience","If the Commonwealth means anything, it should mean a young person in Fiji and a young person in Wales both get heard.",Male,White,Prefer not to say,Working,No,Yes
19/09/2026 10:01:22,19 to 21,West Midlands,,LS6,No,"Free or capped bus travel for under-25s, Free school meals for more pupils, and holiday food provision, Independent careers advice in every school (a Connexions style service)",,Mental health and wellbeing,,"Jobs, apprenticeships and work experience",Young people are excluded from decisions in almost every member state.,4,6,5,4,2,5,0,4,6,4,6,5,10,9,10,10,7,7,8,9,7,9,7,9,7,7,7,6,7,8,10,9,6,7,5,7,"Education and curriculum for life, Jobs, apprenticeships and work experience",,Female,White,Yes,Working,No,Yes
21/09/2026 17:08:09,22 to 25,North West England,,,Yes,Local libraries and community spaces with longer opening hours,,Housing and a place to live,Rent takes most of my wages and I still live with my parents.,Cost of living and financial security,,3,2,1,4,6,5,4,1,7,4,4,7,8,10,10,10,8,10,9,10,7,9,9,10,4,6,4,8,6,3,6,7,9,7,6,7,"Equality, discrimination and racism, Climate and the environment","Climate adaptation money needs to reach communities, not consultants.",Female,White,Prefer not to say,Working,No,Yes
20/09/2026 17:55:22,19 to 21,East of England,,TS1,Yes,"A school nurse and a trained counsellor in every school, Guaranteed work experience placements for every pupil","Youth centres open at weekends, not just weekdays.",Cost of living and financial security,There is nowhere to go in the evening since the youth centre closed.,Climate and the environment,,2,1,4,3,1,4,0,5,5,4,6,10,9,10,8,8,8,6,9,6,10,7,6,7,8,7,5,9,9,4,7,7,8,5,4,4,"Equality, discrimination and racism, Climate and the environment",Racism is still shaping who gets opportunities in every country here. Say so out loud.,Female,Mixed or multiple ethnic groups,No,In school or college,No,Yes
20/09/2026 13:14:17,13 to 15,London,,,No,A school nurse and a trained counsellor in every school,,Mental health and wellbeing,,"Equality, discrimination and racism",,5,2,3,4,1,5,4,7,4,3,5,5,7,8,9,7,8,9,7,10,6,10,9,7,9,8,4,10,10,4,8,6,9,7,8,9,"Equality, discrimination and racism, Jobs, apprenticeships and work experience",,Male,"Black, Black British, Caribbean or African",No,In school or college,No,Yes
19/09/2026 16:42:45,19 to 21,Yorkshire and the Humber,,CV1,No,"Independent careers advice in every school (a Connexions style service), Free or capped bus travel for under-25s, Restored further education and adult skills funding, and lower tuition fees",Free school transport past the age of 16.,"Crime, safety and policing",People my age are scared on public transport and nobody talks about it.,Cost of living and financial security,,3,1,2,4,6,0,1,3,4,7,5,3,7,10,8,10,7,4,10,9,10,6,6,7,8,8,8,8,9,8,9,6,8,3,1,9,"Climate and the environment, Housing and a place to live",,Prefer not to say,White,No,At university,Yes,Yes
19/09/2026 10:54:43,16 to 18,South East England,,PL4,Prefer not to say,"A school nurse and a trained counsellor in every school, Arts, music and drama in the curriculum, and free or low-cost music tuition, Independent careers advice in every school (a Connexions style service)",,"Jobs, apprenticeships and work experience",Everything costs more and nothing about young people’s pay has changed.,"Crime, safety and policing",,3,1,6,4,0,4,2,6,7,7,5,5,10,10,8,4,9,6,10,9,10,10,8,8,9,8,6,4,9,8,5,8,8,7,5,6,"Education and curriculum for life, Jobs, apprenticeships and work experience",,Male,"Black, Black British, Caribbean or African",No,Working,No,Yes
21/09/2026 20:41:14,19 to 21,South East England,,CF10,Yes,"Restored further education and adult skills funding, and lower tuition fees",,Mental health and wellbeing,,Digital life and online safety,,1,2,5,4,5,7,1,4,5,4,6,2,8,4,10,8,5,8,9,8,6,9,8,8,10,4,9,7,9,7,8,4,6,10,5,9,"Jobs, apprenticeships and work experience","Education across the Commonwealth should prepare us for the jobs that will exist, not the ones that did.",Female,Mixed or multiple ethnic groups,Prefer not to say,In school or college,No,Yes
19/09/2026 19:31:49,19 to 21,East of England,,S10,Yes,"Arts, music and drama in the curriculum, and free or low-cost music tuition, Local libraries and community spaces with longer opening hours",,Cost of living and financial security,People my age are scared on public transport and nobody talks about it.,Climate and the environment,,3,1,4,0,3,5,2,3,3,6,1,6,6,7,5,10,7,8,10,9,8,4,10,6,5,7,2,8,9,6,9,7,5,3,6,2,"Climate and the environment, Crime, safety and policing",,Female,White,No,Working,No,Yes
19/09/2026 19:50:24,19 to 21,West Midlands,,BS8,Yes,"Free or capped bus travel for under-25s, Education Maintenance Allowance (EMA) or an equivalent payment for 16–19 study",,Youth services and safe places to go,,"Crime, safety and policing",,1,3,7,8,0,3,4,5,6,1,8,6,3,6,9,9,9,6,8,6,10,10,9,8,10,6,10,8,8,8,9,7,10,7,4,8,"Climate and the environment, Equality, discrimination and racism",,Male,White,No,At university,No,Yes
20/09/2026 20:02:26,Over 25,London,,NE1,No,"Free or capped bus travel for under-25s, Independent careers advice in every school (a Connexions style service)",Cheaper driving lessons and tests for young people in rural areas.,Cost of living and financial security,People my age are scared on public transport and nobody talks about it.,Education and curriculum for life,,4,3,0,8,3,3,0,6,2,4,4,6,10,10,6,9,8,7,10,8,10,5,5,7,10,7,7,10,7,9,8,6,7,4,9,7,"Digital life and online safety, Climate and the environment","Climate adaptation money needs to reach communities, not consultants.",Male,White,Yes,In school or college,Yes,Yes
22/09/2026 17:10:14,22 to 25,London,,TS1,Prefer not to say,"Funded open-access youth clubs and youth workers in every area, Guaranteed work experience placements for every pupil, Independent careers advice in every school (a Connexions style service)",,Cost of living and financial security,,Education and curriculum for life,,5,2,2,6,3,4,3,8,9,9,2,3,7,4,9,10,7,10,9,10,6,6,6,5,9,5,9,5,10,6,6,10,5,8,7,6,"Jobs, apprenticeships and work experience, Education and curriculum for life",We cannot build a future in countries we cannot afford to live in. Housing is the whole argument.,Male,Prefer not to say,No,Working,No,Yes
22/09/2026 11:54:53,16 to 18,Yorkshire and the Humber,,,Yes,"Education Maintenance Allowance (EMA) or an equivalent payment for 16–19 study, Free school meals for more pupils, and holiday food provision, Independent careers advice in every school (a Connexions style service)",Music lessons that are not only for people who can pay.,Cost of living and financial security,Everyone I know is choosing between transport to college and lunch.,Education and curriculum for life,,2,4,6,6,1,4,0,5,8,2,6,4,9,6,8,7,6,9,7,4,8,9,10,7,10,9,7,8,7,7,8,6,9,5,0,10,"Equality, discrimination and racism, Jobs, apprenticeships and work experience",,Female,Other ethnic group,No,Working,No,Yes
19/09/2026 17:41:28,16 to 18,West Midlands,,,No,"A school nurse and a trained counsellor in every school, Funded open-access youth clubs and youth workers in every area, Sure Start style family and early years centres",Free school transport past the age of 16.,Mental health and wellbeing,There is nowhere to go in the evening since the youth centre closed.,Education and curriculum for life,,8,0,0,6,0,5,5,5,4,3,4,5,10,7,10,10,10,7,9,8,9,6,4,7,10,6,5,9,10,10,8,7,3,5,6,6,"Equality, discrimination and racism, Jobs, apprenticeships and work experience","If you want us to trust institutions, give us something to trust. Fund youth services properly and keep them open.",Female,White,No,At university,No,Yes
19/09/2026 18:40:01,13 to 15,South East England,,NG7,Prefer not to say,"Free or capped bus travel for under-25s, Community sports facilities, playing fields and free swimming, Education Maintenance Allowance (EMA) or an equivalent payment for 16–19 study",Proper funding for school counselling.,Cost of living and financial security,Apprenticeships near me pay so little that you need parents who can support you.,Climate and the environment,,3,2,4,4,0,1,3,1,6,5,3,3,9,10,6,10,5,10,9,7,6,5,10,7,8,9,4,10,5,7,10,5,10,7,7,7,"Climate and the environment, Equality, discrimination and racism",,Male,White,No,Apprenticeship or training,No,Yes
22/09/2026 13:05:56,19 to 21,South West England,,PL4,Prefer not to say,"Education Maintenance Allowance (EMA) or an equivalent payment for 16–19 study, Local libraries and community spaces with longer opening hours",,Cost of living and financial security,,Climate and the environment,,3,6,5,3,1,5,2,4,6,2,9,4,10,7,9,10,7,6,7,10,8,7,8,6,8,8,5,8,7,8,7,8,7,8,5,9,"Jobs, apprenticeships and work experience, Youth services and safe places to go",Young carers and care-experienced young people are invisible in every policy document I have read.,Female,White,No,In school or college,No,Yes
21/09/2026 14:17:13,16 to 18,West Midlands,,G12,Yes,"Education Maintenance Allowance (EMA) or an equivalent payment for 16–19 study, Free or capped bus travel for under-25s, Cheaper rail travel and a wider young persons railcard",Music lessons that are not only for people who can pay.,Digital life and online safety,There is nowhere to go in the evening since the youth centre closed.,"Jobs, apprenticeships and work experience",,0,5,6,4,0,0,2,5,2,3,0,5,9,3,6,8,10,9,9,10,9,9,5,6,8,4,5,3,10,8,10,5,8,5,4,6,"Digital life and online safety, Cost of living and financial security","If the Commonwealth means anything, it should mean a young person in Fiji and a young person in Wales both get heard.",Male,White,Yes,In school or college,No,Yes
20/09/2026 17:10:58,16 to 18,Wales,,NE1,No,"Guaranteed work experience placements for every pupil, Free or capped bus travel for under-25s, Arts, music and drama in the curriculum, and free or low-cost music tuition",,Education and curriculum for life,,"Jobs, apprenticeships and work experience",,6,3,2,6,1,7,3,2,7,4,7,6,9,8,10,8,9,6,10,8,9,6,10,4,7,3,6,10,10,8,10,6,6,7,5,7,"Cost of living and financial security, Digital life and online safety",,Male,White,Yes,In school or college,No,Yes
20/09/2026 09:29:34,13 to 15,North West England,,G12,No,"Funded open-access youth clubs and youth workers in every area, Education Maintenance Allowance (EMA) or an equivalent payment for 16–19 study, Free school meals for more pupils, and holiday food provision",Free swimming for under-18s.,Mental health and wellbeing,,Education and curriculum for life,,1,2,,3,,,3,,,,,3,,9,,7,9,,10,,,,5,6,8,10,,,,,8,,,6,,4,Education and curriculum for life,"Stop talking about young people as the future and start treating us as the present. We are already paying rent, already working, already voting in some of your countries.",Male,White,Prefer not to say,Apprenticeship or training,No,Yes
20/09/2026 12:05:46,19 to 21,London,,,No,"Guaranteed work experience placements for every pupil, Local libraries and community spaces with longer opening hours, Sure Start style family and early years centres",Cheaper driving lessons and tests for young people in rural areas.,Education and curriculum for life,,Education and curriculum for life,"Young people in some member states cannot finish school because of cost, not ability.",5,5,6,3,1,3,4,0,5,4,8,8,10,8,6,8,9,7,7,10,10,7,7,5,9,4,9,10,8,7,9,4,2,5,4,9,"Mental health and wellbeing, Climate and the environment",,Female,White,No,In school or college,Yes,Yes
20/09/2026 18:16:24,13 to 15,South East England,,,Yes,"Cheaper rail travel and a wider young persons railcard, Funded national youth voice structures (a British Youth Council style body), Restored further education and adult skills funding, and lower tuition fees",,Mental health and wellbeing,,Cost of living and financial security,Youth unemployment across the Commonwealth is the common thread in all of this.,4,,6,4,,6,,4,,4,,6,,,4,,,6,7,,10,,2,,,,8,,,8,9,5,,,,10,"Equality, discrimination and racism, Climate and the environment",Young carers and care-experienced young people are invisible in every policy document I have read.,Male,White,No,In school or college,No,Yes
20/09/2026 14:05:25,16 to 18,South East England,,L18,Yes,"Free or capped bus travel for under-25s, Funded open-access youth clubs and youth workers in every area, Restored further education and adult skills funding, and lower tuition fees",,"Crime, safety and policing",,Mental health and wellbeing,,2,4,5,6,3,3,3,5,3,6,4,3,8,6,8,9,6,8,5,10,8,8,8,8,9,7,7,8,6,6,6,7,4,7,2,8,"Education and curriculum for life, Climate and the environment",,Female,White,No,In school or college,No,Yes
22/09/2026 18:31:39,13 to 15,West Midlands,,,Yes,A school nurse and a trained counsellor in every school,Free school transport past the age of 16.,Youth services and safe places to go,,Climate and the environment,Online access decides who gets opportunities and it is very unequal.,3,2,8,2,2,5,2,2,8,4,3,8,5,7,7,7,10,6,10,5,10,8,7,10,7,6,9,7,10,7,5,4,4,6,5,8,"Climate and the environment, Digital life and online safety",,Female,White,No,Apprenticeship or training,No,Yes
20/09/2026 11:56:10,16 to 18,I live outside the UK,Cyprus,,No,"Independent careers advice in every school (a Connexions style service), Funded open-access youth clubs and youth workers in every area",,Democracy and youth voice,My school had one careers adviser for eight hundred students.,Education and curriculum for life,,2,1,5,6,4,4,3,2,6,7,7,2,6,7,8,10,8,6,4,8,7,8,4,6,10,10,8,6,10,7,6,7,7,6,7,6,"Youth services and safe places to go, Education and curriculum for life",Bring back the things that were cut before you announce anything new.,Male,Asian or Asian British,No,At university,No,Yes
21/09/2026 16:57:31,19 to 21,North East England,,BT9,No,"Arts, music and drama in the curriculum, and free or low-cost music tuition, Restored further education and adult skills funding, and lower tuition fees",Proper funding for school counselling.,Mental health and wellbeing,The support exists on paper but nobody can actually access it.,Democracy and youth voice,,0,2,3,8,3,4,2,4,2,4,3,2,7,6,7,9,10,10,10,8,6,6,3,7,10,7,5,2,8,4,7,4,7,9,5,6,"Jobs, apprenticeships and work experience, Education and curriculum for life",,Male,Prefer not to say,No,In school or college,No,Yes
22/09/2026 12:04:35,22 to 25,South West England,,CV1,No,"Independent careers advice in every school (a Connexions style service), Funded open-access youth clubs and youth workers in every area, Community sports facilities, playing fields and free swimming",,Cost of living and financial security,Rent takes most of my wages and I still live with my parents.,"Jobs, apprenticeships and work experience",Online access decides who gets opportunities and it is very unequal.,,,2,,,,,,8,,,5,,6,10,,,,,,,,,6,,,,9,,5,,,,,5,,"Equality, discrimination and racism, Jobs, apprenticeships and work experience",,Male,Prefer not to say,No,Working,No,Yes
21/09/2026 10:28:28,16 to 18,South East England,,BS8,Yes,"Arts, music and drama in the curriculum, and free or low-cost music tuition, Sure Start style family and early years centres",Free school transport past the age of 16.,Mental health and wellbeing,Everyone I know is choosing between transport to college and lunch.,Education and curriculum for life,,5,3,9,5,2,1,2,2,4,0,1,6,9,8,8,7,9,4,9,9,10,5,8,6,7,5,9,8,6,9,7,6,9,4,4,10,"Education and curriculum for life, Climate and the environment","Talk to young people who are not already in youth parliaments. We are not the hard-to-reach ones, you are.",Female,"Black, Black British, Caribbean or African",No,Working,No,Yes
21/09/2026 13:03:26,16 to 18,Scotland,,,No,"Free school meals for more pupils, and holiday food provision, Funded national youth voice structures (a British Youth Council style body), Education Maintenance Allowance (EMA) or an equivalent payment for 16–19 study",Free swimming for under-18s.,Transport and getting around,,"Jobs, apprenticeships and work experience",,6,3,2,5,2,2,1,3,6,4,5,7,10,10,8,4,6,5,9,7,7,10,7,8,7,10,9,8,4,4,6,10,10,7,5,9,"Cost of living and financial security, Climate and the environment","Apprenticeships that pay less than rent are not opportunities, they are a trap.",Female,Asian or Asian British,No,In school or college,No,Yes
21/09/2026 14:22:28,Under 13,North East England,,NG7,No,"Free or capped bus travel for under-25s, Arts, music and drama in the curriculum, and free or low-cost music tuition, Funded open-access youth clubs and youth workers in every area",,Climate and the environment,,"Jobs, apprenticeships and work experience",,5,0,2,6,3,0,3,5,6,4,3,5,9,7,10,8,7,6,9,5,3,9,6,7,9,8,8,10,10,7,10,6,5,4,5,10,"Jobs, apprenticeships and work experience, Crime, safety and policing",The cost of getting to college is the reason people drop out. Fix transport and you fix attendance.,Non-binary,White,No,In school or college,No,Yes
23/09/2026 09:43:43,22 to 25,South East England,,CV1,Prefer not to say,"Independent careers advice in every school (a Connexions style service), Local libraries and community spaces with longer opening hours, Free school meals for more pupils, and holiday food provision","Youth centres open at weekends, not just weekdays.",Education and curriculum for life,,"Equality, discrimination and racism",,2,,,,4,,3,3,5,5,,,,10,10,,9,8,,7,7,9,,10,,5,9,10,,8,8,,,,6,,"Jobs, apprenticeships and work experience, Equality, discrimination and racism",,Female,White,No,In school or college,No,Yes
23/09/2026 15:06:52,22 to 25,North East England,,,Yes,"Free or capped bus travel for under-25s, Free school meals for more pupils, and holiday food provision, Independent careers advice in every school (a Connexions style service)",Proper funding for school counselling.,Mental health and wellbeing,,Youth services and safe places to go,,3,3,2,4,0,1,6,4,3,7,3,8,9,8,10,10,9,6,6,10,10,8,6,6,7,6,8,5,9,5,2,5,6,4,6,4,"Jobs, apprenticeships and work experience, Equality, discrimination and racism",Commonwealth mobility should mean something. Let young people study and work across member states without impossible visa costs.,Male,White,No,Apprenticeship or training,Yes,Yes
22/09/2026 19:32:20,16 to 18,South East England,,LS6,Yes,Funded open-access youth clubs and youth workers in every area,Free swimming for under-18s.,"Jobs, apprenticeships and work experience",,"Jobs, apprenticeships and work experience",,,,5,0,2,,,6,7,,,,,8,10,10,6,,9,,9,7,,,,,,0,,6,7,8,,,2,8,"Housing and a place to live, Transport and getting around",,Male,Asian or Asian British,No,At university,No,Yes
22/09/2026 17:51:14,22 to 25,South East England,,,No,"Free or capped bus travel for under-25s, Free school meals for more pupils, and holiday food provision, Education Maintenance Allowance (EMA) or an equivalent payment for 16–19 study",,Housing and a place to live,,"Jobs, apprenticeships and work experience",,2,4,4,7,0,3,3,4,2,2,8,3,9,7,8,9,10,6,7,6,10,4,4,2,10,10,3,10,9,8,10,6,4,3,3,7,"Jobs, apprenticeships and work experience, Climate and the environment",,Female,White,No,Working,No,Yes
21/09/2026 16:48:11,19 to 21,Wales,,TS1,No,"Funded national youth voice structures (a British Youth Council style body), Guaranteed work experience placements for every pupil, Local libraries and community spaces with longer opening hours",Cheaper driving lessons and tests for young people in rural areas.,"Jobs, apprenticeships and work experience",,Climate and the environment,,,,5,,,,,3,,,7,8,,,9,10,9,,,,,10,,,,,,6,,7,,8,6,,6,,"Equality, discrimination and racism, Cost of living and financial security",,Male,White,No,"Not in education, employment or training",No,Yes
22/09/2026 19:11:36,22 to 25,South East England,,,Yes,"Funded open-access youth clubs and youth workers in every area, A school nurse and a trained counsellor in every school, Community sports facilities, playing fields and free swimming","Youth centres open at weekends, not just weekdays.",Cost of living and financial security,,Education and curriculum for life,,2,6,4,6,0,4,4,4,9,3,6,5,7,3,7,9,5,8,10,8,8,10,9,4,6,10,6,7,10,1,10,10,7,7,6,7,"Climate and the environment, Jobs, apprenticeships and work experience",,Male,White,No,Working,No,Yes
21/09/2026 10:13:04,13 to 15,East of England,,,No,"Guaranteed work experience placements for every pupil, Education Maintenance Allowance (EMA) or an equivalent payment for 16–19 study, A school nurse and a trained counsellor in every school",,Youth services and safe places to go,,Education and curriculum for life,,0,2,4,3,2,2,4,5,6,7,7,2,10,5,9,10,7,7,10,6,10,10,7,8,6,7,10,8,7,6,7,9,7,3,5,10,"Mental health and wellbeing, Jobs, apprenticeships and work experience",,Male,Asian or Asian British,No,In school or college,No,Yes
23/09/2026 13:26:48,Over 25,Scotland,,,Yes,"Education Maintenance Allowance (EMA) or an equivalent payment for 16–19 study, Funded open-access youth clubs and youth workers in every area, Free or capped bus travel for under-25s","Youth centres open at weekends, not just weekdays.","Crime, safety and policing",,Transport and getting around,Girls are still being taken out of education early in too many countries.,7,2,2,4,7,3,3,2,6,7,6,5,7,5,8,9,10,6,5,8,7,8,7,7,9,6,7,10,10,4,7,7,9,5,6,7,"Equality, discrimination and racism, Education and curriculum for life",,Female,White,No,Working,No,Yes
22/09/2026 18:20:03,19 to 21,I live outside the UK,Australia,,No,"Restored further education and adult skills funding, and lower tuition fees, Arts, music and drama in the curriculum, and free or low-cost music tuition, Funded open-access youth clubs and youth workers in every area",Free swimming for under-18s.,Cost of living and financial security,Apprenticeships near me pay so little that you need parents who can support you.,Education and curriculum for life,Youth unemployment across the Commonwealth is the common thread in all of this.,4,4,5,4,1,3,4,4,6,3,4,2,6,9,10,10,8,4,10,5,6,5,6,6,9,10,7,10,6,6,4,10,10,6,8,10,"Youth services and safe places to go, Climate and the environment",,Female,White,No,In school or college,No,Yes
22/09/2026 11:32:02,19 to 21,North West England,,S10,Yes,"Independent careers advice in every school (a Connexions style service), Arts, music and drama in the curriculum, and free or low-cost music tuition","Youth centres open at weekends, not just weekdays.",Education and curriculum for life,You cannot plan a future when you cannot afford anywhere to live.,"Equality, discrimination and racism",,4,1,4,2,5,5,1,4,7,9,4,6,10,3,10,6,4,7,6,7,8,5,8,8,10,3,5,9,7,10,5,4,10,6,5,9,"Education and curriculum for life, Crime, safety and policing",,Female,Mixed or multiple ethnic groups,Yes,In school or college,Prefer not to say,Yes
22/09/2026 18:58:28,19 to 21,North West England,,B29,Yes,"Free school meals for more pupils, and holiday food provision, Education Maintenance Allowance (EMA) or an equivalent payment for 16–19 study, Free or capped bus travel for under-25s",,Housing and a place to live,,Cost of living and financial security,,4,5,4,3,4,2,3,2,4,2,9,3,10,10,10,7,7,5,10,4,8,10,6,6,7,8,6,6,5,9,8,10,7,6,7,6,"Climate and the environment, Democracy and youth voice",,Female,White,Yes,In school or college,No,Yes
21/09/2026 18:48:45,16 to 18,London,,PL4,No,"Free or capped bus travel for under-25s, A school nurse and a trained counsellor in every school, Independent careers advice in every school (a Connexions style service)",,Cost of living and financial security,,"Equality, discrimination and racism",Youth unemployment across the Commonwealth is the common thread in all of this.,4,2,8,1,4,8,4,0,4,5,5,6,9,8,9,5,7,7,8,5,10,5,7,6,8,6,8,4,10,5,9,4,6,5,8,8,"Jobs, apprenticeships and work experience",,Female,Asian or Asian British,No,In school or college,Yes,Yes
22/09/2026 17:55:53,16 to 18,East of England,,,No,"Funded open-access youth clubs and youth workers in every area, Education Maintenance Allowance (EMA) or an equivalent payment for 16–19 study, Independent careers advice in every school (a Connexions style service)",,Education and curriculum for life,The support exists on paper but nobody can actually access it.,"Equality, discrimination and racism",,0,0,3,8,4,6,5,1,4,4,6,4,9,6,4,9,7,6,8,10,8,8,8,9,10,5,8,4,10,8,10,6,4,4,4,5,"Equality, discrimination and racism, Climate and the environment",,Female,White,Yes,In school or college,Yes,Yes
22/09/2026 12:19:12,13 to 15,Yorkshire and the Humber,,BS8,No,"Community sports facilities, playing fields and free swimming, Arts, music and drama in the curriculum, and free or low-cost music tuition, Funded open-access youth clubs and youth workers in every area",,Youth services and safe places to go,,Mental health and wellbeing,,0,3,6,0,3,3,3,3,4,3,4,6,4,9,7,9,10,7,7,3,9,10,9,9,10,8,8,9,9,6,7,6,10,7,9,3,"Climate and the environment, Education and curriculum for life",We cannot build a future in countries we cannot afford to live in. Housing is the whole argument.,Male,White,Yes,In school or college,No,Yes
23/09/2026 17:57:46,22 to 25,West Midlands,,EH8,No,"Local libraries and community spaces with longer opening hours, Sure Start style family and early years centres, Free or capped bus travel for under-25s",,Education and curriculum for life,,"Crime, safety and policing",Girls are still being taken out of education early in too many countries.,3,4,8,2,5,4,4,6,3,5,6,8,10,6,6,5,8,8,7,7,9,9,9,6,10,10,6,7,9,7,7,8,10,6,6,9,"Climate and the environment, Equality, discrimination and racism",We cannot build a future in countries we cannot afford to live in. Housing is the whole argument.,Male,White,No,At university,No,Yes
24/09/2026 20:23:29,16 to 18,South East England,,,No,"A school nurse and a trained counsellor in every school, Education Maintenance Allowance (EMA) or an equivalent payment for 16–19 study, Funded open-access youth clubs and youth workers in every area",,"Jobs, apprenticeships and work experience",,Education and curriculum for life,,6,2,5,4,4,6,2,2,8,8,4,8,4,6,10,6,10,4,9,8,6,8,9,4,6,10,9,7,9,9,9,7,8,7,5,8,Education and curriculum for life,Make the commitments measurable and publish who missed them.,Male,Asian or Asian British,No,In school or college,No,Yes
22/09/2026 10:54:24,19 to 21,West Midlands,,,Yes,"Restored further education and adult skills funding, and lower tuition fees, Free school meals for more pupils, and holiday food provision, Funded open-access youth clubs and youth workers in every area",,Transport and getting around,,"Equality, discrimination and racism",,2,3,,0,,,,,7,,9,5,,7,10,7,,7,,7,,8,,,,9,,7,,,,9,,5,,8,"Jobs, apprenticeships and work experience, Equality, discrimination and racism",Racism is still shaping who gets opportunities in every country here. Say so out loud.,Non-binary,White,No,At university,No,Yes
23/09/2026 20:53:45,16 to 18,London,,G12,Yes,"Funded open-access youth clubs and youth workers in every area, Community sports facilities, playing fields and free swimming",,Mental health and wellbeing,Everyone I know is choosing between transport to college and lunch.,"Jobs, apprenticeships and work experience",Corruption means money meant for young people does not reach us.,0,4,2,4,2,4,5,2,5,4,6,3,9,5,6,7,6,6,8,7,10,7,3,9,8,10,3,10,8,6,7,8,9,9,6,8,"Climate and the environment, Education and curriculum for life",,Female,Prefer not to say,No,Apprenticeship or training,No,Yes
24/09/2026 17:39:38,16 to 18,Yorkshire and the Humber,,,No,"A school nurse and a trained counsellor in every school, Cheaper rail travel and a wider young persons railcard, Free or capped bus travel for under-25s",,Mental health and wellbeing,"Waiting lists where I live are over a year, and people get worse while they wait.",Cost of living and financial security,Young people are excluded from decisions in almost every member state.,0,4,2,2,2,0,0,2,2,6,1,9,10,9,9,10,10,9,9,8,6,9,8,8,10,8,5,10,9,10,5,4,9,6,4,4,"Democracy and youth voice, Cost of living and financial security",,Female,White,No,In school or college,No,Yes
23/09/2026 19:22:32,16 to 18,East of England,,CF10,No,"Guaranteed work experience placements for every pupil, Community sports facilities, playing fields and free swimming, Free or capped bus travel for under-25s",Cheaper driving lessons and tests for young people in rural areas.,Mental health and wellbeing,,Democracy and youth voice,,4,4,5,7,4,5,5,8,4,2,3,3,10,7,7,10,9,5,8,10,10,9,5,5,6,9,6,9,3,6,10,5,6,8,6,6,Education and curriculum for life,,Male,White,No,In school or college,No,Yes
24/09/2026 19:19:03,16 to 18,London,,M14,Prefer not to say,"Free school meals for more pupils, and holiday food provision, Restored further education and adult skills funding, and lower tuition fees",,Education and curriculum for life,,"Equality, discrimination and racism",,2,5,0,3,2,4,3,6,3,4,6,5,10,7,7,6,10,4,5,9,8,9,8,7,10,9,9,5,8,8,10,7,7,10,5,8,"Equality, discrimination and racism, Jobs, apprenticeships and work experience",,Female,White,Yes,At university,No,Yes
24/09/2026 12:06:27,19 to 21,South East England,,TS1,No,Funded open-access youth clubs and youth workers in every area,,Mental health and wellbeing,Rent takes most of my wages and I still live with my parents.,Education and curriculum for life,Girls are still being taken out of education early in too many countries.,5,4,5,4,2,1,3,0,4,1,5,3,8,6,9,6,7,6,5,7,9,6,5,9,8,9,6,5,6,7,3,5,7,6,5,4,"Democracy and youth voice, Equality, discrimination and racism",Girls across the Commonwealth are still leaving education early. That should embarrass every leader in the room.,Female,Asian or Asian British,No,Working,Prefer not to say,Yes
24/09/2026 11:05:24,16 to 18,London,,BS8,No,"Education Maintenance Allowance (EMA) or an equivalent payment for 16–19 study, Funded open-access youth clubs and youth workers in every area, Restored further education and adult skills funding, and lower tuition fees",Proper funding for school counselling.,Housing and a place to live,,Climate and the environment,,2,5,3,4,1,7,0,3,3,7,2,7,8,4,10,10,9,9,7,7,10,8,6,6,7,6,10,4,9,10,3,10,4,9,5,3,"Mental health and wellbeing, Crime, safety and policing",,Female,Asian or Asian British,No,Apprenticeship or training,No,Yes
25/09/2026 10:29:41,16 to 18,South West England,,,No,"Arts, music and drama in the curriculum, and free or low-cost music tuition, Local libraries and community spaces with longer opening hours, Free or capped bus travel for under-25s",,Cost of living and financial security,There is nowhere to go in the evening since the youth centre closed.,"Jobs, apprenticeships and work experience",,7,3,4,6,2,7,4,4,6,10,1,8,10,10,10,7,10,8,8,7,10,10,8,7,10,8,10,7,10,7,10,5,8,6,4,10,"Cost of living and financial security, Digital life and online safety",,Prefer not to say,White,No,In school or college,No,Yes
23/09/2026 14:39:19,13 to 15,South West England,,,No,"Arts, music and drama in the curriculum, and free or low-cost music tuition, Funded open-access youth clubs and youth workers in every area, Free school meals for more pupils, and holiday food provision",Free swimming for under-18s.,Education and curriculum for life,People my age are scared on public transport and nobody talks about it.,Climate and the environment,,2,3,7,5,2,3,3,2,2,4,4,6,5,5,7,10,7,6,9,9,9,8,10,10,10,4,9,5,9,10,5,7,6,10,4,6,"Equality, discrimination and racism, Climate and the environment",Listen to young people from small island states before it is too late to listen to them at all.,Female,White,No,At university,No,Yes
24/09/2026 14:10:16,Over 25,North West England,,NE1,Yes,"Funded open-access youth clubs and youth workers in every area, Guaranteed work experience placements for every pupil",,Transport and getting around,,Mental health and wellbeing,,6,2,6,6,4,5,2,8,3,1,5,4,10,8,7,8,7,8,10,10,7,10,3,8,6,7,3,3,10,4,4,8,7,9,4,2,"Democracy and youth voice, Equality, discrimination and racism","Stop talking about young people as the future and start treating us as the present. We are already paying rent, already working, already voting in some of your countries.",Male,White,Prefer not to say,At university,Yes,Yes
25/09/2026 16:44:19,19 to 21,North West England,,M14,No,"Education Maintenance Allowance (EMA) or an equivalent payment for 16–19 study, Arts, music and drama in the curriculum, and free or low-cost music tuition, Funded open-access youth clubs and youth workers in every area",,Housing and a place to live,Rent takes most of my wages and I still live with my parents.,"Jobs, apprenticeships and work experience",,3,1,1,4,3,4,5,3,1,9,5,4,9,9,7,10,10,8,9,8,9,10,8,7,10,10,7,9,8,6,5,9,5,3,7,6,"Jobs, apprenticeships and work experience",,Non-binary,Prefer not to say,Yes,At university,No,Yes
24/09/2026 13:56:52,22 to 25,North East England,,,Prefer not to say,"Independent careers advice in every school (a Connexions style service), Guaranteed work experience placements for every pupil, Restored further education and adult skills funding, and lower tuition fees",Free school transport past the age of 16.,Climate and the environment,,"Jobs, apprenticeships and work experience",Girls are still being taken out of education early in too many countries.,,,,,,,,,8,10,,,,,,10,,7,,,,,,10,10,,,,,,,,7,6,8,,"Democracy and youth voice, Digital life and online safety","If the Commonwealth means anything, it should mean a young person in Fiji and a young person in Wales both get heard.",Male,White,No,Prefer not to say,No,Yes
23/09/2026 09:23:49,19 to 21,North West England,,BT9,No,"Arts, music and drama in the curriculum, and free or low-cost music tuition",Proper funding for school counselling.,Mental health and wellbeing,,Climate and the environment,Climate change is already displacing people my age in Pacific member states.,4,4,6,0,4,5,6,4,8,5,8,4,9,8,6,7,4,8,10,5,4,9,7,9,10,6,7,9,10,8,7,10,4,10,10,7,"Equality, discrimination and racism, Education and curriculum for life",Young carers and care-experienced young people are invisible in every policy document I have read.,Female,"Black, Black British, Caribbean or African",Yes,At university,No,Yes
25/09/2026 16:06:20,19 to 21,Northern Ireland,,,No,"Community sports facilities, playing fields and free swimming, Sure Start style family and early years centres",,Mental health and wellbeing,,Education and curriculum for life,,2,5,8,6,4,3,2,7,5,3,4,5,6,6,9,10,10,10,5,9,8,8,9,7,2,8,8,10,10,8,10,10,6,6,3,7,"Cost of living and financial security, Jobs, apprenticeships and work experience",,Female,White,Prefer not to say,At university,No,Yes
23/09/2026 11:53:11,22 to 25,North West England,,,No,"Independent careers advice in every school (a Connexions style service), A school nurse and a trained counsellor in every school, Restored further education and adult skills funding, and lower tuition fees",Proper funding for school counselling.,Cost of living and financial security,,Climate and the environment,,2,3,3,3,4,5,1,8,6,6,9,5,8,9,10,9,10,6,10,8,7,10,7,3,10,2,2,7,8,6,4,7,6,5,8,7,"Climate and the environment, Education and curriculum for life",Make the commitments measurable and publish who missed them.,Male,White,No,In school or college,No,Yes
23/09/2026 18:25:57,19 to 21,Scotland,,M14,No,"Education Maintenance Allowance (EMA) or an equivalent payment for 16–19 study, Arts, music and drama in the curriculum, and free or low-cost music tuition",Music lessons that are not only for people who can pay.,Housing and a place to live,"Waiting lists where I live are over a year, and people get worse while they wait.","Jobs, apprenticeships and work experience",Corruption means money meant for young people does not reach us.,2,0,7,3,4,3,3,0,7,6,5,6,10,10,10,10,4,3,8,10,10,3,7,10,6,6,8,8,10,7,7,8,6,6,4,5,"Digital life and online safety, Education and curriculum for life",,Female,Asian or Asian British,No,In school or college,Yes,Yes
24/09/2026 12:33:38,16 to 18,South East England,,TS1,Yes,"A school nurse and a trained counsellor in every school, Free or capped bus travel for under-25s",,Cost of living and financial security,The support exists on paper but nobody can actually access it.,Climate and the environment,,0,4,4,2,5,4,1,5,6,5,2,6,7,7,10,9,10,10,8,10,7,8,7,7,9,7,9,7,10,8,10,9,6,5,5,7,"Crime, safety and policing, Jobs, apprenticeships and work experience","Education across the Commonwealth should prepare us for the jobs that will exist, not the ones that did.",Female,Mixed or multiple ethnic groups,No,In school or college,No,Yes
25/09/2026 13:42:54,22 to 25,I live outside the UK,Bangladesh,,Yes,Independent careers advice in every school (a Connexions style service),Free swimming for under-18s.,"Jobs, apprenticeships and work experience",,"Jobs, apprenticeships and work experience",,3,7,6,4,8,3,1,4,7,3,4,7,10,6,10,10,7,5,10,10,6,7,8,10,9,5,5,7,10,10,7,5,5,8,7,9,Climate and the environment,,Female,White,Yes,Apprenticeship or training,No,Yes
25/09/2026 17:10:28,22 to 25,Northern Ireland,,,No,"Free school meals for more pupils, and holiday food provision, Restored further education and adult skills funding, and lower tuition fees",,Housing and a place to live,"Waiting lists where I live are over a year, and people get worse while they wait.",Democracy and youth voice,Girls are still being taken out of education early in too many countries.,0,1,3,2,4,5,6,2,6,5,1,7,9,8,8,10,9,6,8,8,10,8,8,8,10,6,5,10,8,7,10,7,5,4,6,3,"Crime, safety and policing, Housing and a place to live",,Female,Mixed or multiple ethnic groups,Prefer not to say,In school or college,No,Yes
24/09/2026 12:58:53,13 to 15,East Midlands,,G12,Yes,"Restored further education and adult skills funding, and lower tuition fees, Arts, music and drama in the curriculum, and free or low-cost music tuition","Youth centres open at weekends, not just weekdays.",Housing and a place to live,Everyone I know is choosing between transport to college and lunch.,Digital life and online safety,,6,3,8,3,6,0,7,3,8,3,4,6,8,4,5,10,4,7,5,7,9,8,6,8,10,8,5,6,8,6,10,6,5,8,4,8,"Jobs, apprenticeships and work experience, Climate and the environment","If you want us to trust institutions, give us something to trust. Fund youth services properly and keep them open.",Male,White,No,Working,No,Yes
26/09/2026 20:20:51,16 to 18,Yorkshire and the Humber,,,No,"Education Maintenance Allowance (EMA) or an equivalent payment for 16–19 study, Funded open-access youth clubs and youth workers in every area, Arts, music and drama in the curriculum, and free or low-cost music tuition","Youth centres open at weekends, not just weekdays.","Crime, safety and policing",,Climate and the environment,,3,5,3,0,2,7,1,4,5,6,4,5,9,8,10,6,10,5,7,9,10,5,10,10,10,5,5,8,6,8,3,8,9,4,5,9,"Jobs, apprenticeships and work experience, Youth services and safe places to go",,Female,White,Yes,In school or college,No,Yes
26/09/2026 14:53:42,13 to 15,London,,,Yes,"Local libraries and community spaces with longer opening hours, Free or capped bus travel for under-25s, Guaranteed work experience placements for every pupil",,Youth services and safe places to go,There is nowhere to go in the evening since the youth centre closed.,Climate and the environment,,3,1,3,7,5,5,0,4,5,8,4,2,9,9,10,8,8,9,9,3,10,10,6,8,5,8,7,6,6,9,7,7,7,5,5,8,"Jobs, apprenticeships and work experience",,Female,White,Prefer not to say,At university,Prefer not to say,Yes
25/09/2026 18:50:06,19 to 21,East of England,,B29,Yes,"Independent careers advice in every school (a Connexions style service), Funded open-access youth clubs and youth workers in every area, Guaranteed work experience placements for every pupil",,"Crime, safety and policing",My school had one careers adviser for eight hundred students.,Education and curriculum for life,,4,6,6,6,5,4,5,3,5,5,6,7,7,9,9,10,9,5,8,9,7,10,10,8,10,3,4,9,10,7,6,5,9,6,5,10,"Housing and a place to live, Equality, discrimination and racism",,Male,Asian or Asian British,No,Working,No,Yes
24/09/2026 17:42:40,22 to 25,South West England,,,Yes,"Restored further education and adult skills funding, and lower tuition fees, Local libraries and community spaces with longer opening hours, Funded open-access youth clubs and youth workers in every area",,Digital life and online safety,,Cost of living and financial security,,2,1,3,7,2,2,2,6,2,3,4,6,10,7,10,8,8,4,8,6,7,8,9,6,6,6,6,7,7,7,7,9,10,5,4,5,"Digital life and online safety, Equality, discrimination and racism",,Female,Asian or Asian British,No,"Not in education, employment or training",No,Yes
26/09/2026 18:54:59,13 to 15,South East England,,,Yes,"Guaranteed work experience placements for every pupil, Free school meals for more pupils, and holiday food provision, Arts, music and drama in the curriculum, and free or low-cost music tuition",Free swimming for under-18s.,Mental health and wellbeing,,Democracy and youth voice,Youth unemployment across the Commonwealth is the common thread in all of this.,1,2,5,4,1,5,7,2,3,5,8,3,9,5,10,8,9,10,8,9,10,6,7,5,10,10,10,5,10,7,6,8,8,3,9,5,"Equality, discrimination and racism, Mental health and wellbeing",,Non-binary,White,No,Prefer not to say,No,Yes
24/09/2026 17:36:17,19 to 21,Yorkshire and the Humber,,,Yes,"Education Maintenance Allowance (EMA) or an equivalent payment for 16–19 study, Funded open-access youth clubs and youth workers in every area",Free swimming for under-18s.,Housing and a place to live,,"Jobs, apprenticeships and work experience",,1,6,4,7,3,1,1,4,5,3,3,6,10,6,10,10,8,5,8,5,10,7,6,9,10,7,4,8,9,7,6,8,8,6,4,10,"Crime, safety and policing, Equality, discrimination and racism",,Male,White,No,In school or college,No,Yes
26/09/2026 14:04:41,22 to 25,South West England,,G12,No,"Free school meals for more pupils, and holiday food provision, Guaranteed work experience placements for every pupil, Arts, music and drama in the curriculum, and free or low-cost music tuition",Free school transport past the age of 16.,"Equality, discrimination and racism",,Climate and the environment,Corruption means money meant for young people does not reach us.,2,3,4,9,1,2,7,4,9,3,6,7,6,6,9,10,10,7,7,10,10,5,9,8,8,6,8,9,10,6,10,9,5,6,8,2,"Jobs, apprenticeships and work experience, Equality, discrimination and racism",,Female,Mixed or multiple ethnic groups,No,In school or college,No,Yes
25/09/2026 14:38:20,16 to 18,West Midlands,,,Yes,"Free or capped bus travel for under-25s, Free school meals for more pupils, and holiday food provision",,Housing and a place to live,,Education and curriculum for life,Girls are still being taken out of education early in too many countries.,3,1,1,4,5,1,4,4,7,4,7,5,8,7,10,10,5,8,8,6,8,6,4,4,10,8,6,7,10,7,9,10,8,6,7,8,"Climate and the environment, Jobs, apprenticeships and work experience","Talk to young people who are not already in youth parliaments. We are not the hard-to-reach ones, you are.",Non-binary,White,Prefer not to say,In school or college,No,Yes
26/09/2026 15:31:28,19 to 21,East of England,,,No,"Cheaper rail travel and a wider young persons railcard, Education Maintenance Allowance (EMA) or an equivalent payment for 16–19 study, Guaranteed work experience placements for every pupil",Cheaper driving lessons and tests for young people in rural areas.,Cost of living and financial security,"Waiting lists where I live are over a year, and people get worse while they wait.",Education and curriculum for life,,2,1,1,2,2,1,3,6,6,3,3,2,9,6,7,4,6,7,10,4,9,9,5,10,7,10,9,7,10,6,6,6,8,6,5,8,"Climate and the environment, Cost of living and financial security",,Male,White,Yes,In school or college,No,Yes
26/09/2026 11:57:42,22 to 25,South East England,,BS8,Yes,"Funded open-access youth clubs and youth workers in every area, A school nurse and a trained counsellor in every school, Independent careers advice in every school (a Connexions style service)",,Mental health and wellbeing,,Climate and the environment,"Young people in some member states cannot finish school because of cost, not ability.",8,5,3,2,3,1,4,6,3,3,2,5,10,6,9,10,8,8,5,10,10,10,8,9,8,6,9,10,8,10,9,9,5,6,7,4,"Cost of living and financial security, Equality, discrimination and racism",,Male,White,Prefer not to say,In school or college,No,Yes
25/09/2026 18:16:58,13 to 15,Scotland,,,No,"Free or capped bus travel for under-25s, Community sports facilities, playing fields and free swimming, Guaranteed work experience placements for every pupil",,"Jobs, apprenticeships and work experience",Rent takes most of my wages and I still live with my parents.,"Jobs, apprenticeships and work experience",,1,5,7,7,0,3,2,6,3,4,4,7,6,9,9,7,10,8,10,4,6,7,6,7,10,8,6,7,10,6,7,8,6,7,5,4,"Cost of living and financial security, Equality, discrimination and racism",,Female,White,Yes,At university,No,Yes
27/09/2026 09:51:21,19 to 21,London,,,No,"A school nurse and a trained counsellor in every school, Independent careers advice in every school (a Connexions style service), Free or capped bus travel for under-25s",,Education and curriculum for life,Apprenticeships near me pay so little that you need parents who can support you.,"Jobs, apprenticeships and work experience",Online access decides who gets opportunities and it is very unequal.,3,1,3,3,5,5,1,4,6,1,3,5,9,4,10,10,9,9,7,10,8,9,8,9,6,9,6,6,10,3,5,8,7,6,8,9,"Climate and the environment, Education and curriculum for life",Fund the youth workers. They are the only adults some of us actually trust.,Female,Prefer not to say,No,At university,No,Yes
27/09/2026 14:21:29,19 to 21,North East England,,B29,No,Independent careers advice in every school (a Connexions style service),,Transport and getting around,,Cost of living and financial security,There are not enough jobs for the number of graduates being produced.,5,5,2,5,2,4,0,2,4,6,4,6,9,9,5,8,3,7,6,4,8,9,5,8,10,4,6,10,10,5,5,9,6,7,6,5,"Climate and the environment, Education and curriculum for life",Give us votes at 16 and watch how quickly politics starts taking young people seriously.,Male,White,No,In school or college,No,Yes
25/09/2026 10:21:18,Over 25,London,,,Yes,A school nurse and a trained counsellor in every school,Cheaper driving lessons and tests for young people in rural areas.,"Jobs, apprenticeships and work experience",The support exists on paper but nobody can actually access it.,"Equality, discrimination and racism",,6,3,6,5,3,8,2,1,4,3,5,5,10,3,8,8,10,7,7,5,8,9,5,7,8,8,7,5,10,10,7,10,10,7,3,4,"Climate and the environment, Digital life and online safety",,Female,White,No,At university,No,Yes
27/09/2026 13:14:43,16 to 18,North West England,,M14,Prefer not to say,"Free or capped bus travel for under-25s, Arts, music and drama in the curriculum, and free or low-cost music tuition, Education Maintenance Allowance (EMA) or an equivalent payment for 16–19 study","Youth centres open at weekends, not just weekdays.",Cost of living and financial security,Apprenticeships near me pay so little that you need parents who can support you.,Education and curriculum for life,,4,3,7,3,5,3,0,7,3,4,3,7,8,7,10,8,8,7,10,9,5,8,9,6,6,8,7,10,5,7,9,7,7,6,8,7,"Equality, discrimination and racism, Cost of living and financial security",,Male,"Black, Black British, Caribbean or African",No,In school or college,No,Yes
25/09/2026 14:21:38,16 to 18,East Midlands,,,Yes,"Education Maintenance Allowance (EMA) or an equivalent payment for 16–19 study, Community sports facilities, playing fields and free swimming",Cheaper driving lessons and tests for young people in rural areas.,Youth services and safe places to go,,Cost of living and financial security,There are not enough jobs for the number of graduates being produced.,1,6,,,2,4,,,,3,,,,7,,,,6,,,,,,6,8,8,6,,7,6,,8,,7,7,,"Climate and the environment, Mental health and wellbeing",Commonwealth mobility should mean something. Let young people study and work across member states without impossible visa costs.,Female,White,No,"Not in education, employment or training",No,Yes
25/09/2026 20:58:29,19 to 21,South West England,,,No,"Sure Start style family and early years centres, Free or capped bus travel for under-25s, Arts, music and drama in the curriculum, and free or low-cost music tuition",,"Crime, safety and policing",,"Jobs, apprenticeships and work experience",Corruption means money meant for young people does not reach us.,0,2,4,3,0,5,2,4,8,5,0,4,10,8,9,10,9,8,10,10,10,8,10,8,6,7,5,3,9,5,6,10,3,4,7,7,"Cost of living and financial security, Education and curriculum for life",,Male,White,Prefer not to say,At university,No,Yes
27/09/2026 10:36:28,19 to 21,West Midlands,,M14,No,"Sure Start style family and early years centres, A school nurse and a trained counsellor in every school, Funded open-access youth clubs and youth workers in every area",Cheaper driving lessons and tests for young people in rural areas.,Housing and a place to live,,"Jobs, apprenticeships and work experience",,0,2,3,7,1,2,7,6,3,7,5,7,9,7,7,10,10,7,5,9,10,6,9,8,8,3,10,5,7,10,6,10,4,8,1,10,"Housing and a place to live, Education and curriculum for life",,Female,Asian or Asian British,No,Apprenticeship or training,No,Yes
27/09/2026 10:37:40,19 to 21,North West England,,LS6,No,"Free school meals for more pupils, and holiday food provision, Arts, music and drama in the curriculum, and free or low-cost music tuition",,Mental health and wellbeing,,Climate and the environment,Corruption means money meant for young people does not reach us.,4,1,5,4,6,3,3,7,4,4,5,5,9,9,9,9,8,7,7,9,8,9,5,6,9,5,4,5,10,6,4,8,4,7,7,7,"Jobs, apprenticeships and work experience, Climate and the environment",,Female,White,No,Apprenticeship or training,Prefer not to say,Yes
27/09/2026 12:04:42,13 to 15,London,,SW1A,No,"Independent careers advice in every school (a Connexions style service), Restored further education and adult skills funding, and lower tuition fees, Free school meals for more pupils, and holiday food provision",,"Jobs, apprenticeships and work experience",,Education and curriculum for life,Girls are still being taken out of education early in too many countries.,7,4,1,4,2,4,1,3,6,6,5,3,9,10,8,7,4,8,10,7,9,7,10,10,9,7,10,8,6,6,10,9,7,3,7,8,"Digital life and online safety, Education and curriculum for life",,Female,Asian or Asian British,No,In school or college,Prefer not to say,Yes
27/09/2026 15:10:38,19 to 21,London,,LS6,No,"A school nurse and a trained counsellor in every school, Community sports facilities, playing fields and free swimming",,Mental health and wellbeing,,Education and curriculum for life,,5,3,4,5,5,5,2,5,3,1,6,4,8,8,10,9,10,5,10,8,7,6,10,8,7,7,4,6,7,7,5,9,5,7,4,9,"Climate and the environment, Education and curriculum for life",,Female,White,Prefer not to say,Prefer not to say,No,Yes
27/09/2026 18:45:18,16 to 18,West Midlands,,,No,"Free school meals for more pupils, and holiday food provision, Independent careers advice in every school (a Connexions style service)",Music lessons that are not only for people who can pay.,Cost of living and financial security,People my age are scared on public transport and nobody talks about it.,Climate and the environment,There are not enough jobs for the number of graduates being produced.,4,0,10,5,2,6,4,5,3,5,5,10,10,9,10,5,10,4,7,10,10,7,7,10,6,5,6,7,7,4,7,10,8,7,4,3,"Youth services and safe places to go, Mental health and wellbeing",,Male,White,No,In school or college,No,Yes
28/09/2026 12:06:27,13 to 15,London,,TS1,No,"Arts, music and drama in the curriculum, and free or low-cost music tuition, Community sports facilities, playing fields and free swimming, A school nurse and a trained counsellor in every school",Free swimming for under-18s.,Cost of living and financial security,You cannot plan a future when you cannot afford anywhere to live.,Education and curriculum for life,Online access decides who gets opportunities and it is very unequal.,5,1,6,3,2,3,4,4,4,3,5,3,10,10,10,10,10,6,10,7,9,10,7,6,6,8,6,8,10,6,8,10,8,10,5,6,"Education and curriculum for life, Democracy and youth voice",,Male,White,Yes,In school or college,No,Yes
28/09/2026 14:58:01,16 to 18,North West England,,TS1,Prefer not to say,"Funded open-access youth clubs and youth workers in every area, A school nurse and a trained counsellor in every school, Arts, music and drama in the curriculum, and free or low-cost music tuition",,Cost of living and financial security,Apprenticeships near me pay so little that you need parents who can support you.,Cost of living and financial security,Youth unemployment across the Commonwealth is the common thread in all of this.,2,6,1,2,5,0,4,3,4,7,5,6,10,7,9,9,10,6,10,6,10,9,6,9,7,4,9,5,10,10,10,9,4,1,3,10,"Youth services and safe places to go, Crime, safety and policing",,Male,Prefer not to say,Prefer not to say,Working,No,Yes
28/09/2026 18:48:11,22 to 25,East of England,,,No,"Funded open-access youth clubs and youth workers in every area, Sure Start style family and early years centres, Education Maintenance Allowance (EMA) or an equivalent payment for 16–19 study",,Youth services and safe places to go,,"Equality, discrimination and racism",Girls are still being taken out of education early in too many countries.,2,4,2,5,2,7,5,9,4,4,5,5,7,9,8,9,10,5,7,10,7,9,5,10,10,9,8,5,6,9,10,10,7,8,8,8,"Jobs, apprenticeships and work experience, Cost of living and financial security",,Male,White,No,Working,No,Yes
28/09/2026 14:09:21,19 to 21,Scotland,,M14,No,"Free school meals for more pupils, and holiday food provision, A school nurse and a trained counsellor in every school, Cheaper rail travel and a wider young persons railcard",,Cost of living and financial security,Everyone I know is choosing between transport to college and lunch.,"Equality, discrimination and racism",,4,2,2,7,3,3,4,7,5,1,7,10,7,7,5,10,10,5,10,8,7,6,10,6,9,6,8,5,10,5,7,7,3,4,7,8,"Democracy and youth voice, Climate and the environment",,Female,White,No,Working,No,Yes
27/09/2026 09:11:55,13 to 15,East Midlands,,G12,Yes,"Sure Start style family and early years centres, Free school meals for more pupils, and holiday food provision",,Youth services and safe places to go,,"Jobs, apprenticeships and work experience",,6,0,6,2,6,5,0,5,4,4,2,9,8,10,10,10,6,3,7,5,6,8,6,8,6,7,4,8,6,7,7,10,6,6,6,7,"Jobs, apprenticeships and work experience",,Female,"Black, Black British, Caribbean or African",No,Working,No,Yes
28/09/2026 16:15:47,19 to 21,Yorkshire and the Humber,,BT9,No,"Free or capped bus travel for under-25s, Cheaper rail travel and a wider young persons railcard, Education Maintenance Allowance (EMA) or an equivalent payment for 16–19 study",,Education and curriculum for life,,Climate and the environment,There are not enough jobs for the number of graduates being produced.,2,8,7,6,2,4,6,6,3,6,7,5,10,8,9,7,10,10,8,10,4,5,8,9,8,4,5,9,9,9,5,6,8,1,4,5,"Transport and getting around, Mental health and wellbeing",,Male,White,No,At university,No,Yes
27/09/2026 09:54:53,16 to 18,West Midlands,,NG7,Yes,"A school nurse and a trained counsellor in every school, Funded national youth voice structures (a British Youth Council style body), Local libraries and community spaces with longer opening hours",,Cost of living and financial security,,Climate and the environment,,4,2,6,5,3,5,3,4,6,5,4,9,10,7,9,8,10,7,10,8,8,7,5,6,9,8,8,10,10,6,5,7,8,7,0,4,"Jobs, apprenticeships and work experience, Climate and the environment",,Male,White,No,At university,No,Yes
28/09/2026 18:11:40,13 to 15,Scotland,,L18,No,"Education Maintenance Allowance (EMA) or an equivalent payment for 16–19 study, A school nurse and a trained counsellor in every school, Independent careers advice in every school (a Connexions style service)",,"Jobs, apprenticeships and work experience",The support exists on paper but nobody can actually access it.,"Jobs, apprenticeships and work experience","Young people in some member states cannot finish school because of cost, not ability.",5,0,0,3,1,3,2,5,5,6,5,5,5,8,8,8,8,5,9,6,3,8,10,7,10,6,10,6,10,7,10,8,10,4,5,10,"Equality, discrimination and racism, Education and curriculum for life",,Male,Asian or Asian British,Yes,Working,No,Yes
27/09/2026 20:40:02,16 to 18,East of England,,LS6,Yes,"Community sports facilities, playing fields and free swimming, Education Maintenance Allowance (EMA) or an equivalent payment for 16–19 study",,"Jobs, apprenticeships and work experience",You cannot plan a future when you cannot afford anywhere to live.,"Jobs, apprenticeships and work experience",There are not enough jobs for the number of graduates being produced.,3,1,6,7,1,3,8,6,6,7,7,8,8,4,4,4,6,10,8,6,7,9,8,10,8,7,5,7,7,10,9,5,5,8,5,8,"Climate and the environment, Jobs, apprenticeships and work experience",You measure success in GDP. Measure it in whether an 18-year-old can see a future where they live.,Male,White,No,In school or college,No,Yes
29/09/2026 18:04:34,Over 25,Scotland,,,No,"Community sports facilities, playing fields and free swimming",,Cost of living and financial security,"Waiting lists where I live are over a year, and people get worse while they wait.",Climate and the environment,"Young people in some member states cannot finish school because of cost, not ability.",2,0,7,3,0,4,7,8,7,5,4,4,5,9,8,8,9,7,9,8,9,9,8,6,7,5,9,6,5,8,9,10,5,5,6,8,"Climate and the environment, Equality, discrimination and racism",,Female,White,No,In school or college,No,Yes
27/09/2026 10:38:23,19 to 21,South East England,,,No,"A school nurse and a trained counsellor in every school, Funded national youth voice structures (a British Youth Council style body), Funded open-access youth clubs and youth workers in every area",Free school transport past the age of 16.,Cost of living and financial security,,"Jobs, apprenticeships and work experience",,0,1,3,3,4,7,2,5,5,7,2,5,9,6,9,10,8,5,10,10,10,10,10,6,8,3,7,8,9,6,6,8,6,9,6,10,Education and curriculum for life,,Male,White,Prefer not to say,At university,No,Yes
29/09/2026 10:15:57,13 to 15,North East England,,LS6,No,"Free school meals for more pupils, and holiday food provision, Restored further education and adult skills funding, and lower tuition fees, Funded open-access youth clubs and youth workers in every area",,Housing and a place to live,,"Equality, discrimination and racism","Young people in some member states cannot finish school because of cost, not ability.",5,3,3,5,2,3,3,6,5,5,6,3,6,7,8,5,7,7,10,6,7,6,10,9,9,10,5,8,10,6,10,8,10,7,7,7,"Cost of living and financial security, Equality, discrimination and racism",,Female,"Black, Black British, Caribbean or African",No,Working,No,Yes
28/09/2026 19:13:38,16 to 18,North West England,,NG7,Prefer not to say,"Guaranteed work experience placements for every pupil, A school nurse and a trained counsellor in every school, Cheaper rail travel and a wider young persons railcard",,Cost of living and financial security,People my age are scared on public transport and nobody talks about it.,Democracy and youth voice,,6,0,5,2,2,1,6,6,4,9,7,5,10,9,8,9,10,7,10,9,6,9,7,8,8,5,6,8,7,4,8,6,6,10,2,8,"Mental health and wellbeing, Digital life and online safety",,Female,White,Yes,In school or college,No,Yes
29/09/2026 09:31:48,16 to 18,London,,,Yes,"A school nurse and a trained counsellor in every school, Free or capped bus travel for under-25s, Education Maintenance Allowance (EMA) or an equivalent payment for 16–19 study",Free swimming for under-18s.,Mental health and wellbeing,There is nowhere to go in the evening since the youth centre closed.,"Jobs, apprenticeships and work experience",,,,,,0,,4,,7,1,,9,,7,,,,7,10,,,,6,,7,,9,7,10,,,,,3,6,9,"Cost of living and financial security, Education and curriculum for life",Give us votes at 16 and watch how quickly politics starts taking young people seriously.,Female,"Black, Black British, Caribbean or African",No,"Not in education, employment or training",No,Yes
28/09/2026 12:16:49,22 to 25,West Midlands,,,Yes,"Guaranteed work experience placements for every pupil, Community sports facilities, playing fields and free swimming, Restored further education and adult skills funding, and lower tuition fees",,"Equality, discrimination and racism",,Democracy and youth voice,,5,4,5,6,3,0,2,4,6,3,7,7,8,9,10,7,10,6,7,7,9,8,7,9,8,4,7,8,8,9,8,4,7,5,3,8,"Education and curriculum for life, Jobs, apprenticeships and work experience","Apprenticeships that pay less than rent are not opportunities, they are a trap.",Female,White,No,At university,Prefer not to say,Yes
29/09/2026 11:48:41,13 to 15,Wales,,TS1,No,"Independent careers advice in every school (a Connexions style service), Education Maintenance Allowance (EMA) or an equivalent payment for 16–19 study, Free school meals for more pupils, and holiday food provision",Cheaper driving lessons and tests for young people in rural areas.,"Equality, discrimination and racism",The support exists on paper but nobody can actually access it.,Education and curriculum for life,There are not enough jobs for the number of graduates being produced.,3,6,3,3,2,3,2,4,8,3,0,3,8,9,8,5,10,10,10,7,6,5,7,3,9,6,10,6,10,7,6,10,6,4,4,7,"Cost of living and financial security, Jobs, apprenticeships and work experience",,Male,Asian or Asian British,No,At university,No,Yes
29/09/2026 13:26:54,19 to 21,Scotland,,,Prefer not to say,"Independent careers advice in every school (a Connexions style service), A school nurse and a trained counsellor in every school, Funded open-access youth clubs and youth workers in every area","Youth centres open at weekends, not just weekdays.","Jobs, apprenticeships and work experience",,Digital life and online safety,There are not enough jobs for the number of graduates being produced.,3,5,1,3,5,6,6,4,5,3,5,3,8,10,7,7,7,9,10,10,6,8,7,7,7,6,6,8,8,8,8,8,6,8,8,8,"Crime, safety and policing, Jobs, apprenticeships and work experience",,Female,White,No,In school or college,No,Yes
29/09/2026 16:00:36,13 to 15,Wales,,,No,"Independent careers advice in every school (a Connexions style service), Education Maintenance Allowance (EMA) or an equivalent payment for 16–19 study, Arts, music and drama in the curriculum, and free or low-cost music tuition",,Climate and the environment,Everything costs more and nothing about young people’s pay has changed.,Education and curriculum for life,,8,5,6,3,0,4,1,4,5,0,5,7,8,6,10,6,7,4,10,10,8,8,6,10,7,5,6,7,7,10,3,8,6,5,7,10,"Cost of living and financial security, Jobs, apprenticeships and work experience",Online harm is not a side issue. It is where we live most of our lives.,Female,White,No,In school or college,No,Yes
27/09/2026 20:07:10,16 to 18,Scotland,,,No,"Community sports facilities, playing fields and free swimming, Free or capped bus travel for under-25s, Funded national youth voice structures (a British Youth Council style body)",,Mental health and wellbeing,,Democracy and youth voice,,7,5,6,4,1,6,3,4,5,1,2,6,9,7,10,8,10,7,10,6,10,10,3,8,10,6,8,6,10,8,9,7,8,5,5,4,"Education and curriculum for life, Mental health and wellbeing",,Male,White,No,In school or college,No,Yes
27/09/2026 20:37:43,22 to 25,Yorkshire and the Humber,,TS1,No,"Education Maintenance Allowance (EMA) or an equivalent payment for 16–19 study, Independent careers advice in every school (a Connexions style service), Free or capped bus travel for under-25s",,Digital life and online safety,Everyone I know is choosing between transport to college and lunch.,Cost of living and financial security,,4,2,5,3,4,7,0,2,4,1,7,6,10,4,10,6,9,7,9,7,7,10,8,6,7,9,7,10,8,5,9,6,7,6,6,6,"Climate and the environment, Cost of living and financial security",,Non-binary,White,No,At university,No,Yes
28/09/2026 14:18:23,13 to 15,East of England,,,No,"Community sports facilities, playing fields and free swimming, Free or capped bus travel for under-25s",Free school transport past the age of 16.,Mental health and wellbeing,There is nowhere to go in the evening since the youth centre closed.,Cost of living and financial security,,3,0,8,1,2,1,4,7,8,6,5,3,8,8,9,8,6,6,10,5,6,8,7,6,9,6,7,6,5,5,5,8,7,6,6,7,"Jobs, apprenticeships and work experience, Mental health and wellbeing",,Male,Prefer not to say,Yes,Working,No,Yes
29/09/2026 15:37:04,13 to 15,London,,SW1A,Prefer not to say,"Local libraries and community spaces with longer opening hours, A school nurse and a trained counsellor in every school, Guaranteed work experience placements for every pupil",,Housing and a place to live,Everything costs more and nothing about young people’s pay has changed.,"Jobs, apprenticeships and work experience",,3,0,1,7,5,1,7,8,3,5,6,9,8,6,7,9,6,7,10,10,6,10,8,8,8,10,6,6,7,8,6,7,10,6,7,5,"Education and curriculum for life, Transport and getting around",,Male,White,Prefer not to say,In school or college,No,Yes
30/09/2026 18:08:51,16 to 18,I live outside the UK,Pakistan,,No,"A school nurse and a trained counsellor in every school, Arts, music and drama in the curriculum, and free or low-cost music tuition, Free or capped bus travel for under-25s",Free school transport past the age of 16.,"Jobs, apprenticeships and work experience",The support exists on paper but nobody can actually access it.,Education and curriculum for life,,6,0,5,6,3,6,4,10,5,8,9,6,9,7,9,6,8,8,10,7,4,6,9,6,10,4,6,5,8,4,10,10,4,8,4,8,"Climate and the environment, Education and curriculum for life",,Female,White,No,Apprenticeship or training,No,Yes
28/09/2026 16:09:07,13 to 15,South East England,,,No,"Free or capped bus travel for under-25s, Funded open-access youth clubs and youth workers in every area, A school nurse and a trained counsellor in every school",,Youth services and safe places to go,,"Equality, discrimination and racism",,3,2,1,4,2,3,1,6,3,5,3,7,8,9,9,5,10,6,8,5,7,3,4,5,10,6,4,7,7,9,6,4,8,10,7,7,"Jobs, apprenticeships and work experience, Cost of living and financial security",,Female,White,No,In school or college,No,Yes
29/09/2026 20:21:59,16 to 18,I live outside the UK,Trinidad and Tobago,,Yes,"Cheaper rail travel and a wider young persons railcard, Guaranteed work experience placements for every pupil, Education Maintenance Allowance (EMA) or an equivalent payment for 16–19 study",Free school transport past the age of 16.,Mental health and wellbeing,Everyone I know is choosing between transport to college and lunch.,Education and curriculum for life,Youth unemployment across the Commonwealth is the common thread in all of this.,0,1,2,3,5,4,3,2,4,2,0,4,9,7,10,10,7,6,10,6,8,8,6,4,5,6,6,5,5,7,5,10,6,5,5,5,"Cost of living and financial security, Housing and a place to live",,Male,Mixed or multiple ethnic groups,No,Working,No,Yes
29/09/2026 10:45:48,Under 13,West Midlands,,,Yes,"Education Maintenance Allowance (EMA) or an equivalent payment for 16–19 study, Funded open-access youth clubs and youth workers in every area, Community sports facilities, playing fields and free swimming",Cheaper driving lessons and tests for young people in rural areas.,Housing and a place to live,,"Jobs, apprenticeships and work experience",,4,5,8,4,4,2,3,5,5,6,7,3,9,6,5,5,10,4,9,7,9,10,7,4,7,10,7,7,8,7,10,6,5,8,5,4,"Cost of living and financial security, Jobs, apprenticeships and work experience","Climate adaptation money needs to reach communities, not consultants.",Female,White,No,In school or college,Yes,Yes
30/09/2026 13:53:11,Over 25,West Midlands,,L18,No,"Independent careers advice in every school (a Connexions style service), A school nurse and a trained counsellor in every school, Guaranteed work experience placements for every pupil",Free swimming for under-18s.,Education and curriculum for life,Everyone I know is choosing between transport to college and lunch.,"Crime, safety and policing",,,,,4,,,,8,,,4,6,10,7,7,,,7,7,9,10,7,8,,8,,7,7,7,8,,7,,,,,Mental health and wellbeing,Girls across the Commonwealth are still leaving education early. That should embarrass every leader in the room.,Male,White,No,At university,No,Yes
29/09/2026 09:37:23,19 to 21,South East England,,G12,No,"Arts, music and drama in the curriculum, and free or low-cost music tuition, Education Maintenance Allowance (EMA) or an equivalent payment for 16–19 study",Free school transport past the age of 16.,"Equality, discrimination and racism",,Climate and the environment,,,3,,2,,7,,,2,6,5,4,9,,,9,,5,8,,,,,,10,,,,10,,7,6,,,,,"Jobs, apprenticeships and work experience",,Female,"Black, Black British, Caribbean or African",No,In school or college,No,Yes
30/09/2026 15:39:28,19 to 21,I live outside the UK,Bangladesh,,Yes,"Funded open-access youth clubs and youth workers in every area, Sure Start style family and early years centres",,Mental health and wellbeing,Apprenticeships near me pay so little that you need parents who can support you.,Climate and the environment,,0,6,5,3,5,1,2,1,3,3,3,3,8,8,9,8,10,9,6,10,10,5,5,7,10,7,7,6,5,9,10,5,10,4,7,5,"Cost of living and financial security, Jobs, apprenticeships and work experience","Mental health support should not depend on which postcode you live in, or which country.",Male,White,No,In school or college,No,Yes
29/09/2026 11:35:31,16 to 18,Wales,,,Yes,"A school nurse and a trained counsellor in every school, Free or capped bus travel for under-25s, Restored further education and adult skills funding, and lower tuition fees","Youth centres open at weekends, not just weekdays.",Digital life and online safety,Everyone I know is choosing between transport to college and lunch.,Climate and the environment,,1,6,4,4,7,3,2,1,4,2,5,5,4,7,9,10,10,10,8,8,6,8,6,6,10,6,8,6,10,10,7,7,5,3,7,6,"Climate and the environment, Jobs, apprenticeships and work experience",,Female,White,Yes,Working,No,Yes
30/09/2026 09:01:34,22 to 25,South West England,,NG7,No,"Sure Start style family and early years centres, Free or capped bus travel for under-25s",Music lessons that are not only for people who can pay.,Transport and getting around,You cannot plan a future when you cannot afford anywhere to live.,Climate and the environment,Climate change is already displacing people my age in Pacific member states.,3,2,6,2,0,7,8,1,9,2,6,2,7,9,9,8,7,9,7,7,10,9,7,7,10,3,6,10,10,10,10,8,7,6,5,5,"Crime, safety and policing, Education and curriculum for life",Commonwealth mobility should mean something. Let young people study and work across member states without impossible visa costs.,Female,White,No,In school or college,No,Yes
28/09/2026 18:30:03,22 to 25,East of England,,S10,Yes,"Independent careers advice in every school (a Connexions style service), Funded national youth voice structures (a British Youth Council style body), Guaranteed work experience placements for every pupil","Youth centres open at weekends, not just weekdays.",Cost of living and financial security,"Waiting lists where I live are over a year, and people get worse while they wait.",Education and curriculum for life,,1,1,10,4,4,4,6,0,5,4,6,6,6,7,10,8,8,7,6,10,10,9,5,3,10,3,10,5,10,10,9,7,9,8,6,3,"Jobs, apprenticeships and work experience, Equality, discrimination and racism",The cost of getting to college is the reason people drop out. Fix transport and you fix attendance.,Female,Prefer not to say,Yes,In school or college,No,Yes
28/09/2026 16:35:52,16 to 18,West Midlands,,SW1A,Yes,Funded open-access youth clubs and youth workers in every area,,"Jobs, apprenticeships and work experience",Rent takes most of my wages and I still live with my parents.,Democracy and youth voice,Online access decides who gets opportunities and it is very unequal.,2,3,4,0,5,1,6,4,9,5,4,6,10,10,7,10,10,7,9,4,5,9,7,10,8,9,5,5,10,6,4,9,8,9,7,3,"Climate and the environment, Education and curriculum for life",,Prefer not to say,"Black, Black British, Caribbean or African",No,Apprenticeship or training,No,Yes
28/09/2026 16:27:26,16 to 18,West Midlands,,,No,"Guaranteed work experience placements for every pupil, Funded open-access youth clubs and youth workers in every area, A school nurse and a trained counsellor in every school",,Digital life and online safety,Everything costs more and nothing about young people’s pay has changed.,"Equality, discrimination and racism",,,,,,,6,3,,3,,,,,9,,9,,,,8,,,5,10,10,,,,10,,5,6,,5,,4,"Climate and the environment, Equality, discrimination and racism",,Female,White,No,Apprenticeship or training,No,Yes
28/09/2026 11:13:29,19 to 21,Yorkshire and the Humber,,EH8,Yes,Funded open-access youth clubs and youth workers in every area,,Mental health and wellbeing,You cannot plan a future when you cannot afford anywhere to live.,Climate and the environment,,5,3,8,7,1,2,3,7,2,5,10,6,4,10,8,9,7,8,6,5,10,10,6,7,10,9,4,9,10,8,6,5,8,4,10,5,"Climate and the environment, Education and curriculum for life",,Male,White,Prefer not to say,In school or college,Prefer not to say,Yes
30/09/2026 15:41:19,13 to 15,West Midlands,,,No,"Free or capped bus travel for under-25s, Community sports facilities, playing fields and free swimming, A school nurse and a trained counsellor in every school",,Mental health and wellbeing,Apprenticeships near me pay so little that you need parents who can support you.,Education and curriculum for life,,4,3,5,7,1,7,0,7,2,2,7,8,8,10,9,7,7,6,10,9,5,10,5,5,7,9,10,9,7,6,10,10,10,7,4,1,"Education and curriculum for life, Mental health and wellbeing","Stop talking about young people as the future and start treating us as the present. We are already paying rent, already working, already voting in some of your countries.",Male,Asian or Asian British,No,At university,No,Yes
30/09/2026 12:23:17,22 to 25,East Midlands,,,No,"Restored further education and adult skills funding, and lower tuition fees, Guaranteed work experience placements for every pupil, Funded open-access youth clubs and youth workers in every area",,"Equality, discrimination and racism",,Mental health and wellbeing,Youth unemployment across the Commonwealth is the common thread in all of this.,3,2,5,9,7,4,1,4,7,3,0,5,7,9,6,9,7,4,8,7,7,9,6,7,10,6,9,7,10,6,8,8,8,5,7,9,"Jobs, apprenticeships and work experience, Climate and the environment",,Prefer not to say,White,No,In school or college,No,Yes
01/10/2026 10:27:54,19 to 21,North East England,,M14,Yes,Free or capped bus travel for under-25s,,"Crime, safety and policing",Rent takes most of my wages and I still live with my parents.,"Crime, safety and policing",,3,0,4,5,4,2,0,6,5,6,6,10,10,10,8,10,9,5,10,9,10,9,8,9,8,7,8,10,8,5,7,10,7,5,9,6,"Jobs, apprenticeships and work experience","Put a young person in the room when the decision is being made, not in the photograph afterwards.",Female,White,No,At university,Prefer not to say,Yes
28/09/2026 10:31:50,19 to 21,North East England,,,No,"Independent careers advice in every school (a Connexions style service), Guaranteed work experience placements for every pupil, Education Maintenance Allowance (EMA) or an equivalent payment for 16–19 study",,Mental health and wellbeing,"Waiting lists where I live are over a year, and people get worse while they wait.","Equality, discrimination and racism",There are not enough jobs for the number of graduates being produced.,0,3,4,4,6,7,4,6,4,4,6,7,9,10,9,9,9,7,7,8,8,8,5,5,9,6,7,10,7,8,8,3,3,4,5,8,"Cost of living and financial security, Crime, safety and policing",,Female,White,No,Apprenticeship or training,No,Yes
30/09/2026 19:17:24,13 to 15,I live outside the UK,Canada,,Yes,"Sure Start style family and early years centres, Funded open-access youth clubs and youth workers in every area, Arts, music and drama in the curriculum, and free or low-cost music tuition",,"Crime, safety and policing",,Climate and the environment,Youth unemployment across the Commonwealth is the common thread in all of this.,2,5,5,3,3,1,3,3,7,5,3,2,9,10,4,9,7,3,7,8,3,8,5,10,10,9,9,10,10,4,10,7,8,5,5,5,"Crime, safety and policing, Cost of living and financial security","Education across the Commonwealth should prepare us for the jobs that will exist, not the ones that did.",Male,White,No,At university,No,Yes
30/09/2026 11:38:24,16 to 18,South West England,,B29,No,"Community sports facilities, playing fields and free swimming, Free school meals for more pupils, and holiday food provision, Guaranteed work experience placements for every pupil",Free school transport past the age of 16.,Cost of living and financial security,,"Equality, discrimination and racism",,8,0,4,5,4,5,5,6,9,6,2,5,8,9,9,7,6,6,10,7,8,9,7,6,6,6,5,7,6,8,9,8,10,5,9,8,"Climate and the environment, Housing and a place to live",Fund the youth workers. They are the only adults some of us actually trust.,Female,"Black, Black British, Caribbean or African",No,Working,No,Yes
01/10/2026 16:50:43,22 to 25,West Midlands,,PL4,Yes,"Sure Start style family and early years centres, Arts, music and drama in the curriculum, and free or low-cost music tuition, Cheaper rail travel and a wider young persons railcard",,Cost of living and financial security,There is nowhere to go in the evening since the youth centre closed.,Climate and the environment,,6,3,8,7,0,8,2,3,3,3,3,7,6,7,8,7,10,8,7,6,10,10,7,9,7,8,6,7,10,6,10,6,10,6,5,9,"Education and curriculum for life, Climate and the environment",,Female,"Black, Black British, Caribbean or African",No,"Not in education, employment or training",No,Yes
30/09/2026 18:58:56,13 to 15,Scotland,,,Yes,Funded open-access youth clubs and youth workers in every area,Cheaper driving lessons and tests for young people in rural areas.,Cost of living and financial security,,"Equality, discrimination and racism",Girls are still being taken out of education early in too many countries.,1,6,6,5,0,6,2,6,4,7,3,2,8,7,9,6,8,8,9,1,8,9,7,3,6,6,7,5,10,10,7,6,5,6,6,10,Climate and the environment,"Climate adaptation money needs to reach communities, not consultants.",Male,White,No,Working,No,Yes
30/09/2026 19:36:06,16 to 18,London,,NE1,No,"Local libraries and community spaces with longer opening hours, A school nurse and a trained counsellor in every school, Free or capped bus travel for under-25s",,Cost of living and financial security,,"Jobs, apprenticeships and work experience",,7,0,5,3,4,1,1,1,4,7,4,5,10,7,7,10,9,10,7,9,6,7,10,8,9,7,6,8,8,8,9,6,5,5,7,7,"Transport and getting around, Equality, discrimination and racism",,Female,Mixed or multiple ethnic groups,No,At university,No,Yes
30/09/2026 13:30:47,19 to 21,I live outside the UK,Samoa,,Yes,A school nurse and a trained counsellor in every school,"Youth centres open at weekends, not just weekdays.",Transport and getting around,Everyone I know is choosing between transport to college and lunch.,Democracy and youth voice,,4,3,,,2,0,6,,,,,,,,,,10,,,,10,,,,,,,,7,8,6,,10,,,,"Climate and the environment, Jobs, apprenticeships and work experience",Give us votes at 16 and watch how quickly politics starts taking young people seriously.,Female,White,No,In school or college,No,Yes
02/10/2026 12:58:45,16 to 18,South East England,,SW1A,Yes,"Funded open-access youth clubs and youth workers in every area, A school nurse and a trained counsellor in every school",Cheaper driving lessons and tests for young people in rural areas.,Youth services and safe places to go,,"Jobs, apprenticeships and work experience",,3,2,,,1,,8,,,,,,10,,9,,,7,10,9,8,,,,,,,8,10,6,,,,7,8,4,"Equality, discrimination and racism, Cost of living and financial security",,Prefer not to say,White,No,In school or college,No,Yes
30/09/2026 13:23:20,19 to 21,North West England,,,Prefer not to say,"Free or capped bus travel for under-25s, Education Maintenance Allowance (EMA) or an equivalent payment for 16–19 study, Independent careers advice in every school (a Connexions style service)",,Education and curriculum for life,,"Equality, discrimination and racism",,5,3,6,5,1,4,4,4,3,2,6,2,6,9,8,9,8,3,9,7,6,9,4,9,8,9,10,6,10,8,4,4,8,4,7,5,"Climate and the environment, Education and curriculum for life",Fund the youth workers. They are the only adults some of us actually trust.,Prefer not to say,White,No,"Not in education, employment or training",Prefer not to say,Yes
02/10/2026 14:47:46,16 to 18,North East England,,,No,"Free or capped bus travel for under-25s, Arts, music and drama in the curriculum, and free or low-cost music tuition",,Education and curriculum for life,,Climate and the environment,,2,4,6,4,3,3,6,7,3,4,3,2,5,7,4,6,6,9,7,9,10,10,9,9,10,8,6,6,10,5,8,9,4,2,6,7,"Jobs, apprenticeships and work experience, Mental health and wellbeing",Commonwealth mobility should mean something. Let young people study and work across member states without impossible visa costs.,Prefer not to say,White,No,Apprenticeship or training,No,Yes
02/10/2026 16:12:08,16 to 18,South West England,,,Yes,"Community sports facilities, playing fields and free swimming, Funded open-access youth clubs and youth workers in every area, Restored further education and adult skills funding, and lower tuition fees",Music lessons that are not only for people who can pay.,Education and curriculum for life,Rent takes most of my wages and I still live with my parents.,Climate and the environment,,6,2,1,2,2,4,3,4,6,8,6,6,5,8,7,9,9,6,10,6,7,3,5,6,6,3,6,8,10,10,10,7,10,4,4,8,"Equality, discrimination and racism",Every promise made about climate finance has a deadline that falls after you have all left office. Bring the deadlines forward.,Male,White,No,"Not in education, employment or training",No,Yes
02/10/2026 14:52:30,16 to 18,London,,BS8,Yes,"Sure Start style family and early years centres, Restored further education and adult skills funding, and lower tuition fees, A school nurse and a trained counsellor in every school",,Housing and a place to live,You cannot plan a future when you cannot afford anywhere to live.,Climate and the environment,Young people are excluded from decisions in almost every member state.,6,3,7,2,0,7,4,1,6,4,4,4,10,6,7,9,9,4,7,10,8,4,9,10,9,6,8,7,7,7,6,10,9,6,9,9,"Equality, discrimination and racism, Climate and the environment",,Female,White,Yes,In school or college,Yes,Yes
30/09/2026 09:59:35,16 to 18,South East England,,,Yes,"A school nurse and a trained counsellor in every school, Education Maintenance Allowance (EMA) or an equivalent payment for 16–19 study, Funded open-access youth clubs and youth workers in every area",Free swimming for under-18s.,"Jobs, apprenticeships and work experience",,"Jobs, apprenticeships and work experience",,2,2,4,2,2,5,1,2,3,2,2,3,8,8,10,10,6,10,7,9,8,6,6,7,8,7,10,4,10,7,7,10,5,6,7,7,"Jobs, apprenticeships and work experience, Mental health and wellbeing",,Male,"Black, Black British, Caribbean or African",Yes,In school or college,Prefer not to say,Yes
01/10/2026 14:14:37,13 to 15,South West England,,,No,"Funded national youth voice structures (a British Youth Council style body), Restored further education and adult skills funding, and lower tuition fees, Arts, music and drama in the curriculum, and free or low-cost music tuition",,Mental health and wellbeing,,"Jobs, apprenticeships and work experience",,0,4,8,6,1,0,6,5,5,4,0,5,10,8,10,9,10,8,10,8,6,10,8,5,7,10,10,6,8,5,10,10,7,7,4,5,"Equality, discrimination and racism",Listen to young people from small island states before it is too late to listen to them at all.,Female,White,No,Working,No,Yes
02/10/2026 14:37:31,16 to 18,London,,CF10,No,"Independent careers advice in every school (a Connexions style service), Free school meals for more pupils, and holiday food provision, Funded open-access youth clubs and youth workers in every area",,"Crime, safety and policing",,"Jobs, apprenticeships and work experience",,4,5,1,0,2,5,2,1,7,3,7,5,6,9,10,10,9,6,8,3,8,10,8,7,7,8,10,4,7,7,3,10,6,8,4,8,"Jobs, apprenticeships and work experience, Democracy and youth voice",Give us votes at 16 and watch how quickly politics starts taking young people seriously.,Female,White,No,At university,Prefer not to say,Yes
02/10/2026 20:18:06,13 to 15,Wales,,,No,"Funded open-access youth clubs and youth workers in every area, Restored further education and adult skills funding, and lower tuition fees, A school nurse and a trained counsellor in every school",,"Crime, safety and policing",My school had one careers adviser for eight hundred students.,"Jobs, apprenticeships and work experience",Youth unemployment across the Commonwealth is the common thread in all of this.,3,2,,,,4,,3,3,,,,8,7,,,10,,,,7,,7,5,10,,,6,9,,,10,6,7,4,,"Education and curriculum for life, Crime, safety and policing",,Male,Asian or Asian British,Prefer not to say,In school or college,No,Yes
01/10/2026 16:48:38,13 to 15,South East England,,,No,"Free or capped bus travel for under-25s, Funded open-access youth clubs and youth workers in every area, Arts, music and drama in the curriculum, and free or low-cost music tuition",Cheaper driving lessons and tests for young people in rural areas.,"Jobs, apprenticeships and work experience",There is nowhere to go in the evening since the youth centre closed.,"Jobs, apprenticeships and work experience",Online access decides who gets opportunities and it is very unequal.,1,4,5,3,1,0,3,7,4,7,7,8,9,7,7,9,10,6,10,7,7,10,7,10,7,5,6,8,10,7,5,9,6,7,6,8,"Cost of living and financial security, Jobs, apprenticeships and work experience",,Female,White,Yes,Apprenticeship or training,No,Yes
30/09/2026 09:35:33,13 to 15,South East England,,S10,No,"Cheaper rail travel and a wider young persons railcard, Restored further education and adult skills funding, and lower tuition fees, Community sports facilities, playing fields and free swimming",,Cost of living and financial security,My school had one careers adviser for eight hundred students.,Cost of living and financial security,,5,2,4,7,4,1,0,6,4,6,3,2,10,9,8,8,7,4,10,9,10,8,8,3,8,7,9,8,10,5,6,10,8,6,7,8,"Cost of living and financial security, Democracy and youth voice",,Male,"Black, Black British, Caribbean or African",No,Apprenticeship or training,No,Yes
02/10/2026 14:13:37,16 to 18,South East England,,,No,"A school nurse and a trained counsellor in every school, Free or capped bus travel for under-25s, Free school meals for more pupils, and holiday food provision",Cheaper driving lessons and tests for young people in rural areas.,Youth services and safe places to go,,Cost of living and financial security,"Young people in some member states cannot finish school because of cost, not ability.",4,4,6,5,3,1,5,5,7,2,6,10,10,6,6,8,9,10,10,9,8,7,6,5,10,7,10,8,9,5,10,10,7,4,5,5,"Jobs, apprenticeships and work experience, Education and curriculum for life",Make the commitments measurable and publish who missed them.,Female,"Black, Black British, Caribbean or African",No,At university,No,Yes
02/10/2026 12:19:02,22 to 25,North West England,,BS8,No,"Local libraries and community spaces with longer opening hours, Free or capped bus travel for under-25s, Sure Start style family and early years centres",,Mental health and wellbeing,,"Equality, discrimination and racism",,4,3,3,3,2,4,0,5,3,4,4,6,9,7,6,7,6,5,10,5,9,10,10,10,10,9,5,9,6,7,6,8,7,5,10,9,"Mental health and wellbeing, Cost of living and financial security",Online harm is not a side issue. It is where we live most of our lives.,Female,Other ethnic group,Prefer not to say,Apprenticeship or training,No,Yes
01/10/2026 12:25:06,19 to 21,South East England,,,Prefer not to say,"Funded open-access youth clubs and youth workers in every area, Free or capped bus travel for under-25s, Funded national youth voice structures (a British Youth Council style body)",Cheaper driving lessons and tests for young people in rural areas.,"Jobs, apprenticeships and work experience",,Cost of living and financial security,,1,4,4,7,4,1,1,0,9,5,3,8,8,9,10,10,10,4,10,8,7,7,8,8,9,6,5,8,9,8,6,10,8,5,8,1,"Housing and a place to live, Cost of living and financial security",,Female,Asian or Asian British,No,In school or college,Prefer not to say,Yes
02/10/2026 14:03:56,16 to 18,East of England,,,Yes,"A school nurse and a trained counsellor in every school, Free or capped bus travel for under-25s, Arts, music and drama in the curriculum, and free or low-cost music tuition","Youth centres open at weekends, not just weekdays.",Cost of living and financial security,People my age are scared on public transport and nobody talks about it.,"Crime, safety and policing",,2,1,4,7,2,4,4,1,6,6,1,6,8,5,8,10,8,7,10,10,8,10,9,5,7,6,10,5,7,6,8,8,4,10,4,9,"Equality, discrimination and racism, Cost of living and financial security",,Female,White,Yes,At university,No,Yes
01/10/2026 19:26:56,Over 25,North West England,,BS8,Yes,"Free school meals for more pupils, and holiday food provision, Independent careers advice in every school (a Connexions style service)",Cheaper driving lessons and tests for young people in rural areas.,Housing and a place to live,,Democracy and youth voice,,3,2,3,4,3,6,3,5,4,6,6,1,10,8,9,8,6,8,4,10,6,8,8,6,7,3,7,10,10,5,9,6,10,5,5,8,"Climate and the environment, Jobs, apprenticeships and work experience",Bring back the things that were cut before you announce anything new.,Female,White,No,At university,No,Yes
01/10/2026 11:18:40,13 to 15,Scotland,,B29,No,"A school nurse and a trained counsellor in every school, Community sports facilities, playing fields and free swimming, Arts, music and drama in the curriculum, and free or low-cost music tuition",,"Crime, safety and policing",,"Equality, discrimination and racism",,2,4,6,3,3,3,0,7,4,2,4,6,10,7,10,4,10,9,7,8,8,8,4,10,9,6,10,3,8,10,8,5,4,7,8,8,"Crime, safety and policing, Jobs, apprenticeships and work experience",,Female,Mixed or multiple ethnic groups,Prefer not to say,Working,No,Yes
03/10/2026 14:16:12,19 to 21,London,,S10,Yes,"Funded open-access youth clubs and youth workers in every area, Arts, music and drama in the curriculum, and free or low-cost music tuition, Community sports facilities, playing fields and free swimming",,Youth services and safe places to go,Apprenticeships near me pay so little that you need parents who can support you.,Housing and a place to live,,0,5,4,2,3,4,5,6,3,4,6,4,10,4,5,10,8,8,10,6,7,9,10,7,10,7,9,10,8,6,6,7,7,6,5,7,"Cost of living and financial security, Climate and the environment",,Female,White,No,At university,No,Yes
02/10/2026 20:10:13,19 to 21,Yorkshire and the Humber,,,Yes,"Arts, music and drama in the curriculum, and free or low-cost music tuition, Education Maintenance Allowance (EMA) or an equivalent payment for 16–19 study, Guaranteed work experience placements for every pupil",,"Jobs, apprenticeships and work experience",,"Jobs, apprenticeships and work experience",,2,3,7,7,4,3,6,7,8,6,5,9,10,7,10,6,10,6,6,6,6,10,8,9,7,8,4,10,9,8,7,8,5,10,5,9,"Cost of living and financial security, Crime, safety and policing",We are tired of consultations that go nowhere. Publish what you did with this one.,Male,Asian or Asian British,No,In school or college,No,Yes
03/10/2026 12:31:13,16 to 18,London,,SW1A,Yes,"Free or capped bus travel for under-25s, Independent careers advice in every school (a Connexions style service), Arts, music and drama in the curriculum, and free or low-cost music tuition",,Mental health and wellbeing,Everyone I know is choosing between transport to college and lunch.,Cost of living and financial security,There are not enough jobs for the number of graduates being produced.,7,3,4,4,3,6,4,6,5,5,6,3,10,9,5,6,10,1,9,10,5,8,7,6,10,6,7,9,8,8,10,10,3,5,7,3,"Climate and the environment, Democracy and youth voice",,Female,White,No,Working,No,Yes
03/10/2026 18:12:41,13 to 15,Yorkshire and the Humber,,,Yes,"Funded open-access youth clubs and youth workers in every area, A school nurse and a trained counsellor in every school, Arts, music and drama in the curriculum, and free or low-cost music tuition",,Cost of living and financial security,There is nowhere to go in the evening since the youth centre closed.,Education and curriculum for life,,2,5,4,1,1,1,4,4,3,2,3,4,6,8,8,8,8,9,7,10,7,7,6,6,10,10,6,8,9,9,10,8,5,8,9,4,"Climate and the environment, Mental health and wellbeing",,Non-binary,White,Prefer not to say,In school or college,No,Yes
03/10/2026 09:17:38,16 to 18,East Midlands,,G12,Yes,"Education Maintenance Allowance (EMA) or an equivalent payment for 16–19 study, Guaranteed work experience placements for every pupil, Free school meals for more pupils, and holiday food provision",,Mental health and wellbeing,"Waiting lists where I live are over a year, and people get worse while they wait.",Climate and the environment,,4,2,8,6,4,4,2,4,4,1,9,5,9,4,10,7,10,9,5,8,5,9,4,5,8,2,10,7,9,10,5,9,5,7,5,6,"Cost of living and financial security, Equality, discrimination and racism",,Male,White,No,In school or college,Yes,Yes
03/10/2026 17:36:50,16 to 18,London,,TS1,Yes,"Free school meals for more pupils, and holiday food provision, Arts, music and drama in the curriculum, and free or low-cost music tuition",Free swimming for under-18s.,"Jobs, apprenticeships and work experience",People my age are scared on public transport and nobody talks about it.,Education and curriculum for life,There are not enough jobs for the number of graduates being produced.,4,3,6,6,0,5,6,5,5,2,7,6,8,7,8,9,9,8,10,8,8,8,6,8,9,10,9,8,8,9,5,8,10,5,6,6,"Mental health and wellbeing, Education and curriculum for life",Make the commitments measurable and publish who missed them.,Female,White,No,Apprenticeship or training,No,Yes
04/10/2026 14:03:16,Under 13,South West England,,NG7,No,"Arts, music and drama in the curriculum, and free or low-cost music tuition, Community sports facilities, playing fields and free swimming, A school nurse and a trained counsellor in every school",,Housing and a place to live,Rent takes most of my wages and I still live with my parents.,"Equality, discrimination and racism",Girls are still being taken out of education early in too many countries.,6,1,4,6,0,3,1,6,0,1,5,6,7,10,7,6,9,3,8,7,10,9,8,7,4,8,8,6,10,8,3,9,8,5,5,6,"Crime, safety and policing, Equality, discrimination and racism","Mental health support should not depend on which postcode you live in, or which country.",Female,White,No,At university,No,Yes
03/10/2026 15:21:39,22 to 25,Yorkshire and the Humber,,CV1,Yes,"Restored further education and adult skills funding, and lower tuition fees, Education Maintenance Allowance (EMA) or an equivalent payment for 16–19 study, Free or capped bus travel for under-25s",,"Equality, discrimination and racism",There is nowhere to go in the evening since the youth centre closed.,"Jobs, apprenticeships and work experience",,6,3,3,5,2,0,3,3,5,1,4,4,6,8,8,8,10,10,10,5,8,5,7,8,9,10,8,7,9,7,6,10,10,4,8,7,"Climate and the environment, Cost of living and financial security",,Female,White,No,At university,No,Yes
02/10/2026 09:47:07,Over 25,Scotland,,,Yes,Free or capped bus travel for under-25s,,Housing and a place to live,"Waiting lists where I live are over a year, and people get worse while they wait.","Equality, discrimination and racism",,4,2,3,6,1,4,2,5,4,3,3,6,8,7,8,10,9,10,9,4,5,9,10,3,10,5,9,4,7,6,7,9,6,6,5,8,"Youth services and safe places to go, Climate and the environment","Mental health support should not depend on which postcode you live in, or which country.",Female,Asian or Asian British,No,Working,No,Yes
04/10/2026 17:07:42,13 to 15,North West England,,NE1,No,"Free or capped bus travel for under-25s, Funded open-access youth clubs and youth workers in every area, Restored further education and adult skills funding, and lower tuition fees",,Youth services and safe places to go,My school had one careers adviser for eight hundred students.,Climate and the environment,,4,2,2,5,3,3,6,6,5,5,4,8,8,8,8,8,7,8,10,10,7,9,6,8,7,10,6,5,6,4,3,7,8,5,1,9,"Jobs, apprenticeships and work experience, Education and curriculum for life",,Male,White,Yes,In school or college,No,Yes
01/10/2026 17:31:42,22 to 25,South West England,,B29,No,"Free or capped bus travel for under-25s, Education Maintenance Allowance (EMA) or an equivalent payment for 16–19 study",Music lessons that are not only for people who can pay.,"Jobs, apprenticeships and work experience",,Housing and a place to live,Climate change is already displacing people my age in Pacific member states.,2,3,4,4,6,4,0,4,6,2,5,3,10,9,10,9,10,6,10,8,10,5,6,6,10,7,10,4,6,10,10,9,8,9,7,5,"Climate and the environment, Crime, safety and policing","Talk to young people who are not already in youth parliaments. We are not the hard-to-reach ones, you are.",Male,White,No,Working,No,Yes
03/10/2026 14:36:58,13 to 15,South West England,,SW1A,Yes,"Sure Start style family and early years centres, A school nurse and a trained counsellor in every school, Cheaper rail travel and a wider young persons railcard",Free school transport past the age of 16.,Education and curriculum for life,People my age are scared on public transport and nobody talks about it.,"Jobs, apprenticeships and work experience",Corruption means money meant for young people does not reach us.,1,0,5,6,4,3,6,4,7,8,5,6,10,7,5,9,10,7,7,10,8,7,10,5,6,9,10,10,3,7,9,4,7,6,7,6,"Youth services and safe places to go, Education and curriculum for life",,Female,Asian or Asian British,No,Apprenticeship or training,Yes,Yes
03/10/2026 16:32:11,16 to 18,North East England,,M14,Yes,"Free or capped bus travel for under-25s, Restored further education and adult skills funding, and lower tuition fees, Independent careers advice in every school (a Connexions style service)",Free swimming for under-18s.,Mental health and wellbeing,Everything costs more and nothing about young people’s pay has changed.,Education and curriculum for life,Young people are excluded from decisions in almost every member state.,5,0,4,5,5,0,4,5,7,0,4,7,10,9,10,9,8,8,7,9,8,7,6,10,10,6,6,5,7,9,8,5,5,7,3,5,"Cost of living and financial security, Crime, safety and policing",,Prefer not to say,White,No,At university,No,Yes
03/10/2026 20:23:54,22 to 25,London,,,Yes,"Funded open-access youth clubs and youth workers in every area, Arts, music and drama in the curriculum, and free or low-cost music tuition",Free swimming for under-18s.,"Jobs, apprenticeships and work experience",,Education and curriculum for life,,4,5,3,4,5,4,4,4,9,7,3,5,5,9,7,6,6,5,7,6,9,9,9,9,7,6,5,10,6,9,9,10,9,4,10,10,"Jobs, apprenticeships and work experience",Commonwealth mobility should mean something. Let young people study and work across member states without impossible visa costs.,Male,White,No,In school or college,No,Yes
04/10/2026 09:32:51,13 to 15,Yorkshire and the Humber,,,Yes,A school nurse and a trained counsellor in every school,Free school transport past the age of 16.,Mental health and wellbeing,My school had one careers adviser for eight hundred students.,Mental health and wellbeing,,4,2,6,6,3,5,4,5,7,6,4,8,10,6,7,8,10,7,10,5,7,9,6,4,7,8,9,6,10,7,8,8,9,3,6,7,"Jobs, apprenticeships and work experience, Cost of living and financial security","If you want us to trust institutions, give us something to trust. Fund youth services properly and keep them open.",Female,White,No,At university,No,Yes
04/10/2026 18:40:58,19 to 21,Wales,,NE1,No,"Funded open-access youth clubs and youth workers in every area, Guaranteed work experience placements for every pupil, A school nurse and a trained counsellor in every school",,Mental health and wellbeing,People my age are scared on public transport and nobody talks about it.,Youth services and safe places to go,,,4,8,0,2,,,,,6,,,10,,,,,6,7,,,,,,,,3,,,9,10,,6,8,,,"Jobs, apprenticeships and work experience, Education and curriculum for life",Give us votes at 16 and watch how quickly politics starts taking young people seriously.,Male,White,No,"Not in education, employment or training",No,Yes
04/10/2026 14:17:53,19 to 21,South West England,,CF10,Yes,"Funded open-access youth clubs and youth workers in every area, Independent careers advice in every school (a Connexions style service)",Free school transport past the age of 16.,Mental health and wellbeing,My school had one careers adviser for eight hundred students.,Climate and the environment,,7,5,7,7,5,3,7,6,4,3,5,7,9,8,8,10,10,10,7,10,7,8,5,7,7,8,6,7,8,7,8,8,9,8,7,6,"Crime, safety and policing",,Female,White,No,In school or college,No,Yes
05/10/2026 16:12:03,16 to 18,East of England,,CF10,No,"Community sports facilities, playing fields and free swimming, Education Maintenance Allowance (EMA) or an equivalent payment for 16–19 study, Funded open-access youth clubs and youth workers in every area",,"Jobs, apprenticeships and work experience","Waiting lists where I live are over a year, and people get worse while they wait.",Mental health and wellbeing,,2,2,7,3,4,3,0,4,5,6,8,6,8,9,7,6,7,7,10,10,9,6,5,8,7,8,6,6,9,9,10,8,6,10,5,9,"Jobs, apprenticeships and work experience, Climate and the environment",,Male,White,No,In school or college,No,Yes
05/10/2026 17:12:03,13 to 15,Northern Ireland,,,Prefer not to say,"Arts, music and drama in the curriculum, and free or low-cost music tuition, A school nurse and a trained counsellor in every school, Guaranteed work experience placements for every pupil",,Education and curriculum for life,,Climate and the environment,,1,3,3,7,2,2,6,7,5,3,2,3,8,10,8,10,10,9,6,6,9,7,4,10,5,10,4,8,9,6,4,9,8,7,7,5,"Climate and the environment, Equality, discrimination and racism",,Male,White,Yes,In school or college,No,Yes
02/10/2026 10:55:34,19 to 21,East of England,,LS6,Prefer not to say,"Arts, music and drama in the curriculum, and free or low-cost music tuition, Cheaper rail travel and a wider young persons railcard, Education Maintenance Allowance (EMA) or an equivalent payment for 16–19 study",Music lessons that are not only for people who can pay.,Youth services and safe places to go,,Climate and the environment,,8,3,5,3,2,4,3,4,7,4,6,6,10,8,4,6,8,6,9,8,7,9,3,7,9,6,10,8,9,3,8,8,7,6,5,7,"Climate and the environment, Equality, discrimination and racism",Racism is still shaping who gets opportunities in every country here. Say so out loud.,Female,White,Prefer not to say,In school or college,No,Yes
02/10/2026 12:09:19,19 to 21,North East England,,M14,No,Free or capped bus travel for under-25s,,Transport and getting around,People my age are scared on public transport and nobody talks about it.,Climate and the environment,,7,6,3,6,5,0,2,4,4,2,8,6,10,6,6,10,9,8,9,7,10,5,3,6,5,6,5,10,10,6,10,6,6,7,6,5,"Equality, discrimination and racism, Jobs, apprenticeships and work experience",Listen to young people from small island states before it is too late to listen to them at all.,Male,White,Prefer not to say,In school or college,No,Yes
04/10/2026 18:09:41,22 to 25,I live outside the UK,Fiji,,Yes,"Funded open-access youth clubs and youth workers in every area, Free or capped bus travel for under-25s, Community sports facilities, playing fields and free swimming",,Cost of living and financial security,,"Jobs, apprenticeships and work experience",,3,0,5,8,0,8,6,3,8,8,2,7,10,8,8,3,7,6,6,8,7,8,4,7,9,5,8,4,10,8,10,8,4,10,9,8,"Education and curriculum for life, Climate and the environment",Give us votes at 16 and watch how quickly politics starts taking young people seriously.,Female,White,No,In school or college,No,Yes
04/10/2026 14:32:52,19 to 21,West Midlands,,S10,No,"Sure Start style family and early years centres, Independent careers advice in every school (a Connexions style service)",,Mental health and wellbeing,,"Crime, safety and policing",,,5,,,4,8,,,,7,4,,7,,,,10,,,,8,,,8,,7,,,,,,7,8,,4,7,"Climate and the environment, Jobs, apprenticeships and work experience",,Female,White,No,Working,No,Yes
04/10/2026 20:10:33,Over 25,Wales,,TS1,Prefer not to say,"Guaranteed work experience placements for every pupil, Free or capped bus travel for under-25s",,Youth services and safe places to go,,"Crime, safety and policing",,3,2,5,4,5,1,4,5,4,1,3,2,9,4,8,8,8,4,6,9,6,9,7,7,6,7,7,6,8,10,8,3,6,5,3,9,"Cost of living and financial security, Education and curriculum for life","If the Commonwealth means anything, it should mean a young person in Fiji and a young person in Wales both get heard.",Female,White,No,In school or college,Yes,Yes
05/10/2026 10:22:11,13 to 15,Yorkshire and the Humber,,,No,Free or capped bus travel for under-25s,,Housing and a place to live,,"Jobs, apprenticeships and work experience",,2,,5,,,,,,,3,,,,7,9,,,6,,,10,6,,,10,,,,9,,5,,4,,8,7,"Education and curriculum for life, Climate and the environment",,Male,Prefer not to say,No,At university,No,Yes
05/10/2026 10:26:18,13 to 15,South East England,,BT9,No,"Guaranteed work experience placements for every pupil, Community sports facilities, playing fields and free swimming, Funded open-access youth clubs and youth workers in every area",,Cost of living and financial security,Everyone I know is choosing between transport to college and lunch.,Climate and the environment,Youth unemployment across the Commonwealth is the common thread in all of this.,10,1,6,4,0,5,7,4,3,2,6,10,10,8,10,10,7,6,10,10,6,8,7,6,10,5,6,9,10,5,8,7,3,3,3,9,"Education and curriculum for life, Equality, discrimination and racism","If you want us to trust institutions, give us something to trust. Fund youth services properly and keep them open.",Male,White,Yes,In school or college,No,Yes
05/10/2026 10:58:03,16 to 18,South East England,,CV1,Yes,"Independent careers advice in every school (a Connexions style service), Guaranteed work experience placements for every pupil",,Education and curriculum for life,,Housing and a place to live,,1,8,7,6,0,3,4,6,6,4,1,2,9,8,8,10,7,9,9,7,10,7,5,5,7,3,10,5,10,7,5,4,6,7,6,7,"Climate and the environment, Jobs, apprenticeships and work experience",Listen to young people from small island states before it is too late to listen to them at all.,Male,White,No,Working,Prefer not to say,Yes
05/10/2026 17:58:36,16 to 18,London,,,Yes,"Arts, music and drama in the curriculum, and free or low-cost music tuition, Education Maintenance Allowance (EMA) or an equivalent payment for 16–19 study",Proper funding for school counselling.,Cost of living and financial security,,"Jobs, apprenticeships and work experience",,6,6,6,2,5,0,5,7,2,2,4,4,10,8,8,5,10,7,3,8,8,8,5,9,9,5,7,6,9,8,8,8,6,7,8,4,"Education and curriculum for life, Jobs, apprenticeships and work experience",,Male,Mixed or multiple ethnic groups,No,At university,No,Yes
04/10/2026 16:33:00,13 to 15,London,,CF10,No,"A school nurse and a trained counsellor in every school, Education Maintenance Allowance (EMA) or an equivalent payment for 16–19 study, Free school meals for more pupils, and holiday food provision",,"Jobs, apprenticeships and work experience",Everyone I know is choosing between transport to college and lunch.,Climate and the environment,,3,3,4,3,5,7,6,7,10,3,3,6,7,10,6,6,6,7,10,7,7,9,9,10,8,8,9,8,9,8,9,6,8,0,9,3,"Climate and the environment, Crime, safety and policing",,Female,White,No,At university,No,Yes
04/10/2026 17:44:46,13 to 15,East Midlands,,G12,No,"Local libraries and community spaces with longer opening hours, Restored further education and adult skills funding, and lower tuition fees",,Digital life and online safety,Everyone I know is choosing between transport to college and lunch.,Climate and the environment,Young people are excluded from decisions in almost every member state.,5,5,1,1,2,2,5,0,8,5,6,5,8,7,10,6,4,10,8,8,8,10,4,10,7,10,8,6,8,7,6,10,9,3,10,6,"Equality, discrimination and racism, Cost of living and financial security",,Female,White,No,In school or college,No,Yes
05/10/2026 18:09:51,22 to 25,East Midlands,,LS6,No,"Community sports facilities, playing fields and free swimming, Funded open-access youth clubs and youth workers in every area, Education Maintenance Allowance (EMA) or an equivalent payment for 16–19 study","Youth centres open at weekends, not just weekdays.",Youth services and safe places to go,Rent takes most of my wages and I still live with my parents.,"Equality, discrimination and racism",,0,4,2,4,0,7,5,9,3,3,5,7,9,8,10,9,7,5,10,5,9,6,5,4,10,8,10,8,7,4,4,5,7,9,3,7,"Democracy and youth voice, Cost of living and financial security",,Female,Mixed or multiple ethnic groups,No,In school or college,No,Yes
06/10/2026 11:57:09,19 to 21,East Midlands,,,Yes,Funded national youth voice structures (a British Youth Council style body),Free swimming for under-18s.,Transport and getting around,People my age are scared on public transport and nobody talks about it.,Climate and the environment,,3,5,3,6,5,2,4,5,4,3,6,4,9,5,8,8,7,7,10,5,8,6,8,10,8,3,6,8,7,5,9,6,9,8,5,0,"Equality, discrimination and racism, Digital life and online safety",,Female,White,No,At university,No,Yes
05/10/2026 14:42:55,19 to 21,East of England,,B29,No,"Local libraries and community spaces with longer opening hours, Guaranteed work experience placements for every pupil, Restored further education and adult skills funding, and lower tuition fees","Youth centres open at weekends, not just weekdays.",Education and curriculum for life,,Mental health and wellbeing,,3,0,5,5,4,1,2,6,2,3,7,7,10,9,6,10,10,8,10,9,7,9,9,9,10,9,5,7,9,5,8,6,9,6,6,7,"Jobs, apprenticeships and work experience, Mental health and wellbeing",You measure success in GDP. Measure it in whether an 18-year-old can see a future where they live.,Male,White,No,Working,No,Yes
06/10/2026 18:14:27,19 to 21,Scotland,,S10,No,"A school nurse and a trained counsellor in every school, Funded national youth voice structures (a British Youth Council style body), Free or capped bus travel for under-25s",,Mental health and wellbeing,My school had one careers adviser for eight hundred students.,Climate and the environment,,4,3,7,6,3,2,4,2,2,2,7,6,6,6,10,9,9,6,10,6,5,5,6,9,4,8,6,8,7,7,5,5,7,6,6,6,"Education and curriculum for life, Jobs, apprenticeships and work experience",,Male,White,No,Working,Yes,Yes
04/10/2026 18:33:24,16 to 18,Northern Ireland,,NG7,No,"Free or capped bus travel for under-25s, Funded open-access youth clubs and youth workers in every area, Free school meals for more pupils, and holiday food provision",,Mental health and wellbeing,"Waiting lists where I live are over a year, and people get worse while they wait.",Climate and the environment,Youth unemployment across the Commonwealth is the common thread in all of this.,6,,,3,,,1,6,,5,7,6,,,6,,,,,,,,,,,,,,,9,7,,,3,,7,Education and curriculum for life,,Male,White,No,At university,No,Yes
04/10/2026 12:53:51,16 to 18,East of England,,,No,"Guaranteed work experience placements for every pupil, Independent careers advice in every school (a Connexions style service)",,Youth services and safe places to go,,Cost of living and financial security,,5,3,8,4,2,4,3,2,0,3,3,3,6,7,10,4,10,5,8,6,8,8,8,6,9,4,1,8,10,5,7,8,8,5,9,10,"Crime, safety and policing, Mental health and wellbeing",,Female,"Black, Black British, Caribbean or African",No,At university,No,Yes
06/10/2026 11:23:53,16 to 18,South East England,,,Yes,"Cheaper rail travel and a wider young persons railcard, Funded open-access youth clubs and youth workers in every area",Music lessons that are not only for people who can pay.,Housing and a place to live,,Digital life and online safety,,4,0,1,1,3,3,3,6,4,8,10,5,9,9,7,7,9,3,9,8,6,5,9,5,9,7,5,6,10,2,7,8,7,8,4,6,"Education and curriculum for life, Cost of living and financial security",Listen to young people from small island states before it is too late to listen to them at all.,Male,Prefer not to say,No,Working,No,Yes
05/10/2026 10:37:44,22 to 25,East Midlands,,SW1A,Yes,"Free or capped bus travel for under-25s, Funded open-access youth clubs and youth workers in every area, Independent careers advice in every school (a Connexions style service)",,Cost of living and financial security,,"Equality, discrimination and racism",,6,1,7,1,5,2,5,4,7,6,5,5,10,6,5,10,10,5,7,5,8,5,7,7,8,8,7,7,8,4,9,6,9,3,6,7,"Democracy and youth voice, Jobs, apprenticeships and work experience",,Female,White,No,In school or college,No,Yes
04/10/2026 10:26:37,19 to 21,Scotland,,G12,No,"A school nurse and a trained counsellor in every school, Free or capped bus travel for under-25s, Arts, music and drama in the curriculum, and free or low-cost music tuition",,Mental health and wellbeing,,Education and curriculum for life,Climate change is already displacing people my age in Pacific member states.,,,4,,4,,6,5,,,2,3,7,9,,,3,7,,,10,,7,5,,,,,,,,6,,,3,8,"Jobs, apprenticeships and work experience, Equality, discrimination and racism",,Male,Prefer not to say,No,In school or college,No,Yes
05/10/2026 14:00:31,19 to 21,I live outside the UK,Samoa,,Yes,"Arts, music and drama in the curriculum, and free or low-cost music tuition, Funded national youth voice structures (a British Youth Council style body), A school nurse and a trained counsellor in every school",,Cost of living and financial security,You cannot plan a future when you cannot afford anywhere to live.,"Crime, safety and policing",,3,5,4,2,4,4,4,4,9,3,5,8,5,8,6,7,9,7,10,10,8,8,8,7,9,8,6,6,10,6,6,9,10,6,10,7,"Education and curriculum for life, Crime, safety and policing",,Male,Asian or Asian British,No,Working,No,Yes
04/10/2026 11:45:33,13 to 15,Yorkshire and the Humber,,G12,No,"Community sports facilities, playing fields and free swimming, A school nurse and a trained counsellor in every school, Restored further education and adult skills funding, and lower tuition fees",,"Jobs, apprenticeships and work experience",,Mental health and wellbeing,"Young people in some member states cannot finish school because of cost, not ability.",2,3,7,5,5,2,6,0,7,5,2,3,8,8,10,4,9,6,9,10,10,10,4,5,9,9,3,4,9,9,9,6,8,3,10,5,"Cost of living and financial security, Crime, safety and policing",,Male,White,No,In school or college,No,Yes
05/10/2026 10:15:44,22 to 25,Yorkshire and the Humber,,,Yes,"Independent careers advice in every school (a Connexions style service), Restored further education and adult skills funding, and lower tuition fees, Free or capped bus travel for under-25s",,Cost of living and financial security,,Climate and the environment,,1,5,6,5,5,2,6,5,3,4,2,2,10,9,10,9,5,6,7,9,9,9,10,4,8,9,9,5,7,10,6,9,7,8,5,2,"Education and curriculum for life, Equality, discrimination and racism",Every promise made about climate finance has a deadline that falls after you have all left office. Bring the deadlines forward.,Male,Asian or Asian British,Prefer not to say,Working,No,Yes
05/10/2026 17:11:06,16 to 18,North West England,,BT9,Prefer not to say,"Funded open-access youth clubs and youth workers in every area, A school nurse and a trained counsellor in every school, Sure Start style family and early years centres",,Housing and a place to live,Everything costs more and nothing about young people’s pay has changed.,Cost of living and financial security,Young people are excluded from decisions in almost every member state.,6,3,3,1,1,0,0,4,3,5,6,8,8,9,6,7,8,5,10,10,10,10,8,8,10,5,8,9,10,5,7,10,6,7,9,10,"Democracy and youth voice, Climate and the environment",Give us votes at 16 and watch how quickly politics starts taking young people seriously.,Female,White,No,Apprenticeship or training,No,Yes
06/10/2026 20:43:37,13 to 15,South West England,,M14,No,"A school nurse and a trained counsellor in every school, Cheaper rail travel and a wider young persons railcard",Cheaper driving lessons and tests for young people in rural areas.,Mental health and wellbeing,Apprenticeships near me pay so little that you need parents who can support you.,"Jobs, apprenticeships and work experience",Climate change is already displacing people my age in Pacific member states.,2,4,6,1,4,3,2,5,7,2,6,2,8,10,10,10,9,8,10,9,6,10,8,10,9,6,3,9,10,10,6,5,7,10,3,8,"Jobs, apprenticeships and work experience, Education and curriculum for life",,Male,White,No,At university,No,Yes
06/10/2026 20:48:13,22 to 25,London,,CV1,Yes,"A school nurse and a trained counsellor in every school, Free or capped bus travel for under-25s",,Climate and the environment,,"Jobs, apprenticeships and work experience",,4,3,5,4,3,3,1,4,2,6,8,8,10,4,5,10,8,8,10,6,7,9,5,6,6,8,8,8,1,8,10,9,8,1,10,7,"Equality, discrimination and racism, Crime, safety and policing",,Female,White,Yes,Working,No,Yes
07/10/2026 15:25:59,19 to 21,South East England,,CV1,No,Local libraries and community spaces with longer opening hours,,Cost of living and financial security,Rent takes most of my wages and I still live with my parents.,Youth services and safe places to go,,4,6,8,1,2,5,2,6,3,7,4,1,10,8,7,4,10,9,10,7,6,10,5,3,10,6,7,7,9,8,7,7,6,5,1,3,"Jobs, apprenticeships and work experience, Mental health and wellbeing",,Female,White,No,In school or college,No,Yes
05/10/2026 09:53:19,16 to 18,West Midlands,,EH8,Yes,"Free or capped bus travel for under-25s, Funded open-access youth clubs and youth workers in every area, Education Maintenance Allowance (EMA) or an equivalent payment for 16–19 study",Music lessons that are not only for people who can pay.,Cost of living and financial security,The support exists on paper but nobody can actually access it.,Climate and the environment,,6,2,4,0,2,1,2,1,3,6,3,4,10,8,8,10,7,7,9,10,8,10,7,8,9,9,6,3,6,6,7,8,6,5,7,8,"Jobs, apprenticeships and work experience, Cost of living and financial security",,Female,White,No,In school or college,No,Yes
05/10/2026 17:01:23,22 to 25,South West England,,L18,Yes,"Community sports facilities, playing fields and free swimming",Free school transport past the age of 16.,Youth services and safe places to go,,Cost of living and financial security,Online access decides who gets opportunities and it is very unequal.,4,6,5,9,4,1,7,4,6,9,5,4,8,1,7,10,9,5,9,10,6,5,7,3,10,8,8,6,8,4,10,9,5,4,9,5,"Equality, discrimination and racism, Climate and the environment",,Male,"Black, Black British, Caribbean or African",No,Working,No,Yes
06/10/2026 12:14:09,22 to 25,South East England,,,Prefer not to say,"Independent careers advice in every school (a Connexions style service), Funded open-access youth clubs and youth workers in every area",,Mental health and wellbeing,There is nowhere to go in the evening since the youth centre closed.,Democracy and youth voice,,4,,,5,,,2,,,,,3,,,10,,,,,,10,,9,,,,9,10,,5,9,,,5,,,"Jobs, apprenticeships and work experience, Transport and getting around",,Non-binary,White,No,"Not in education, employment or training",No,Yes
06/10/2026 15:42:04,16 to 18,East of England,,,No,"Cheaper rail travel and a wider young persons railcard, Independent careers advice in every school (a Connexions style service), Funded open-access youth clubs and youth workers in every area",,Youth services and safe places to go,,Education and curriculum for life,,3,3,3,3,3,4,0,2,0,3,9,10,10,7,9,9,10,6,10,8,9,7,9,7,10,8,9,6,6,4,9,8,6,6,8,6,"Cost of living and financial security, Education and curriculum for life",Listen to young people from small island states before it is too late to listen to them at all.,Female,Asian or Asian British,No,In school or college,No,Yes
06/10/2026 14:50:16,22 to 25,South West England,,,No,Education Maintenance Allowance (EMA) or an equivalent payment for 16–19 study,Music lessons that are not only for people who can pay.,Youth services and safe places to go,You cannot plan a future when you cannot afford anywhere to live.,Cost of living and financial security,"Young people in some member states cannot finish school because of cost, not ability.",5,4,1,6,2,2,3,6,0,5,6,4,9,4,9,7,7,6,8,8,8,8,6,4,7,10,7,6,9,8,6,9,6,4,5,9,"Education and curriculum for life, Crime, safety and policing",,Male,White,No,In school or college,No,Yes
06/10/2026 10:12:24,16 to 18,North West England,,,No,"Arts, music and drama in the curriculum, and free or low-cost music tuition, Free or capped bus travel for under-25s, Funded open-access youth clubs and youth workers in every area","Youth centres open at weekends, not just weekdays.",Democracy and youth voice,You cannot plan a future when you cannot afford anywhere to live.,"Jobs, apprenticeships and work experience",,4,1,3,2,1,3,2,5,7,5,3,5,9,6,10,7,4,6,10,5,10,9,7,3,9,9,9,7,8,3,8,8,7,4,5,5,"Jobs, apprenticeships and work experience, Democracy and youth voice",,Male,Prefer not to say,No,Prefer not to say,Prefer not to say,Yes
06/10/2026 19:41:16,13 to 15,Yorkshire and the Humber,,L18,No,"A school nurse and a trained counsellor in every school, Education Maintenance Allowance (EMA) or an equivalent payment for 16–19 study, Cheaper rail travel and a wider young persons railcard",,Youth services and safe places to go,,Climate and the environment,,1,5,4,7,3,5,4,7,7,7,10,5,8,7,10,8,8,10,8,6,10,8,5,5,9,7,10,6,10,9,8,9,7,6,6,4,"Mental health and wellbeing, Jobs, apprenticeships and work experience",,Male,Mixed or multiple ethnic groups,No,Working,No,Yes
06/10/2026 20:50:32,13 to 15,South East England,,S10,Yes,"Guaranteed work experience placements for every pupil, Sure Start style family and early years centres, Community sports facilities, playing fields and free swimming",Free school transport past the age of 16.,Cost of living and financial security,,Youth services and safe places to go,,4,4,6,4,2,4,4,1,5,2,6,5,10,7,6,9,7,9,8,6,7,8,7,9,10,4,6,6,10,6,6,6,5,5,5,5,"Jobs, apprenticeships and work experience",,Female,White,Prefer not to say,In school or college,Prefer not to say,Yes
07/10/2026 19:42:36,19 to 21,East of England,,,No,"Sure Start style family and early years centres, Guaranteed work experience placements for every pupil, Free or capped bus travel for under-25s",,Cost of living and financial security,,Cost of living and financial security,Climate change is already displacing people my age in Pacific member states.,,,,,,,,5,5,7,,,,,,8,,8,,,10,,9,9,9,,,,,6,10,,4,,,,"Democracy and youth voice, Equality, discrimination and racism",Give us votes at 16 and watch how quickly politics starts taking young people seriously.,Female,White,No,In school or college,No,Yes
06/10/2026 11:08:43,22 to 25,East of England,,,Yes,"Arts, music and drama in the curriculum, and free or low-cost music tuition",Proper funding for school counselling.,Mental health and wellbeing,,Climate and the environment,Girls are still being taken out of education early in too many countries.,,,0,,,4,,,,,6,6,10,10,,10,,,9,,,6,,,10,,,,,,5,,,,5,4,Cost of living and financial security,We cannot build a future in countries we cannot afford to live in. Housing is the whole argument.,Male,White,No,Prefer not to say,No,Yes
05/10/2026 19:55:41,16 to 18,South West England,,,Yes,"Independent careers advice in every school (a Connexions style service), Community sports facilities, playing fields and free swimming, Education Maintenance Allowance (EMA) or an equivalent payment for 16–19 study",,Youth services and safe places to go,The support exists on paper but nobody can actually access it.,Mental health and wellbeing,,2,3,4,5,4,7,1,5,5,4,6,0,10,3,10,10,4,8,10,9,4,9,7,8,9,9,5,8,10,9,6,10,6,6,8,10,"Jobs, apprenticeships and work experience, Mental health and wellbeing",,Male,White,Yes,In school or college,No,Yes
05/10/2026 11:29:10,Under 13,South West England,,,Yes,"Arts, music and drama in the curriculum, and free or low-cost music tuition",Free school transport past the age of 16.,Cost of living and financial security,,Cost of living and financial security,,6,6,7,5,5,1,5,4,9,4,6,0,8,7,8,9,9,5,9,6,9,10,6,2,8,9,8,9,9,7,7,9,5,4,9,5,"Climate and the environment, Jobs, apprenticeships and work experience",,Female,White,No,At university,No,Yes
08/10/2026 13:49:40,16 to 18,I live outside the UK,Cyprus,,No,"Funded open-access youth clubs and youth workers in every area, Free or capped bus travel for under-25s",,Housing and a place to live,,Transport and getting around,Online access decides who gets opportunities and it is very unequal.,3,2,6,6,4,6,5,7,7,6,5,1,10,9,10,7,6,9,6,8,10,9,9,8,7,6,10,10,7,10,6,5,6,7,3,7,"Digital life and online safety, Equality, discrimination and racism",,Male,White,No,In school or college,Yes,Yes
06/10/2026 14:51:44,16 to 18,East Midlands,,CF10,No,Funded open-access youth clubs and youth workers in every area,Cheaper driving lessons and tests for young people in rural areas.,Cost of living and financial security,People my age are scared on public transport and nobody talks about it.,Youth services and safe places to go,There are not enough jobs for the number of graduates being produced.,6,5,8,3,4,1,3,1,4,6,3,3,9,4,10,7,9,6,8,10,4,8,7,7,8,10,7,8,7,5,8,8,4,1,3,6,"Cost of living and financial security, Climate and the environment",,Male,White,Yes,Working,No,Yes
06/10/2026 13:06:26,22 to 25,East Midlands,,LS6,Yes,"Funded open-access youth clubs and youth workers in every area, Education Maintenance Allowance (EMA) or an equivalent payment for 16–19 study, Free school meals for more pupils, and holiday food provision","Youth centres open at weekends, not just weekdays.",Cost of living and financial security,,Climate and the environment,,6,4,1,6,3,6,1,7,3,5,4,5,7,8,8,6,7,7,5,3,8,8,10,6,10,10,7,6,8,10,5,3,6,6,5,5,"Mental health and wellbeing, Cost of living and financial security",,Female,White,No,Working,No,Yes
09/10/2026 09:47:13,16 to 18,North East England,,BS8,Yes,"Community sports facilities, playing fields and free swimming, Education Maintenance Allowance (EMA) or an equivalent payment for 16–19 study",,"Crime, safety and policing",,Digital life and online safety,,5,2,8,6,6,4,1,7,2,4,3,3,9,5,8,7,6,9,10,8,9,6,6,4,7,8,10,10,10,7,10,7,10,8,4,4,"Crime, safety and policing, Mental health and wellbeing",,Female,Mixed or multiple ethnic groups,No,At university,No,Yes
06/10/2026 20:54:49,16 to 18,South East England,,M14,No,"Free or capped bus travel for under-25s, Funded open-access youth clubs and youth workers in every area, Education Maintenance Allowance (EMA) or an equivalent payment for 16–19 study",,Housing and a place to live,,"Jobs, apprenticeships and work experience",,2,5,3,7,5,3,2,3,7,4,5,3,6,3,9,6,10,4,7,6,7,10,5,6,9,8,6,10,9,9,9,10,7,8,6,6,"Crime, safety and policing, Jobs, apprenticeships and work experience",,Female,White,No,In school or college,No,Yes
07/10/2026 11:47:00,19 to 21,South East England,,,Prefer not to say,"Free or capped bus travel for under-25s, Guaranteed work experience placements for every pupil","Youth centres open at weekends, not just weekdays.",Mental health and wellbeing,,Education and curriculum for life,Girls are still being taken out of education early in too many countries.,3,2,8,6,2,4,2,1,7,6,4,7,8,6,10,5,9,9,9,10,10,8,8,8,10,9,4,9,9,10,9,9,7,5,9,10,"Jobs, apprenticeships and work experience, Education and curriculum for life",,Male,"Black, Black British, Caribbean or African",No,In school or college,No,Yes
07/10/2026 19:55:56,22 to 25,South East England,,LS6,No,"Independent careers advice in every school (a Connexions style service), Sure Start style family and early years centres, Guaranteed work experience placements for every pupil",,Cost of living and financial security,,Cost of living and financial security,,2,4,8,0,4,5,0,4,7,6,8,6,3,7,8,6,9,7,10,7,10,8,7,10,8,7,2,10,8,9,8,8,4,5,4,7,Climate and the environment,You measure success in GDP. Measure it in whether an 18-year-old can see a future where they live.,Female,White,No,In school or college,No,Yes
07/10/2026 19:29:19,16 to 18,South East England,,,No,"A school nurse and a trained counsellor in every school, Education Maintenance Allowance (EMA) or an equivalent payment for 16–19 study, Free or capped bus travel for under-25s",,Cost of living and financial security,Everyone I know is choosing between transport to college and lunch.,Climate and the environment,,5,6,4,4,0,0,2,3,7,4,5,5,10,8,9,8,10,6,9,5,8,3,3,9,9,8,9,6,10,5,8,6,8,3,7,5,Climate and the environment,,Female,White,Yes,In school or college,No,Yes
08/10/2026 18:53:27,16 to 18,London,,SW1A,No,"Free or capped bus travel for under-25s, Independent careers advice in every school (a Connexions style service)",Free swimming for under-18s.,Cost of living and financial security,,"Jobs, apprenticeships and work experience",,,4,5,,,0,,,,5,,6,5,8,6,,,,,8,10,,9,9,9,,,10,8,4,9,10,,,,4,"Crime, safety and policing, Climate and the environment",Bring back the things that were cut before you announce anything new.,Female,White,No,In school or college,No,Yes
08/10/2026 13:03:58,19 to 21,I live outside the UK,Ghana,,No,"Funded open-access youth clubs and youth workers in every area, Cheaper rail travel and a wider young persons railcard, Free school meals for more pupils, and holiday food provision",,Cost of living and financial security,People my age are scared on public transport and nobody talks about it.,"Jobs, apprenticeships and work experience",,,,,5,,,2,6,,,,,9,,,,7,6,10,8,9,9,10,,,,7,10,,,9,6,,6,,6,"Digital life and online safety, Mental health and wellbeing",Young carers and care-experienced young people are invisible in every policy document I have read.,Female,White,Prefer not to say,In school or college,Prefer not to say,Yes
09/10/2026 19:21:49,19 to 21,South East England,,NE1,Yes,"Arts, music and drama in the curriculum, and free or low-cost music tuition, Funded open-access youth clubs and youth workers in every area, Guaranteed work experience placements for every pupil",,"Jobs, apprenticeships and work experience",,Education and curriculum for life,Online access decides who gets opportunities and it is very unequal.,0,2,6,3,2,5,4,4,5,3,5,4,9,6,10,7,10,7,8,9,8,9,5,7,10,6,9,6,10,8,9,8,7,3,2,8,"Crime, safety and policing, Mental health and wellbeing",Fund the youth workers. They are the only adults some of us actually trust.,Female,White,No,In school or college,No,Yes
07/10/2026 13:46:53,22 to 25,Scotland,,BS8,Yes,"Free or capped bus travel for under-25s, A school nurse and a trained counsellor in every school",,"Equality, discrimination and racism",Rent takes most of my wages and I still live with my parents.,Education and curriculum for life,,5,0,6,5,6,3,5,5,3,5,2,6,8,4,7,10,9,9,8,9,8,7,7,5,8,5,8,8,10,7,8,9,7,4,5,9,"Digital life and online safety, Cost of living and financial security",Make the commitments measurable and publish who missed them.,Female,White,No,In school or college,No,Yes
09/10/2026 10:58:20,16 to 18,East Midlands,,S10,Prefer not to say,"Funded open-access youth clubs and youth workers in every area, Arts, music and drama in the curriculum, and free or low-cost music tuition, Education Maintenance Allowance (EMA) or an equivalent payment for 16–19 study",,Education and curriculum for life,,Climate and the environment,,2,2,3,1,2,4,7,4,2,7,7,5,10,5,8,8,6,8,10,6,10,9,7,6,9,10,6,6,8,8,8,10,7,10,4,3,"Crime, safety and policing, Equality, discrimination and racism",,Female,White,Yes,Apprenticeship or training,No,Yes
09/10/2026 15:35:11,19 to 21,East Midlands,,,Yes,"Guaranteed work experience placements for every pupil, Free school meals for more pupils, and holiday food provision",,Climate and the environment,,"Jobs, apprenticeships and work experience",,,8,,5,,2,,,4,5,3,,7,,,,,,,,10,,6,9,,3,,9,9,9,7,,5,6,,,"Jobs, apprenticeships and work experience",You measure success in GDP. Measure it in whether an 18-year-old can see a future where they live.,Female,White,Prefer not to say,At university,No,Yes
09/10/2026 16:39:10,19 to 21,West Midlands,,,Yes,"Independent careers advice in every school (a Connexions style service), Education Maintenance Allowance (EMA) or an equivalent payment for 16–19 study, Cheaper rail travel and a wider young persons railcard",,"Equality, discrimination and racism",The support exists on paper but nobody can actually access it.,Education and curriculum for life,,5,0,3,10,1,5,5,3,6,4,4,9,10,4,5,7,9,8,4,8,8,10,7,8,4,6,5,9,8,10,5,7,8,5,1,7,"Democracy and youth voice, Crime, safety and policing",Listen to young people from small island states before it is too late to listen to them at all.,Female,White,No,Prefer not to say,Prefer not to say,Yes
10/10/2026 13:48:54,16 to 18,South West England,,,No,"Cheaper rail travel and a wider young persons railcard, A school nurse and a trained counsellor in every school, Education Maintenance Allowance (EMA) or an equivalent payment for 16–19 study",,"Jobs, apprenticeships and work experience",,Climate and the environment,Youth unemployment across the Commonwealth is the common thread in all of this.,3,2,7,4,3,3,0,3,3,6,2,3,8,6,8,8,9,6,10,8,10,7,10,10,5,10,5,8,6,10,8,7,8,5,5,5,"Education and curriculum for life, Equality, discrimination and racism",,Female,White,Prefer not to say,At university,No,Yes
10/10/2026 17:34:50,19 to 21,West Midlands,,,No,"Free or capped bus travel for under-25s, Arts, music and drama in the curriculum, and free or low-cost music tuition",,Housing and a place to live,,"Jobs, apprenticeships and work experience",,3,2,5,4,4,0,7,9,10,7,4,5,8,9,6,9,8,5,10,6,3,10,8,6,8,8,8,3,7,5,6,8,6,5,6,9,"Climate and the environment, Equality, discrimination and racism",We cannot build a future in countries we cannot afford to live in. Housing is the whole argument.,Female,White,No,Working,No,Yes
08/10/2026 12:34:18,16 to 18,East of England,,,No,"Funded national youth voice structures (a British Youth Council style body), Arts, music and drama in the curriculum, and free or low-cost music tuition, Funded open-access youth clubs and youth workers in every area","Youth centres open at weekends, not just weekdays.",Mental health and wellbeing,,Education and curriculum for life,,2,0,4,3,1,2,3,7,4,3,6,5,10,9,10,7,4,7,10,8,10,10,8,5,7,5,9,5,9,7,9,9,10,6,6,4,"Cost of living and financial security, Education and curriculum for life",,Prefer not to say,Prefer not to say,Yes,In school or college,No,Yes
08/10/2026 12:36:48,16 to 18,Yorkshire and the Humber,,BT9,No,"Funded open-access youth clubs and youth workers in every area, Local libraries and community spaces with longer opening hours, Free or capped bus travel for under-25s","Youth centres open at weekends, not just weekdays.",Mental health and wellbeing,,Climate and the environment,,3,2,,2,0,,,,0,4,,,9,6,,,,,10,9,6,,,,10,9,,,10,8,,,9,,7,8,"Jobs, apprenticeships and work experience",,Female,White,No,At university,No,Yes
08/10/2026 15:17:21,22 to 25,Scotland,,M14,Yes,"A school nurse and a trained counsellor in every school, Independent careers advice in every school (a Connexions style service), Funded open-access youth clubs and youth workers in every area",Free swimming for under-18s.,Housing and a place to live,,"Crime, safety and policing",,0,6,8,4,5,5,1,2,8,6,0,4,8,4,10,6,8,10,10,4,7,10,10,6,9,4,8,8,9,3,9,4,10,8,2,7,"Cost of living and financial security, Climate and the environment",Make the commitments measurable and publish who missed them.,Female,White,No,In school or college,No,Yes
10/10/2026 20:08:16,13 to 15,East Midlands,,L18,Prefer not to say,"A school nurse and a trained counsellor in every school, Independent careers advice in every school (a Connexions style service), Sure Start style family and early years centres",,Digital life and online safety,Everyone I know is choosing between transport to college and lunch.,Climate and the environment,,5,1,6,3,5,3,1,0,6,2,8,4,7,9,8,5,9,10,10,4,8,10,10,5,10,5,8,8,10,10,5,9,5,2,4,4,"Equality, discrimination and racism, Crime, safety and policing",,Male,White,No,In school or college,No,Yes
08/10/2026 19:18:22,19 to 21,Scotland,,TS1,No,A school nurse and a trained counsellor in every school,,Transport and getting around,,Education and curriculum for life,,4,5,4,3,4,2,0,4,4,6,3,6,9,8,10,10,9,7,10,10,7,8,3,10,10,8,5,10,10,7,6,9,4,7,5,9,"Cost of living and financial security, Jobs, apprenticeships and work experience",,Male,White,No,Working,No,Yes
09/10/2026 16:46:23,Over 25,I live outside the UK,Samoa,,No,Funded open-access youth clubs and youth workers in every area,Cheaper driving lessons and tests for young people in rural areas.,Youth services and safe places to go,Everything costs more and nothing about young people’s pay has changed.,"Crime, safety and policing",,3,3,2,6,4,0,3,6,3,7,5,6,10,9,9,10,8,6,10,6,6,9,10,8,10,10,8,6,9,5,8,6,10,4,5,6,"Climate and the environment, Cost of living and financial security",,Female,White,No,At university,No,Yes
09/10/2026 15:54:39,22 to 25,I live outside the UK,Fiji,,No,"Independent careers advice in every school (a Connexions style service), Free or capped bus travel for under-25s, Restored further education and adult skills funding, and lower tuition fees",,Mental health and wellbeing,,Mental health and wellbeing,,1,,3,4,,,2,4,,5,4,,10,4,8,,,8,,,,8,,7,7,6,10,,10,,,,,,6,8,Education and curriculum for life,We cannot build a future in countries we cannot afford to live in. Housing is the whole argument.,Male,White,No,"Not in education, employment or training",No,Yes
08/10/2026 14:27:19,13 to 15,Yorkshire and the Humber,,,No,"A school nurse and a trained counsellor in every school, Guaranteed work experience placements for every pupil, Free or capped bus travel for under-25s","Youth centres open at weekends, not just weekdays.",Education and curriculum for life,My school had one careers adviser for eight hundred students.,Mental health and wellbeing,,4,2,1,5,2,4,3,6,6,5,3,6,9,9,9,9,9,7,10,5,10,10,5,9,7,8,3,7,8,9,6,8,9,7,5,8,"Cost of living and financial security, Crime, safety and policing",,Female,White,No,Working,No,Yes
08/10/2026 17:54:20,22 to 25,Wales,,S10,No,"Education Maintenance Allowance (EMA) or an equivalent payment for 16–19 study, Free or capped bus travel for under-25s, Cheaper rail travel and a wider young persons railcard",,Education and curriculum for life,,Cost of living and financial security,Corruption means money meant for young people does not reach us.,4,4,7,2,0,5,1,0,4,4,3,6,9,10,8,7,6,9,7,7,5,10,8,8,10,4,7,8,7,9,10,8,8,7,0,9,Education and curriculum for life,,Male,White,No,At university,Yes,Yes
09/10/2026 10:21:34,19 to 21,London,,,No,"Funded open-access youth clubs and youth workers in every area, Guaranteed work experience placements for every pupil",,Mental health and wellbeing,Rent takes most of my wages and I still live with my parents.,Mental health and wellbeing,,0,3,6,6,5,3,6,5,5,6,8,5,9,8,10,10,8,8,10,3,9,5,7,10,7,8,5,3,6,7,10,10,5,4,4,6,"Cost of living and financial security, Climate and the environment","Stop talking about young people as the future and start treating us as the present. We are already paying rent, already working, already voting in some of your countries.",Female,White,Prefer not to say,In school or college,Yes,Yes
10/10/2026 19:47:14,19 to 21,East of England,,NG7,No,"Education Maintenance Allowance (EMA) or an equivalent payment for 16–19 study, Funded national youth voice structures (a British Youth Council style body), Independent careers advice in every school (a Connexions style service)",,"Jobs, apprenticeships and work experience",Apprenticeships near me pay so little that you need parents who can support you.,Climate and the environment,Youth unemployment across the Commonwealth is the common thread in all of this.,,,,,,,5,,7,2,1,6,7,7,7,,7,,,7,9,,,9,,,,,10,,,10,,,,5,"Climate and the environment, Jobs, apprenticeships and work experience",,Male,White,No,Apprenticeship or training,No,Yes
11/10/2026 11:17:33,Over 25,London,,M14,Yes,Free or capped bus travel for under-25s,,"Jobs, apprenticeships and work experience",People my age are scared on public transport and nobody talks about it.,Housing and a place to live,There are not enough jobs for the number of graduates being produced.,5,3,7,1,1,1,2,6,4,0,4,7,7,10,10,10,10,6,8,7,8,6,9,5,9,10,8,7,10,7,8,7,9,5,3,10,"Jobs, apprenticeships and work experience",Make the commitments measurable and publish who missed them.,Female,White,No,Working,No,Yes
10/10/2026 19:34:46,16 to 18,North West England,,,Yes,"Funded open-access youth clubs and youth workers in every area, A school nurse and a trained counsellor in every school",Proper funding for school counselling.,"Equality, discrimination and racism",,Mental health and wellbeing,Girls are still being taken out of education early in too many countries.,3,0,6,0,0,6,1,6,3,5,6,10,10,9,5,9,6,9,9,9,6,6,7,7,7,7,6,9,10,6,10,10,9,7,7,7,"Education and curriculum for life, Climate and the environment",,Male,White,Yes,Working,No,Yes
10/10/2026 19:50:17,19 to 21,West Midlands,,PL4,Yes,"Arts, music and drama in the curriculum, and free or low-cost music tuition, Restored further education and adult skills funding, and lower tuition fees, A school nurse and a trained counsellor in every school","Youth centres open at weekends, not just weekdays.",Mental health and wellbeing,,Education and curriculum for life,Youth unemployment across the Commonwealth is the common thread in all of this.,1,3,,,,,2,,8,,6,,,4,10,,,7,,,,,5,8,8,,,,,,,8,,,,,"Jobs, apprenticeships and work experience, Climate and the environment",,Female,White,No,Working,No,Yes
11/10/2026 18:19:35,19 to 21,South East England,,,Prefer not to say,"Free or capped bus travel for under-25s, A school nurse and a trained counsellor in every school, Community sports facilities, playing fields and free swimming",Music lessons that are not only for people who can pay.,Mental health and wellbeing,"Waiting lists where I live are over a year, and people get worse while they wait.",Climate and the environment,,3,2,3,5,2,3,3,6,5,0,6,4,10,3,9,8,6,8,10,6,8,10,5,10,9,7,7,6,10,5,6,10,7,8,6,2,"Jobs, apprenticeships and work experience, Climate and the environment",,Male,White,No,In school or college,No,Yes
09/10/2026 10:46:43,19 to 21,North West England,,,Yes,Guaranteed work experience placements for every pupil,,Mental health and wellbeing,,Climate and the environment,Youth unemployment across the Commonwealth is the common thread in all of this.,5,4,4,5,4,3,5,7,7,6,7,5,7,5,5,7,7,2,9,8,9,8,8,9,8,8,5,5,5,10,9,7,9,7,4,6,"Climate and the environment, Jobs, apprenticeships and work experience",,Female,White,No,At university,No,Yes
11/10/2026 20:27:00,22 to 25,Northern Ireland,,S10,Yes,"A school nurse and a trained counsellor in every school, Funded open-access youth clubs and youth workers in every area, Guaranteed work experience placements for every pupil",,"Crime, safety and policing",Everything costs more and nothing about young people’s pay has changed.,Climate and the environment,Online access decides who gets opportunities and it is very unequal.,1,4,4,4,4,5,0,7,8,2,2,2,10,5,8,9,7,6,3,5,7,7,6,5,8,10,8,7,8,5,5,7,8,10,8,6,"Equality, discrimination and racism",,Female,White,No,In school or college,No,Yes
10/10/2026 16:51:54,19 to 21,Yorkshire and the Humber,,,Yes,"Independent careers advice in every school (a Connexions style service), A school nurse and a trained counsellor in every school, Funded open-access youth clubs and youth workers in every area",,Youth services and safe places to go,,Democracy and youth voice,,7,0,3,7,0,5,6,3,5,5,4,6,8,6,8,6,9,5,8,9,7,6,7,7,8,10,7,10,6,5,5,8,5,10,3,6,"Climate and the environment, Equality, discrimination and racism",,Female,Asian or Asian British,Prefer not to say,At university,No,Yes
11/10/2026 09:38:08,22 to 25,London,,,No,"Free school meals for more pupils, and holiday food provision, Funded open-access youth clubs and youth workers in every area",,"Equality, discrimination and racism",,Cost of living and financial security,,5,1,4,2,3,3,4,2,3,2,3,4,8,7,6,9,10,10,9,7,10,9,7,8,7,5,9,8,9,9,7,10,8,4,7,7,"Climate and the environment, Housing and a place to live",We cannot build a future in countries we cannot afford to live in. Housing is the whole argument.,Female,White,No,In school or college,No,Yes
11/10/2026 19:42:09,19 to 21,Scotland,,NG7,Yes,"Independent careers advice in every school (a Connexions style service), A school nurse and a trained counsellor in every school",,Mental health and wellbeing,,Democracy and youth voice,,2,4,6,4,1,4,1,1,3,6,4,3,7,10,10,10,5,8,6,6,6,8,7,6,8,8,7,7,9,9,8,9,4,6,6,6,"Education and curriculum for life, Jobs, apprenticeships and work experience","Put a young person in the room when the decision is being made, not in the photograph afterwards.",Female,White,Yes,"Not in education, employment or training",No,Yes
10/10/2026 18:14:03,13 to 15,Scotland,,CF10,Yes,"Guaranteed work experience placements for every pupil, Education Maintenance Allowance (EMA) or an equivalent payment for 16–19 study",Music lessons that are not only for people who can pay.,"Jobs, apprenticeships and work experience",My school had one careers adviser for eight hundred students.,Climate and the environment,,4,0,6,6,2,7,3,4,6,8,2,2,10,9,10,7,3,6,4,6,6,8,8,3,5,8,7,10,10,7,6,8,9,8,5,9,"Equality, discrimination and racism, Jobs, apprenticeships and work experience",,Male,White,Yes,In school or college,No,Yes
11/10/2026 17:57:05,13 to 15,North East England,,,No,"Restored further education and adult skills funding, and lower tuition fees, Independent careers advice in every school (a Connexions style service), Funded open-access youth clubs and youth workers in every area",Cheaper driving lessons and tests for young people in rural areas.,"Jobs, apprenticeships and work experience",The support exists on paper but nobody can actually access it.,Education and curriculum for life,,7,6,,3,,,3,,,,,,,,8,10,,6,,7,5,,8,,6,,9,,8,,,7,3,,8,5,Climate and the environment,,Female,White,Yes,In school or college,No,Yes
09/10/2026 20:05:29,16 to 18,Yorkshire and the Humber,,TS1,Yes,"A school nurse and a trained counsellor in every school, Free or capped bus travel for under-25s",,Cost of living and financial security,,Climate and the environment,Climate change is already displacing people my age in Pacific member states.,2,4,5,0,4,6,3,3,4,8,6,5,10,10,7,9,6,6,10,6,8,10,10,8,9,7,9,9,7,6,7,8,10,10,4,10,"Equality, discrimination and racism, Cost of living and financial security","Stop talking about young people as the future and start treating us as the present. We are already paying rent, already working, already voting in some of your countries.",Female,White,No,In school or college,Prefer not to say,Yes
09/10/2026 11:02:14,16 to 18,London,,,Yes,"Free or capped bus travel for under-25s, Education Maintenance Allowance (EMA) or an equivalent payment for 16–19 study, Funded open-access youth clubs and youth workers in every area",,Cost of living and financial security,,Climate and the environment,,4,2,8,2,0,3,2,4,4,1,6,3,9,8,10,5,7,8,8,7,10,9,7,8,10,10,6,10,9,4,8,7,5,9,9,8,"Crime, safety and policing, Education and curriculum for life",,Female,"Black, Black British, Caribbean or African",No,Working,No,Yes
09/10/2026 19:20:39,16 to 18,Scotland,,CF10,No,Cheaper rail travel and a wider young persons railcard,,Housing and a place to live,Apprenticeships near me pay so little that you need parents who can support you.,"Jobs, apprenticeships and work experience",,4,3,5,7,4,4,0,6,4,3,4,7,6,5,7,8,8,1,7,7,9,8,8,10,9,10,9,8,7,10,9,6,7,9,3,3,"Climate and the environment, Transport and getting around",Fund the youth workers. They are the only adults some of us actually trust.,Male,White,Prefer not to say,At university,No,Yes
10/10/2026 10:47:20,Over 25,South West England,,,No,Education Maintenance Allowance (EMA) or an equivalent payment for 16–19 study,,Youth services and safe places to go,,Digital life and online safety,,3,1,5,4,6,3,1,5,5,9,3,3,7,6,10,7,6,9,8,4,9,10,2,10,7,10,7,6,10,8,8,4,8,9,6,10,Climate and the environment,,Male,Mixed or multiple ethnic groups,No,Working,No,Yes
11/10/2026 19:21:21,19 to 21,Scotland,,TS1,No,Education Maintenance Allowance (EMA) or an equivalent payment for 16–19 study,,Housing and a place to live,,Cost of living and financial security,,6,1,3,0,1,8,1,6,5,4,4,5,4,8,8,9,6,4,9,7,5,5,7,6,9,8,5,5,3,10,4,8,9,5,4,8,"Climate and the environment, Jobs, apprenticeships and work experience",,Female,White,No,At university,No,Yes
10/10/2026 18:08:22,13 to 15,South East England,,,Yes,"Funded open-access youth clubs and youth workers in every area, A school nurse and a trained counsellor in every school, Independent careers advice in every school (a Connexions style service)",,Housing and a place to live,You cannot plan a future when you cannot afford anywhere to live.,"Crime, safety and policing",,1,5,7,4,1,6,1,2,2,3,0,9,7,5,8,2,10,3,10,5,9,10,4,10,8,6,9,7,10,8,6,8,4,8,9,6,"Climate and the environment, Cost of living and financial security",,Prefer not to say,Other ethnic group,No,At university,No,Yes
11/10/2026 11:04:27,Over 25,South East England,,EH8,Yes,"Restored further education and adult skills funding, and lower tuition fees, Cheaper rail travel and a wider young persons railcard",,Democracy and youth voice,Rent takes most of my wages and I still live with my parents.,Education and curriculum for life,,2,2,3,6,6,5,1,0,5,4,0,3,10,8,9,10,7,6,9,8,6,7,6,10,9,7,10,8,10,8,5,6,3,9,7,10,"Jobs, apprenticeships and work experience, Climate and the environment",,Female,White,No,At university,No,Yes
12/10/2026 17:11:14,22 to 25,London,,,Prefer not to say,"Community sports facilities, playing fields and free swimming, Guaranteed work experience placements for every pupil",,Youth services and safe places to go,,Digital life and online safety,,7,7,4,9,4,0,1,0,4,0,5,4,10,6,9,10,5,8,10,8,9,10,8,10,9,7,5,7,10,4,8,7,7,6,3,4,"Education and curriculum for life, Climate and the environment","Youth unemployment is not a young person problem, it is an economy problem. Stop framing it as our failure.",Male,White,No,Working,No,Yes
12/10/2026 11:57:02,16 to 18,South East England,,,Prefer not to say,"Funded open-access youth clubs and youth workers in every area, Free or capped bus travel for under-25s, Education Maintenance Allowance (EMA) or an equivalent payment for 16–19 study",Proper funding for school counselling.,Youth services and safe places to go,,"Crime, safety and policing",There are not enough jobs for the number of graduates being produced.,2,3,1,3,5,3,2,3,2,4,6,9,6,8,10,6,6,7,9,5,6,5,7,8,7,6,10,8,9,7,8,8,5,5,2,8,"Digital life and online safety, Climate and the environment",,Male,White,No,In school or college,Yes,Yes
12/10/2026 15:36:58,16 to 18,East of England,,NE1,No,"Free school meals for more pupils, and holiday food provision",Music lessons that are not only for people who can pay.,Mental health and wellbeing,,Education and curriculum for life,Youth unemployment across the Commonwealth is the common thread in all of this.,0,3,7,3,0,2,6,3,8,5,4,5,8,10,7,7,8,10,10,7,7,7,5,9,8,7,6,7,7,7,5,10,8,9,6,6,"Equality, discrimination and racism, Crime, safety and policing",,Male,White,No,"Not in education, employment or training",No,Yes
11/10/2026 11:57:55,22 to 25,West Midlands,,B29,No,"Community sports facilities, playing fields and free swimming, Funded open-access youth clubs and youth workers in every area",,Cost of living and financial security,You cannot plan a future when you cannot afford anywhere to live.,Climate and the environment,Corruption means money meant for young people does not reach us.,4,0,7,4,1,3,4,8,2,3,6,8,8,5,10,10,7,5,10,9,9,9,8,5,10,4,6,10,10,10,10,8,10,4,5,8,"Cost of living and financial security, Crime, safety and policing",,Prefer not to say,White,No,At university,No,Yes
13/10/2026 20:27:32,16 to 18,North East England,,,No,"Free or capped bus travel for under-25s, Community sports facilities, playing fields and free swimming, Education Maintenance Allowance (EMA) or an equivalent payment for 16–19 study",Proper funding for school counselling.,Education and curriculum for life,My school had one careers adviser for eight hundred students.,Climate and the environment,,7,0,0,4,3,4,5,6,3,2,5,0,9,5,10,8,10,8,7,6,7,10,9,7,10,10,9,6,10,8,6,5,10,6,6,7,"Jobs, apprenticeships and work experience, Crime, safety and policing",,Female,Mixed or multiple ethnic groups,No,In school or college,No,Yes
11/10/2026 15:19:14,16 to 18,West Midlands,,,Yes,"Funded open-access youth clubs and youth workers in every area, Education Maintenance Allowance (EMA) or an equivalent payment for 16–19 study, Free school meals for more pupils, and holiday food provision",,Cost of living and financial security,,"Jobs, apprenticeships and work experience",,,2,,,,,4,5,,,5,,10,7,,,8,,,8,10,9,,,9,,,,,4,,7,10,,,6,"Democracy and youth voice, Equality, discrimination and racism",,Male,"Black, Black British, Caribbean or African",No,Working,No,Yes
10/10/2026 15:48:00,19 to 21,I live outside the UK,Pakistan,,No,"Community sports facilities, playing fields and free swimming, A school nurse and a trained counsellor in every school, Cheaper rail travel and a wider young persons railcard",Cheaper driving lessons and tests for young people in rural areas.,Transport and getting around,The support exists on paper but nobody can actually access it.,Housing and a place to live,,4,6,6,2,4,4,1,5,5,7,5,5,10,9,10,5,7,8,8,10,10,10,10,4,4,6,10,10,9,5,10,10,5,6,4,6,Climate and the environment,,Female,White,No,Apprenticeship or training,No,Yes
12/10/2026 12:53:07,16 to 18,West Midlands,,,Yes,Local libraries and community spaces with longer opening hours,,Cost of living and financial security,,Education and curriculum for life,,6,0,5,6,2,6,5,2,9,2,5,7,5,6,5,7,3,7,8,10,6,10,9,3,7,6,5,7,8,9,10,9,8,8,5,9,"Jobs, apprenticeships and work experience, Democracy and youth voice",,Non-binary,White,Yes,In school or college,No,Yes
11/10/2026 20:49:35,22 to 25,North East England,,LS6,No,Funded open-access youth clubs and youth workers in every area,,Youth services and safe places to go,,"Equality, discrimination and racism",,5,4,4,6,1,4,3,3,5,5,4,5,8,6,9,5,5,5,9,7,6,6,6,9,10,10,7,5,9,7,10,10,6,5,6,10,"Crime, safety and policing, Education and curriculum for life",Young carers and care-experienced young people are invisible in every policy document I have read.,Male,Asian or Asian British,No,In school or college,No,Yes
11/10/2026 19:50:23,22 to 25,Wales,,SW1A,No,"Independent careers advice in every school (a Connexions style service), Funded national youth voice structures (a British Youth Council style body), Free school meals for more pupils, and holiday food provision",,Mental health and wellbeing,Apprenticeships near me pay so little that you need parents who can support you.,Education and curriculum for life,,4,0,6,5,4,5,0,5,3,0,3,8,10,10,9,7,8,9,7,6,6,10,10,8,6,8,8,10,9,6,7,7,6,8,3,9,"Cost of living and financial security, Jobs, apprenticeships and work experience",We cannot build a future in countries we cannot afford to live in. Housing is the whole argument.,Prefer not to say,Asian or Asian British,No,At university,No,Yes
11/10/2026 17:58:19,16 to 18,West Midlands,,,No,"Education Maintenance Allowance (EMA) or an equivalent payment for 16–19 study, Independent careers advice in every school (a Connexions style service), Restored further education and adult skills funding, and lower tuition fees",Free swimming for under-18s.,Cost of living and financial security,,Climate and the environment,,2,,,5,,8,1,,,,8,,,,5,7,,,10,,,8,10,,7,9,,4,,9,,4,,6,10,7,"Democracy and youth voice, Mental health and wellbeing",,Male,White,Prefer not to say,Working,No,Yes
12/10/2026 17:00:30,16 to 18,I live outside the UK,Australia,,No,"Arts, music and drama in the curriculum, and free or low-cost music tuition",Free swimming for under-18s.,Cost of living and financial security,,"Equality, discrimination and racism",,2,5,2,4,2,4,5,6,8,3,0,7,10,6,10,6,9,7,9,10,10,10,8,8,8,8,7,8,8,8,8,4,10,8,7,8,"Climate and the environment, Cost of living and financial security",We are tired of consultations that go nowhere. Publish what you did with this one.,Male,White,No,At university,Yes,Yes
12/10/2026 19:49:47,16 to 18,East of England,,,No,"Education Maintenance Allowance (EMA) or an equivalent payment for 16–19 study, A school nurse and a trained counsellor in every school, Sure Start style family and early years centres",,Cost of living and financial security,There is nowhere to go in the evening since the youth centre closed.,"Equality, discrimination and racism",Online access decides who gets opportunities and it is very unequal.,2,5,4,3,5,6,4,7,3,5,4,2,10,9,7,6,10,7,5,6,9,6,6,6,10,10,9,6,8,9,6,9,7,5,7,3,Education and curriculum for life,,Male,"Black, Black British, Caribbean or African",No,In school or college,No,Yes
12/10/2026 16:50:47,16 to 18,West Midlands,,,Yes,"Funded open-access youth clubs and youth workers in every area, Funded national youth voice structures (a British Youth Council style body), Restored further education and adult skills funding, and lower tuition fees",,"Equality, discrimination and racism",,Climate and the environment,"Young people in some member states cannot finish school because of cost, not ability.",1,3,5,6,3,5,1,2,8,5,3,8,10,6,10,6,10,5,9,6,7,9,8,4,8,7,9,9,10,10,6,5,10,5,7,10,"Jobs, apprenticeships and work experience, Cost of living and financial security",,Male,White,Prefer not to say,At university,No,Yes
11/10/2026 10:15:04,13 to 15,South West England,,,Yes,"Education Maintenance Allowance (EMA) or an equivalent payment for 16–19 study, Free or capped bus travel for under-25s",Cheaper driving lessons and tests for young people in rural areas.,Mental health and wellbeing,,Education and curriculum for life,,3,1,8,5,2,1,3,2,4,6,4,5,10,5,7,8,10,2,10,10,9,7,7,4,7,8,9,4,9,7,9,4,7,7,10,5,"Democracy and youth voice, Crime, safety and policing",,Male,White,No,In school or college,No,Yes
11/10/2026 12:44:51,16 to 18,South East England,,,Yes,Guaranteed work experience placements for every pupil,Free swimming for under-18s.,Mental health and wellbeing,,Cost of living and financial security,,5,5,7,4,3,5,4,4,5,2,5,4,10,6,10,7,7,7,7,9,8,6,7,7,8,7,4,10,7,8,8,5,0,6,7,3,"Education and curriculum for life, Mental health and wellbeing",,Female,"Black, Black British, Caribbean or African",No,Working,No,Yes
13/10/2026 09:56:27,22 to 25,South East England,,SW1A,Yes,"Independent careers advice in every school (a Connexions style service), Guaranteed work experience placements for every pupil, A school nurse and a trained counsellor in every school",,Digital life and online safety,You cannot plan a future when you cannot afford anywhere to live.,Climate and the environment,,6,5,7,6,2,3,1,2,1,4,3,4,8,3,7,9,6,8,8,3,8,7,5,8,10,7,6,5,7,7,8,6,8,9,6,10,"Education and curriculum for life, Digital life and online safety",,Male,"Black, Black British, Caribbean or African",No,At university,No,Yes
11/10/2026 10:05:32,13 to 15,London,,SW1A,Yes,"Funded national youth voice structures (a British Youth Council style body), Cheaper rail travel and a wider young persons railcard, Funded open-access youth clubs and youth workers in every area",,Mental health and wellbeing,,"Jobs, apprenticeships and work experience",,6,4,5,5,0,3,1,3,6,2,2,5,8,8,10,7,10,10,8,7,9,5,7,5,10,6,7,7,8,9,8,5,8,3,4,6,"Crime, safety and policing, Democracy and youth voice",Fund the youth workers. They are the only adults some of us actually trust.,Male,White,No,Apprenticeship or training,No,Yes
11/10/2026 11:58:29,19 to 21,East Midlands,,M14,No,"Independent careers advice in every school (a Connexions style service), Funded open-access youth clubs and youth workers in every area, Cheaper rail travel and a wider young persons railcard",,Transport and getting around,Apprenticeships near me pay so little that you need parents who can support you.,"Equality, discrimination and racism",,0,4,6,5,1,3,1,9,5,2,8,2,8,2,8,8,4,9,9,9,7,8,5,6,5,6,2,7,9,7,7,10,8,5,2,7,Climate and the environment,Listen to young people from small island states before it is too late to listen to them at all.,Female,White,No,In school or college,Yes,Yes
14/10/2026 13:19:53,19 to 21,South West England,,,Yes,"Funded open-access youth clubs and youth workers in every area, Sure Start style family and early years centres, Guaranteed work experience placements for every pupil",,Cost of living and financial security,,Cost of living and financial security,,2,4,7,2,4,4,1,4,7,3,7,9,10,7,7,9,9,7,9,5,8,8,7,10,9,8,8,10,7,7,7,9,7,4,5,7,"Climate and the environment, Cost of living and financial security",,Female,Mixed or multiple ethnic groups,No,In school or college,No,Yes
12/10/2026 12:44:30,Under 13,South West England,,BT9,Yes,"Free or capped bus travel for under-25s, Guaranteed work experience placements for every pupil, A school nurse and a trained counsellor in every school",,Mental health and wellbeing,,Cost of living and financial security,,4,4,5,4,3,5,2,3,4,3,5,3,9,9,7,10,10,7,5,8,6,10,5,7,3,5,9,7,10,7,8,8,7,5,3,4,"Jobs, apprenticeships and work experience, Democracy and youth voice",,Female,White,Yes,Working,No,Yes
14/10/2026 16:54:15,Over 25,East of England,,B29,Yes,"Free school meals for more pupils, and holiday food provision, Funded national youth voice structures (a British Youth Council style body), Free or capped bus travel for under-25s",Free school transport past the age of 16.,Housing and a place to live,,Climate and the environment,"Young people in some member states cannot finish school because of cost, not ability.",6,4,5,3,4,0,3,6,2,9,5,0,5,6,9,5,10,10,10,9,9,9,10,6,7,8,5,6,10,6,8,10,6,6,4,4,"Cost of living and financial security, Equality, discrimination and racism",,Male,White,No,In school or college,No,Yes
12/10/2026 10:54:10,19 to 21,South East England,,SW1A,No,"Education Maintenance Allowance (EMA) or an equivalent payment for 16–19 study, Funded open-access youth clubs and youth workers in every area",,Mental health and wellbeing,,Housing and a place to live,,2,4,7,3,0,4,3,5,3,5,6,7,9,7,6,10,9,5,8,10,5,5,5,3,5,7,5,10,9,8,10,10,4,9,5,3,"Education and curriculum for life, Climate and the environment",,Male,White,No,In school or college,No,Yes
12/10/2026 10:40:44,16 to 18,I live outside the UK,Malta,,No,"Funded national youth voice structures (a British Youth Council style body), Education Maintenance Allowance (EMA) or an equivalent payment for 16–19 study, Arts, music and drama in the curriculum, and free or low-cost music tuition",,Cost of living and financial security,,Education and curriculum for life,,5,0,5,2,2,3,3,5,4,6,4,8,10,9,10,9,10,7,5,8,8,6,8,8,10,6,7,9,8,7,6,6,6,6,7,10,"Jobs, apprenticeships and work experience, Democracy and youth voice",,Male,White,No,"Not in education, employment or training",No,Yes
13/10/2026 19:14:32,16 to 18,London,,,No,"Free or capped bus travel for under-25s, Arts, music and drama in the curriculum, and free or low-cost music tuition, Education Maintenance Allowance (EMA) or an equivalent payment for 16–19 study","Youth centres open at weekends, not just weekdays.",Housing and a place to live,Apprenticeships near me pay so little that you need parents who can support you.,"Crime, safety and policing","Young people in some member states cannot finish school because of cost, not ability.",,,4,,4,,,7,3,4,,6,,8,,9,,,10,7,,,9,,7,,6,,10,8,8,,,,,8,"Jobs, apprenticeships and work experience, Climate and the environment","If the Commonwealth means anything, it should mean a young person in Fiji and a young person in Wales both get heard.",Male,White,Yes,In school or college,No,Yes
14/10/2026 10:26:56,16 to 18,West Midlands,,S10,No,A school nurse and a trained counsellor in every school,,Cost of living and financial security,The support exists on paper but nobody can actually access it.,Education and curriculum for life,,4,0,7,4,2,4,0,5,4,5,4,6,10,7,6,4,6,5,10,6,9,10,4,6,10,8,10,5,10,8,10,8,10,6,3,8,Education and curriculum for life,,Prefer not to say,White,No,Working,No,Yes
14/10/2026 17:04:14,19 to 21,South West England,,,Yes,"Free or capped bus travel for under-25s, Free school meals for more pupils, and holiday food provision, Funded open-access youth clubs and youth workers in every area",,Cost of living and financial security,,Transport and getting around,,0,1,3,9,3,4,4,5,4,5,9,7,7,8,9,10,7,7,5,8,10,6,6,9,7,10,10,9,7,10,10,4,5,2,9,3,"Mental health and wellbeing, Jobs, apprenticeships and work experience",,Female,White,Prefer not to say,At university,No,Yes
12/10/2026 11:31:10,19 to 21,Scotland,,S10,No,"Cheaper rail travel and a wider young persons railcard, Arts, music and drama in the curriculum, and free or low-cost music tuition, Community sports facilities, playing fields and free swimming",,Housing and a place to live,Everything costs more and nothing about young people’s pay has changed.,Mental health and wellbeing,Girls are still being taken out of education early in too many countries.,3,2,3,7,4,3,2,6,1,4,3,6,10,10,3,8,5,8,10,6,9,7,10,10,7,9,8,9,7,8,8,9,6,5,7,5,"Climate and the environment, Mental health and wellbeing",,Male,White,No,Working,No,Yes
12/10/2026 11:48:41,22 to 25,South East England,,NG7,No,"Funded open-access youth clubs and youth workers in every area, Community sports facilities, playing fields and free swimming, Free school meals for more pupils, and holiday food provision",,Cost of living and financial security,,Climate and the environment,Online access decides who gets opportunities and it is very unequal.,4,2,5,3,3,3,0,7,6,6,5,7,8,10,10,8,9,4,8,8,8,10,6,8,10,7,6,8,10,9,5,10,5,10,5,5,"Jobs, apprenticeships and work experience, Climate and the environment",Listen to young people from small island states before it is too late to listen to them at all.,Female,White,No,Working,Yes,Yes
13/10/2026 20:36:54,19 to 21,I live outside the UK,Nigeria,,Yes,"Free school meals for more pupils, and holiday food provision, Restored further education and adult skills funding, and lower tuition fees, Arts, music and drama in the curriculum, and free or low-cost music tuition",Cheaper driving lessons and tests for young people in rural areas.,Digital life and online safety,,Education and curriculum for life,Youth unemployment across the Commonwealth is the common thread in all of this.,2,2,3,6,2,2,4,4,8,5,3,6,10,10,7,5,8,9,8,3,5,10,7,5,10,3,7,5,9,5,9,10,7,8,4,4,"Education and curriculum for life, Climate and the environment","Put a young person in the room when the decision is being made, not in the photograph afterwards.",Female,White,Yes,Prefer not to say,No,Yes
14/10/2026 20:59:20,16 to 18,North West England,,SW1A,No,"Free school meals for more pupils, and holiday food provision, Funded national youth voice structures (a British Youth Council style body), Arts, music and drama in the curriculum, and free or low-cost music tuition",,Transport and getting around,There is nowhere to go in the evening since the youth centre closed.,"Crime, safety and policing",Young people are excluded from decisions in almost every member state.,0,1,4,3,4,3,4,4,2,7,1,8,4,9,9,9,10,6,7,9,6,8,9,5,9,3,6,6,8,4,9,8,9,5,5,6,"Democracy and youth voice, Jobs, apprenticeships and work experience",Listen to young people from small island states before it is too late to listen to them at all.,Non-binary,White,No,"Not in education, employment or training",Yes,Yes
13/10/2026 11:29:57,19 to 21,West Midlands,,PL4,Prefer not to say,"Free or capped bus travel for under-25s, Local libraries and community spaces with longer opening hours, Restored further education and adult skills funding, and lower tuition fees",Proper funding for school counselling.,Mental health and wellbeing,,Democracy and youth voice,,5,4,7,3,1,0,5,4,8,5,4,4,7,9,10,6,7,7,9,8,9,8,9,6,9,4,5,5,10,6,9,6,8,8,2,6,"Education and curriculum for life, Cost of living and financial security","Stop talking about young people as the future and start treating us as the present. We are already paying rent, already working, already voting in some of your countries.",Female,Mixed or multiple ethnic groups,No,At university,No,Yes
14/10/2026 12:42:10,19 to 21,Northern Ireland,,,Yes,"Free or capped bus travel for under-25s, Guaranteed work experience placements for every pupil, Sure Start style family and early years centres",,"Crime, safety and policing","Waiting lists where I live are over a year, and people get worse while they wait.",Cost of living and financial security,,4,0,9,5,1,5,2,5,8,3,5,4,9,10,7,7,9,4,5,5,8,8,6,10,6,5,7,9,8,6,7,9,9,3,9,8,"Jobs, apprenticeships and work experience, Education and curriculum for life",,Female,Mixed or multiple ethnic groups,No,In school or college,No,Yes
15/10/2026 11:30:49,19 to 21,Yorkshire and the Humber,,B29,Yes,"Community sports facilities, playing fields and free swimming, Funded open-access youth clubs and youth workers in every area, Education Maintenance Allowance (EMA) or an equivalent payment for 16–19 study",Cheaper driving lessons and tests for young people in rural areas.,Mental health and wellbeing,You cannot plan a future when you cannot afford anywhere to live.,"Crime, safety and policing",,7,2,0,2,7,1,4,2,3,3,5,7,8,4,10,7,8,8,9,7,10,10,8,6,9,9,5,6,9,8,8,10,3,10,5,6,"Climate and the environment, Education and curriculum for life",Commonwealth mobility should mean something. Let young people study and work across member states without impossible visa costs.,Female,White,No,In school or college,No,Yes
15/10/2026 14:30:18,22 to 25,London,,,No,"Funded open-access youth clubs and youth workers in every area, Independent careers advice in every school (a Connexions style service), Education Maintenance Allowance (EMA) or an equivalent payment for 16–19 study",Proper funding for school counselling.,Mental health and wellbeing,,Climate and the environment,,3,3,4,2,5,8,3,6,7,3,6,6,10,9,3,8,7,7,7,9,8,8,7,10,6,7,6,8,10,5,7,3,9,3,4,9,Education and curriculum for life,,Female,Prefer not to say,No,At university,No,Yes
13/10/2026 16:16:45,22 to 25,I live outside the UK,Kenya,,No,"Free or capped bus travel for under-25s, Arts, music and drama in the curriculum, and free or low-cost music tuition, Independent careers advice in every school (a Connexions style service)",,Climate and the environment,The support exists on paper but nobody can actually access it.,Cost of living and financial security,,5,7,2,3,2,2,3,2,6,1,6,7,10,7,7,5,9,7,8,7,5,8,10,8,6,6,7,5,9,8,8,9,6,7,4,7,"Equality, discrimination and racism, Cost of living and financial security",,Female,White,No,Apprenticeship or training,No,Yes
14/10/2026 20:34:13,19 to 21,Scotland,,,Yes,"Funded open-access youth clubs and youth workers in every area, Arts, music and drama in the curriculum, and free or low-cost music tuition",Proper funding for school counselling.,Housing and a place to live,,Climate and the environment,,1,3,2,4,0,1,3,4,6,4,3,7,9,8,10,4,4,5,10,3,10,6,6,7,9,9,4,8,6,6,4,5,5,6,4,9,"Climate and the environment, Education and curriculum for life",,Female,White,Yes,Working,No,Yes
15/10/2026 19:39:46,16 to 18,East Midlands,,,No,"Arts, music and drama in the curriculum, and free or low-cost music tuition, Restored further education and adult skills funding, and lower tuition fees, A school nurse and a trained counsellor in every school","Youth centres open at weekends, not just weekdays.",Cost of living and financial security,Everything costs more and nothing about young people’s pay has changed.,"Crime, safety and policing",,5,5,6,2,4,7,4,7,1,7,4,2,10,6,10,9,9,8,4,7,6,10,8,6,6,8,9,8,10,4,7,6,8,6,10,8,"Education and curriculum for life, Crime, safety and policing",,Male,"Black, Black British, Caribbean or African",Prefer not to say,In school or college,No,Yes
13/10/2026 15:11:09,16 to 18,Scotland,,,No,Free or capped bus travel for under-25s,,Housing and a place to live,,Climate and the environment,,6,0,5,3,2,7,5,0,5,3,4,2,7,7,10,8,5,6,5,8,10,4,4,6,8,7,8,10,10,8,7,7,10,3,6,7,"Climate and the environment, Equality, discrimination and racism",We are tired of consultations that go nowhere. Publish what you did with this one.,Male,White,No,In school or college,Yes,Yes
15/10/2026 12:53:57,19 to 21,North West England,,NG7,No,"Restored further education and adult skills funding, and lower tuition fees, Funded open-access youth clubs and youth workers in every area, Free or capped bus travel for under-25s",,Housing and a place to live,"Waiting lists where I live are over a year, and people get worse while they wait.","Jobs, apprenticeships and work experience",,5,4,3,4,3,5,3,4,7,5,4,5,6,7,5,9,7,6,8,8,6,5,6,10,10,9,7,8,10,9,6,10,6,7,7,5,"Democracy and youth voice, Equality, discrimination and racism",Every promise made about climate finance has a deadline that falls after you have all left office. Bring the deadlines forward.,Male,Asian or Asian British,No,In school or college,No,Yes
15/10/2026 14:44:51,13 to 15,South East England,,PL4,No,"Free or capped bus travel for under-25s, Independent careers advice in every school (a Connexions style service), Funded national youth voice structures (a British Youth Council style body)",,Cost of living and financial security,"Waiting lists where I live are over a year, and people get worse while they wait.",Cost of living and financial security,,2,2,3,3,3,7,3,7,5,3,5,6,10,8,9,10,10,9,5,8,3,7,5,6,8,9,8,10,8,10,6,5,8,4,6,8,"Cost of living and financial security, Climate and the environment",Young carers and care-experienced young people are invisible in every policy document I have read.,Female,White,No,Working,No,Yes
13/10/2026 13:51:32,22 to 25,Wales,,,No,"Funded open-access youth clubs and youth workers in every area, Restored further education and adult skills funding, and lower tuition fees, Sure Start style family and early years centres","Youth centres open at weekends, not just weekdays.",Cost of living and financial security,,Cost of living and financial security,,4,5,4,4,0,5,3,5,3,3,4,5,4,10,10,8,7,9,10,8,9,10,5,8,7,6,7,7,10,7,9,10,7,4,5,4,"Digital life and online safety, Education and curriculum for life",Young carers and care-experienced young people are invisible in every policy document I have read.,Male,White,No,In school or college,No,Yes
14/10/2026 15:19:55,13 to 15,South East England,,CF10,No,"Funded open-access youth clubs and youth workers in every area, Education Maintenance Allowance (EMA) or an equivalent payment for 16–19 study, Funded national youth voice structures (a British Youth Council style body)",Free school transport past the age of 16.,Mental health and wellbeing,,Education and curriculum for life,,7,0,5,5,0,3,3,2,5,3,3,5,8,5,6,9,6,7,7,9,6,9,9,8,9,5,6,10,6,6,10,9,5,5,6,8,"Jobs, apprenticeships and work experience, Youth services and safe places to go",,Female,White,No,In school or college,No,Yes
15/10/2026 10:29:40,19 to 21,East Midlands,,G12,Prefer not to say,"Education Maintenance Allowance (EMA) or an equivalent payment for 16–19 study, Free or capped bus travel for under-25s, A school nurse and a trained counsellor in every school",,Mental health and wellbeing,My school had one careers adviser for eight hundred students.,"Jobs, apprenticeships and work experience",,0,0,0,9,0,6,1,2,8,1,5,6,9,10,10,7,7,7,10,9,5,8,5,6,8,5,8,9,5,10,9,7,8,5,7,8,"Cost of living and financial security, Mental health and wellbeing","Talk to young people who are not already in youth parliaments. We are not the hard-to-reach ones, you are.",Female,White,No,In school or college,No,Yes
15/10/2026 09:46:41,16 to 18,West Midlands,,,Yes,"Community sports facilities, playing fields and free swimming, Restored further education and adult skills funding, and lower tuition fees",,"Crime, safety and policing",,"Jobs, apprenticeships and work experience",There are not enough jobs for the number of graduates being produced.,0,3,5,3,3,5,2,3,3,2,4,6,10,10,10,2,10,10,9,10,8,10,8,6,7,6,9,6,7,10,7,9,9,5,5,8,"Crime, safety and policing, Equality, discrimination and racism",,Male,White,Prefer not to say,At university,No,Yes
15/10/2026 14:07:22,16 to 18,Yorkshire and the Humber,,NG7,No,"Independent careers advice in every school (a Connexions style service), Arts, music and drama in the curriculum, and free or low-cost music tuition, Funded open-access youth clubs and youth workers in every area",,Mental health and wellbeing,My school had one careers adviser for eight hundred students.,Climate and the environment,,0,2,4,5,3,3,2,7,7,3,7,6,9,7,7,9,7,5,7,3,8,10,8,9,8,4,8,9,10,10,8,8,7,5,3,2,"Equality, discrimination and racism, Cost of living and financial security",Girls across the Commonwealth are still leaving education early. That should embarrass every leader in the room.,Female,Prefer not to say,No,In school or college,No,Yes
16/10/2026 19:56:58,19 to 21,West Midlands,,,No,"Local libraries and community spaces with longer opening hours, A school nurse and a trained counsellor in every school, Independent careers advice in every school (a Connexions style service)",,Mental health and wellbeing,Rent takes most of my wages and I still live with my parents.,Democracy and youth voice,,3,0,4,7,1,2,4,3,6,2,3,5,9,10,8,9,7,8,10,9,9,5,7,7,8,6,7,6,7,8,3,7,5,2,9,7,Climate and the environment,,Female,Mixed or multiple ethnic groups,No,In school or college,No,Yes
16/10/2026 11:12:04,19 to 21,North East England,,CV1,Yes,"Arts, music and drama in the curriculum, and free or low-cost music tuition",,Cost of living and financial security,There is nowhere to go in the evening since the youth centre closed.,Transport and getting around,,2,3,3,6,0,3,0,5,4,4,5,7,9,7,2,10,8,6,6,8,7,8,6,9,8,4,8,10,8,7,10,5,6,5,6,8,"Jobs, apprenticeships and work experience, Climate and the environment",,Female,Mixed or multiple ethnic groups,No,In school or college,Prefer not to say,Yes
14/10/2026 13:51:24,16 to 18,North West England,,,Yes,"Arts, music and drama in the curriculum, and free or low-cost music tuition, Local libraries and community spaces with longer opening hours",,"Jobs, apprenticeships and work experience",My school had one careers adviser for eight hundred students.,Mental health and wellbeing,,0,3,6,6,3,4,2,4,5,4,6,2,9,10,10,4,7,9,6,5,5,10,7,9,4,4,7,9,8,7,5,8,7,6,7,4,"Cost of living and financial security, Crime, safety and policing",Online harm is not a side issue. It is where we live most of our lives.,Prefer not to say,White,No,Apprenticeship or training,No,Yes
15/10/2026 17:41:33,13 to 15,Wales,,,No,"Funded open-access youth clubs and youth workers in every area, Sure Start style family and early years centres, Free or capped bus travel for under-25s",Music lessons that are not only for people who can pay.,"Jobs, apprenticeships and work experience",The support exists on paper but nobody can actually access it.,Mental health and wellbeing,,8,3,0,2,4,1,2,7,3,5,1,4,9,10,8,10,10,10,8,10,9,7,5,10,8,8,6,7,7,8,7,10,3,8,7,3,"Climate and the environment, Mental health and wellbeing","Apprenticeships that pay less than rent are not opportunities, they are a trap.",Female,White,Prefer not to say,Working,Prefer not to say,Yes
16/10/2026 18:10:57,13 to 15,I live outside the UK,Malta,,No,"Restored further education and adult skills funding, and lower tuition fees, Funded open-access youth clubs and youth workers in every area, Independent careers advice in every school (a Connexions style service)",,Digital life and online safety,"Waiting lists where I live are over a year, and people get worse while they wait.","Equality, discrimination and racism",Young people are excluded from decisions in almost every member state.,3,2,7,5,2,1,5,4,5,7,5,5,9,7,8,7,7,6,9,6,9,7,6,10,4,7,6,7,9,9,9,9,7,8,5,10,Climate and the environment,"Education across the Commonwealth should prepare us for the jobs that will exist, not the ones that did.",Male,White,No,At university,No,Yes
15/10/2026 09:48:55,16 to 18,London,,NE1,No,"Free school meals for more pupils, and holiday food provision",Cheaper driving lessons and tests for young people in rural areas.,"Jobs, apprenticeships and work experience",,Climate and the environment,Girls are still being taken out of education early in too many countries.,4,5,,,,3,,5,5,,,,,,10,9,8,10,,,10,5,3,6,10,7,5,,,,,,,6,,,"Democracy and youth voice, Equality, discrimination and racism",We are tired of consultations that go nowhere. Publish what you did with this one.,Male,Other ethnic group,Yes,Working,No,Yes
16/10/2026 15:00:14,16 to 18,East Midlands,,,No,Local libraries and community spaces with longer opening hours,,"Crime, safety and policing",The support exists on paper but nobody can actually access it.,"Equality, discrimination and racism",Young people are excluded from decisions in almost every member state.,1,2,1,4,5,6,4,6,6,5,5,9,10,6,7,10,9,7,6,8,7,9,8,10,5,8,6,8,8,8,9,10,6,7,5,2,"Climate and the environment, Jobs, apprenticeships and work experience",,Female,White,No,Apprenticeship or training,No,Yes
15/10/2026 19:32:16,22 to 25,Yorkshire and the Humber,,,No,"Independent careers advice in every school (a Connexions style service), Arts, music and drama in the curriculum, and free or low-cost music tuition, Community sports facilities, playing fields and free swimming",Free school transport past the age of 16.,Mental health and wellbeing,,Climate and the environment,,3,3,2,5,2,2,1,3,5,6,7,7,10,9,9,10,10,4,8,9,9,5,5,8,5,8,6,6,3,4,3,5,3,6,3,5,"Mental health and wellbeing, Climate and the environment",Listen to young people from small island states before it is too late to listen to them at all.,Male,White,No,In school or college,No,Yes
16/10/2026 09:59:34,13 to 15,London,,,No,"A school nurse and a trained counsellor in every school, Arts, music and drama in the curriculum, and free or low-cost music tuition, Funded open-access youth clubs and youth workers in every area",Free swimming for under-18s.,Housing and a place to live,,Housing and a place to live,Young people are excluded from decisions in almost every member state.,0,6,7,0,3,4,1,9,7,2,3,4,8,5,8,10,6,10,6,6,7,8,5,4,10,4,10,9,8,5,8,7,8,10,6,1,"Climate and the environment, Jobs, apprenticeships and work experience",,Male,White,No,Working,No,Yes
15/10/2026 19:45:32,19 to 21,South East England,,NE1,No,"Restored further education and adult skills funding, and lower tuition fees",,Cost of living and financial security,Everything costs more and nothing about young people’s pay has changed.,Cost of living and financial security,"Young people in some member states cannot finish school because of cost, not ability.",,,,,,1,,,,7,,,,4,,,,,,,,,8,,10,,8,5,,,,,10,,,9,"Education and curriculum for life, Democracy and youth voice",Online harm is not a side issue. It is where we live most of our lives.,Male,White,No,In school or college,No,Yes
17/10/2026 16:16:53,19 to 21,South West England,,S10,No,"Arts, music and drama in the curriculum, and free or low-cost music tuition, Funded open-access youth clubs and youth workers in every area, Sure Start style family and early years centres",,Youth services and safe places to go,,Climate and the environment,"Young people in some member states cannot finish school because of cost, not ability.",3,3,4,2,3,3,4,5,9,10,5,4,10,6,8,7,6,7,7,6,10,9,10,9,7,9,10,6,9,10,9,5,6,6,3,8,"Education and curriculum for life, Climate and the environment",Bring back the things that were cut before you announce anything new.,Male,White,Yes,In school or college,No,Yes
17/10/2026 11:39:50,16 to 18,London,,,No,"A school nurse and a trained counsellor in every school, Guaranteed work experience placements for every pupil, Free or capped bus travel for under-25s",Music lessons that are not only for people who can pay.,"Crime, safety and policing",,Climate and the environment,,6,3,5,2,0,9,5,3,5,1,7,4,5,6,10,8,10,3,10,8,10,9,7,5,7,6,10,7,5,3,6,5,6,6,5,4,"Jobs, apprenticeships and work experience, Housing and a place to live",The cost of getting to college is the reason people drop out. Fix transport and you fix attendance.,Male,Other ethnic group,No,In school or college,No,Yes
16/10/2026 13:34:39,16 to 18,Scotland,,M14,No,"A school nurse and a trained counsellor in every school, Community sports facilities, playing fields and free swimming",Free swimming for under-18s.,Housing and a place to live,"Waiting lists where I live are over a year, and people get worse while they wait.",Cost of living and financial security,,0,1,,,,,4,2,,,,6,10,5,10,6,,,,,,,,9,,,6,,,9,8,,,6,,,"Climate and the environment, Transport and getting around",Fund the youth workers. They are the only adults some of us actually trust.,Female,White,Prefer not to say,Working,No,Yes
15/10/2026 14:10:15,16 to 18,East Midlands,,,Yes,"Independent careers advice in every school (a Connexions style service), Local libraries and community spaces with longer opening hours",,"Crime, safety and policing",,Education and curriculum for life,,6,5,5,6,1,3,5,3,6,7,7,4,7,10,10,7,10,9,5,10,5,6,6,7,10,7,10,8,9,9,7,8,8,9,8,9,"Climate and the environment, Mental health and wellbeing","Stop talking about young people as the future and start treating us as the present. We are already paying rent, already working, already voting in some of your countries.",Male,White,No,At university,No,Yes
15/10/2026 13:31:50,19 to 21,Wales,,,No,"Cheaper rail travel and a wider young persons railcard, Funded open-access youth clubs and youth workers in every area, Arts, music and drama in the curriculum, and free or low-cost music tuition",Cheaper driving lessons and tests for young people in rural areas.,Mental health and wellbeing,The support exists on paper but nobody can actually access it.,Climate and the environment,,2,3,5,6,4,6,2,1,8,0,7,6,9,9,9,8,5,8,9,10,10,9,5,9,8,0,7,6,10,6,9,9,4,7,5,5,"Jobs, apprenticeships and work experience, Education and curriculum for life",,Female,Asian or Asian British,Prefer not to say,In school or college,No,Yes
15/10/2026 20:05:19,19 to 21,East Midlands,,,No,"Free school meals for more pupils, and holiday food provision, Education Maintenance Allowance (EMA) or an equivalent payment for 16–19 study, Funded open-access youth clubs and youth workers in every area",,Housing and a place to live,,"Jobs, apprenticeships and work experience",,2,3,2,3,3,8,1,4,6,5,3,4,9,7,10,7,10,5,6,10,6,9,10,8,9,9,5,7,8,10,10,10,7,3,4,9,"Jobs, apprenticeships and work experience, Crime, safety and policing","Climate adaptation money needs to reach communities, not consultants.",Male,Mixed or multiple ethnic groups,Prefer not to say,In school or college,No,Yes
15/10/2026 10:01:43,16 to 18,North East England,,S10,No,"Education Maintenance Allowance (EMA) or an equivalent payment for 16–19 study, Independent careers advice in every school (a Connexions style service), Local libraries and community spaces with longer opening hours",Free school transport past the age of 16.,Mental health and wellbeing,,"Jobs, apprenticeships and work experience",Corruption means money meant for young people does not reach us.,2,4,5,3,1,4,5,6,7,2,6,4,9,10,8,10,10,6,10,10,10,10,5,8,8,6,7,7,9,9,10,9,9,4,4,9,"Jobs, apprenticeships and work experience, Equality, discrimination and racism",,Female,"Black, Black British, Caribbean or African",Yes,In school or college,No,Yes
16/10/2026 10:05:59,22 to 25,I live outside the UK,Kenya,,No,"Guaranteed work experience placements for every pupil, Education Maintenance Allowance (EMA) or an equivalent payment for 16–19 study, Community sports facilities, playing fields and free swimming",,Mental health and wellbeing,People my age are scared on public transport and nobody talks about it.,Climate and the environment,,6,1,5,7,3,2,2,5,7,5,6,4,7,9,8,4,8,5,3,6,6,5,6,9,9,4,5,10,6,7,10,5,6,3,5,7,"Cost of living and financial security, Climate and the environment",,Female,White,No,In school or college,No,Yes
17/10/2026 12:06:08,19 to 21,North East England,,,Yes,Sure Start style family and early years centres,,Cost of living and financial security,,Democracy and youth voice,Climate change is already displacing people my age in Pacific member states.,1,0,4,0,5,2,2,2,7,6,5,7,6,7,10,5,10,6,10,7,10,9,5,10,10,7,6,5,6,10,8,9,10,6,6,8,"Jobs, apprenticeships and work experience, Mental health and wellbeing","Stop talking about young people as the future and start treating us as the present. We are already paying rent, already working, already voting in some of your countries.",Male,White,No,Working,No,Yes
15/10/2026 19:34:31,16 to 18,East Midlands,,,Yes,"Community sports facilities, playing fields and free swimming, Independent careers advice in every school (a Connexions style service), Restored further education and adult skills funding, and lower tuition fees",Proper funding for school counselling.,"Jobs, apprenticeships and work experience",,"Crime, safety and policing",,2,4,10,4,3,4,2,5,6,8,4,4,5,3,7,10,7,8,10,9,10,7,8,7,7,6,7,10,6,8,8,6,3,6,1,10,"Education and curriculum for life, Jobs, apprenticeships and work experience","Apprenticeships that pay less than rent are not opportunities, they are a trap.",Male,"Black, Black British, Caribbean or African",No,Working,Prefer not to say,Yes
15/10/2026 15:50:15,Under 13,East of England,,NG7,No,Education Maintenance Allowance (EMA) or an equivalent payment for 16–19 study,,Mental health and wellbeing,,Cost of living and financial security,Corruption means money meant for young people does not reach us.,0,5,5,4,4,5,2,8,1,7,3,4,9,7,6,8,5,6,6,10,10,10,5,4,7,4,10,9,10,5,7,4,9,10,0,6,"Housing and a place to live, Equality, discrimination and racism",,Male,White,No,In school or college,No,Yes
16/10/2026 12:30:15,13 to 15,South West England,,,Prefer not to say,Free or capped bus travel for under-25s,,Housing and a place to live,People my age are scared on public transport and nobody talks about it.,"Equality, discrimination and racism",,7,0,7,6,5,3,1,3,5,1,5,7,7,6,8,6,7,5,7,5,6,5,9,9,6,7,7,9,7,6,6,7,10,8,7,7,"Democracy and youth voice, Climate and the environment",,Male,Prefer not to say,No,In school or college,No,Yes
17/10/2026 20:29:18,19 to 21,London,,B29,Yes,"Restored further education and adult skills funding, and lower tuition fees",,Housing and a place to live,Everyone I know is choosing between transport to college and lunch.,Housing and a place to live,,5,5,5,6,4,1,2,2,5,6,4,6,10,8,7,8,4,2,8,10,5,8,5,4,6,5,6,9,10,8,6,10,5,6,4,10,"Climate and the environment, Equality, discrimination and racism",,Male,Other ethnic group,Prefer not to say,In school or college,No,Yes
17/10/2026 12:27:39,16 to 18,South West England,,CV1,No,"Education Maintenance Allowance (EMA) or an equivalent payment for 16–19 study, A school nurse and a trained counsellor in every school, Free school meals for more pupils, and holiday food provision",,Mental health and wellbeing,Everything costs more and nothing about young people’s pay has changed.,"Jobs, apprenticeships and work experience",,2,5,6,3,2,0,3,8,3,9,4,2,10,8,9,10,9,10,6,7,7,7,10,10,6,7,8,9,6,10,8,6,2,8,7,8,"Education and curriculum for life, Climate and the environment",,Female,White,No,Apprenticeship or training,No,Yes
17/10/2026 19:22:08,22 to 25,North West England,,NG7,No,"Community sports facilities, playing fields and free swimming, Funded open-access youth clubs and youth workers in every area, Free or capped bus travel for under-25s",,Youth services and safe places to go,,Housing and a place to live,,,5,,4,,,,,,3,,,,,9,,10,,10,,5,9,,6,,,,,,,10,,,,5,5,Cost of living and financial security,,Female,White,No,In school or college,No,Yes
18/10/2026 17:09:31,22 to 25,I live outside the UK,Samoa,,Yes,Funded national youth voice structures (a British Youth Council style body),Proper funding for school counselling.,Cost of living and financial security,Apprenticeships near me pay so little that you need parents who can support you.,Housing and a place to live,,6,3,6,8,1,6,4,7,5,5,2,6,5,10,7,9,6,7,6,9,8,8,3,7,7,10,9,7,7,8,7,10,4,5,6,6,"Cost of living and financial security, Digital life and online safety","Put a young person in the room when the decision is being made, not in the photograph afterwards.",Male,White,No,In school or college,No,Yes
17/10/2026 18:53:49,19 to 21,North West England,,S10,Yes,"Funded open-access youth clubs and youth workers in every area, Sure Start style family and early years centres, Free or capped bus travel for under-25s",Cheaper driving lessons and tests for young people in rural areas.,Youth services and safe places to go,,"Jobs, apprenticeships and work experience",,3,3,4,3,1,3,3,5,3,4,9,6,5,7,8,9,9,7,10,6,9,6,9,7,8,7,7,8,7,9,7,8,10,1,5,7,"Climate and the environment, Jobs, apprenticeships and work experience",,Prefer not to say,White,Prefer not to say,Prefer not to say,No,Yes
17/10/2026 18:36:38,16 to 18,Scotland,,L18,Yes,"Guaranteed work experience placements for every pupil, Funded open-access youth clubs and youth workers in every area, Education Maintenance Allowance (EMA) or an equivalent payment for 16–19 study",,Mental health and wellbeing,,Cost of living and financial security,,5,2,5,1,5,2,2,2,6,1,8,2,10,10,7,6,8,6,10,7,6,10,9,5,8,7,4,10,10,6,6,10,7,8,9,7,"Jobs, apprenticeships and work experience, Cost of living and financial security",You measure success in GDP. Measure it in whether an 18-year-old can see a future where they live.,Female,White,No,Working,No,Yes
18/10/2026 10:42:51,13 to 15,South East England,,B29,Yes,"Funded open-access youth clubs and youth workers in every area, Free school meals for more pupils, and holiday food provision, Restored further education and adult skills funding, and lower tuition fees",,"Jobs, apprenticeships and work experience",,Climate and the environment,,2,5,6,6,5,2,6,3,5,7,8,4,10,5,10,10,10,5,10,4,6,5,7,2,9,10,4,5,9,9,8,2,8,3,7,9,"Democracy and youth voice, Cost of living and financial security","If you want us to trust institutions, give us something to trust. Fund youth services properly and keep them open.",Male,White,No,In school or college,No,Yes
18/10/2026 14:13:49,13 to 15,East of England,,,No,"Free school meals for more pupils, and holiday food provision",Free school transport past the age of 16.,"Crime, safety and policing",,Climate and the environment,Girls are still being taken out of education early in too many countries.,2,4,0,4,1,5,1,7,5,1,6,6,4,4,7,8,6,10,10,7,9,6,6,7,8,9,9,10,10,4,6,9,3,3,8,6,"Jobs, apprenticeships and work experience",The cost of getting to college is the reason people drop out. Fix transport and you fix attendance.,Female,White,No,Prefer not to say,No,Yes
16/10/2026 09:55:25,16 to 18,London,,PL4,No,"Restored further education and adult skills funding, and lower tuition fees, Sure Start style family and early years centres, Free school meals for more pupils, and holiday food provision",Free swimming for under-18s.,Youth services and safe places to go,,Climate and the environment,,3,3,3,4,6,2,7,5,10,4,3,7,9,7,10,10,5,10,2,9,10,5,9,7,9,7,8,10,10,10,5,7,9,4,6,10,"Equality, discrimination and racism, Education and curriculum for life",,Female,"Black, Black British, Caribbean or African",No,Working,No,Yes
17/10/2026 12:46:00,16 to 18,North East England,,,Prefer not to say,"Free or capped bus travel for under-25s, A school nurse and a trained counsellor in every school, Free school meals for more pupils, and holiday food provision",,Cost of living and financial security,,Education and curriculum for life,There are not enough jobs for the number of graduates being produced.,4,1,3,7,1,3,0,9,3,8,3,9,8,9,7,10,9,10,10,10,9,7,10,9,7,9,8,5,7,5,6,8,7,6,2,8,"Jobs, apprenticeships and work experience, Democracy and youth voice",Make the commitments measurable and publish who missed them.,Female,"Black, Black British, Caribbean or African",Prefer not to say,Working,No,Yes
18/10/2026 10:12:39,16 to 18,North East England,,TS1,No,Local libraries and community spaces with longer opening hours,,"Jobs, apprenticeships and work experience","Waiting lists where I live are over a year, and people get worse while they wait.",Climate and the environment,,1,4,1,5,2,1,0,3,5,4,7,10,8,5,8,9,10,6,8,8,8,8,9,7,6,8,6,8,10,8,6,7,7,9,7,7,"Cost of living and financial security, Education and curriculum for life",,Male,Prefer not to say,No,At university,No,Yes
18/10/2026 18:27:32,16 to 18,London,,PL4,Yes,"Arts, music and drama in the curriculum, and free or low-cost music tuition, Free school meals for more pupils, and holiday food provision, A school nurse and a trained counsellor in every school",,Digital life and online safety,,"Jobs, apprenticeships and work experience",,3,5,5,4,3,7,1,4,5,3,0,6,10,8,8,10,7,3,4,10,6,10,7,7,10,8,7,2,10,10,8,9,8,7,5,7,"Jobs, apprenticeships and work experience, Education and curriculum for life","Stop talking about young people as the future and start treating us as the present. We are already paying rent, already working, already voting in some of your countries.",Male,Prefer not to say,No,Working,No,Yes
16/10/2026 09:26:53,22 to 25,East Midlands,,,Yes,"Independent careers advice in every school (a Connexions style service), Funded open-access youth clubs and youth workers in every area, Funded national youth voice structures (a British Youth Council style body)",,"Crime, safety and policing",,Education and curriculum for life,,3,4,5,6,1,4,5,4,9,7,0,6,8,7,10,10,10,8,7,8,8,7,7,7,10,8,4,3,10,8,8,9,8,8,7,6,"Education and curriculum for life, Digital life and online safety",You measure success in GDP. Measure it in whether an 18-year-old can see a future where they live.,Female,White,No,In school or college,Yes,Yes
19/10/2026 11:18:34,16 to 18,South West England,,,No,"Sure Start style family and early years centres, Community sports facilities, playing fields and free swimming, Restored further education and adult skills funding, and lower tuition fees","Youth centres open at weekends, not just weekdays.",Youth services and safe places to go,,Education and curriculum for life,,1,4,6,5,3,5,4,0,7,4,5,4,9,6,10,10,6,3,10,7,9,10,6,8,6,7,10,5,9,7,7,9,6,7,9,8,"Mental health and wellbeing, Education and curriculum for life","Stop talking about young people as the future and start treating us as the present. We are already paying rent, already working, already voting in some of your countries.",Female,White,No,In school or college,No,Yes
19/10/2026 14:10:22,19 to 21,South East England,,EH8,No,"Education Maintenance Allowance (EMA) or an equivalent payment for 16–19 study, A school nurse and a trained counsellor in every school",,Cost of living and financial security,,"Jobs, apprenticeships and work experience",,,,,5,,5,,,,5,2,7,,,,8,,,,,7,,,,5,,,,,6,,8,,,5,,"Cost of living and financial security, Education and curriculum for life",,Female,White,No,"Not in education, employment or training",No,Yes
17/10/2026 20:34:31,19 to 21,North East England,,TS1,No,"Funded open-access youth clubs and youth workers in every area, A school nurse and a trained counsellor in every school, Independent careers advice in every school (a Connexions style service)",,Housing and a place to live,Everyone I know is choosing between transport to college and lunch.,"Jobs, apprenticeships and work experience",,,4,5,,,,,,,,,,4,,,,,9,6,7,,7,,10,4,7,8,,,,,,10,7,,6,"Transport and getting around, Education and curriculum for life",,Female,White,No,At university,No,Yes
18/10/2026 11:35:15,13 to 15,East of England,,M14,No,"Free or capped bus travel for under-25s, A school nurse and a trained counsellor in every school","Youth centres open at weekends, not just weekdays.","Crime, safety and policing",There is nowhere to go in the evening since the youth centre closed.,Climate and the environment,,1,2,3,7,3,5,2,2,7,6,6,5,7,6,5,10,8,6,10,7,7,8,6,7,9,5,4,10,8,9,6,6,9,9,8,8,"Equality, discrimination and racism, Jobs, apprenticeships and work experience",,Male,White,No,At university,No,Yes
18/10/2026 10:11:45,16 to 18,East Midlands,,,Prefer not to say,"Cheaper rail travel and a wider young persons railcard, Arts, music and drama in the curriculum, and free or low-cost music tuition, Independent careers advice in every school (a Connexions style service)",Cheaper driving lessons and tests for young people in rural areas.,"Equality, discrimination and racism",People my age are scared on public transport and nobody talks about it.,"Jobs, apprenticeships and work experience",,6,3,6,5,2,2,3,2,7,0,6,5,9,9,10,9,5,6,10,7,8,9,7,9,6,4,6,5,7,9,8,9,7,6,6,3,"Equality, discrimination and racism, Crime, safety and policing",,Female,White,No,In school or college,Prefer not to say,Yes
18/10/2026 20:29:29,22 to 25,London,,NE1,No,"A school nurse and a trained counsellor in every school, Education Maintenance Allowance (EMA) or an equivalent payment for 16–19 study, Funded open-access youth clubs and youth workers in every area",Free swimming for under-18s.,Cost of living and financial security,,"Jobs, apprenticeships and work experience",,1,7,5,4,3,2,1,6,7,3,5,8,10,8,10,6,7,10,10,10,5,10,6,8,10,3,6,2,10,8,8,6,7,6,7,7,Climate and the environment,,Female,Other ethnic group,No,In school or college,No,Yes
17/10/2026 16:20:13,13 to 15,North West England,,,Yes,"Funded open-access youth clubs and youth workers in every area, Arts, music and drama in the curriculum, and free or low-cost music tuition, Free or capped bus travel for under-25s",Proper funding for school counselling.,Mental health and wellbeing,Everyone I know is choosing between transport to college and lunch.,"Crime, safety and policing",Climate change is already displacing people my age in Pacific member states.,,,,,5,4,,3,2,,4,,9,,10,6,,10,,7,7,,,5,,,,7,,,,7,7,,8,10,"Jobs, apprenticeships and work experience, Climate and the environment",,Male,White,No,Working,No,Yes
18/10/2026 17:53:11,16 to 18,I live outside the UK,Pakistan,,No,"Education Maintenance Allowance (EMA) or an equivalent payment for 16–19 study, Arts, music and drama in the curriculum, and free or low-cost music tuition",,Cost of living and financial security,,Education and curriculum for life,,6,5,3,4,3,4,2,6,7,2,5,8,8,9,10,5,7,7,6,9,8,7,9,9,10,6,6,7,10,10,6,6,7,7,8,8,"Jobs, apprenticeships and work experience, Crime, safety and policing",,Female,White,No,At university,No,Yes
19/10/2026 20:20:40,16 to 18,London,,,No,"Guaranteed work experience placements for every pupil, Funded open-access youth clubs and youth workers in every area",,Cost of living and financial security,,"Crime, safety and policing",,2,7,0,0,3,5,4,3,6,3,5,4,6,10,6,8,10,4,7,8,9,7,4,8,9,10,7,5,10,7,9,7,6,3,6,7,"Crime, safety and policing, Equality, discrimination and racism",Girls across the Commonwealth are still leaving education early. That should embarrass every leader in the room.,Female,White,Yes,In school or college,No,Yes
19/10/2026 14:15:29,22 to 25,South East England,,CF10,Yes,"Community sports facilities, playing fields and free swimming",Free school transport past the age of 16.,Mental health and wellbeing,"Waiting lists where I live are over a year, and people get worse while they wait.","Equality, discrimination and racism",,2,4,1,3,5,1,2,5,3,2,4,7,7,9,10,10,9,8,9,8,8,10,9,10,7,8,10,7,7,7,4,9,7,6,7,8,"Crime, safety and policing, Jobs, apprenticeships and work experience",,Female,White,Prefer not to say,"Not in education, employment or training",No,Yes
20/10/2026 19:51:32,16 to 18,East Midlands,,B29,Prefer not to say,"Funded open-access youth clubs and youth workers in every area, Free school meals for more pupils, and holiday food provision, Arts, music and drama in the curriculum, and free or low-cost music tuition",,Mental health and wellbeing,My school had one careers adviser for eight hundred students.,Mental health and wellbeing,,5,5,3,5,4,3,7,0,4,7,7,6,8,4,10,8,10,5,3,9,10,7,8,6,9,10,6,6,8,6,9,5,7,8,4,4,"Climate and the environment, Education and curriculum for life","Mental health support should not depend on which postcode you live in, or which country.",Female,White,No,In school or college,No,Yes
18/10/2026 11:16:18,Under 13,East of England,,,No,"Free school meals for more pupils, and holiday food provision, Arts, music and drama in the curriculum, and free or low-cost music tuition, Restored further education and adult skills funding, and lower tuition fees",Free school transport past the age of 16.,Housing and a place to live,"Waiting lists where I live are over a year, and people get worse while they wait.",Mental health and wellbeing,,0,1,3,6,1,6,3,7,3,4,4,7,6,7,8,7,6,9,8,8,10,8,8,9,10,9,9,9,3,6,6,9,8,4,5,5,"Crime, safety and policing, Jobs, apprenticeships and work experience",,Male,White,No,In school or college,No,Yes
18/10/2026 13:57:17,19 to 21,East Midlands,,,No,"Arts, music and drama in the curriculum, and free or low-cost music tuition, Independent careers advice in every school (a Connexions style service), Free school meals for more pupils, and holiday food provision",Music lessons that are not only for people who can pay.,Youth services and safe places to go,,"Equality, discrimination and racism",,0,1,9,3,0,5,2,5,2,5,6,7,5,4,7,10,7,7,8,7,6,10,10,10,10,8,5,8,7,8,7,5,8,6,6,6,"Education and curriculum for life, Cost of living and financial security","Stop talking about young people as the future and start treating us as the present. We are already paying rent, already working, already voting in some of your countries.",Female,"Black, Black British, Caribbean or African",No,At university,No,Yes
18/10/2026 10:09:22,16 to 18,South East England,,CF10,No,"Sure Start style family and early years centres, Community sports facilities, playing fields and free swimming",,Housing and a place to live,,"Jobs, apprenticeships and work experience",,4,6,3,3,4,2,2,1,7,6,4,6,9,8,9,8,6,7,6,8,10,10,9,10,8,5,1,9,9,6,6,8,6,8,6,7,"Equality, discrimination and racism",,Female,Mixed or multiple ethnic groups,Yes,In school or college,No,Yes
20/10/2026 18:18:34,13 to 15,I live outside the UK,India,,Yes,"Arts, music and drama in the curriculum, and free or low-cost music tuition, Free school meals for more pupils, and holiday food provision",Free swimming for under-18s.,"Jobs, apprenticeships and work experience",,"Jobs, apprenticeships and work experience",,5,,,,,,,,3,6,3,,,7,,,,,9,5,,,,,9,7,5,,,7,5,6,4,7,,4,"Transport and getting around, Cost of living and financial security",,Male,White,No,Working,Yes,Yes
18/10/2026 09:25:16,16 to 18,East Midlands,,NG7,No,"A school nurse and a trained counsellor in every school, Arts, music and drama in the curriculum, and free or low-cost music tuition, Independent careers advice in every school (a Connexions style service)",,"Equality, discrimination and racism",,"Crime, safety and policing","Young people in some member states cannot finish school because of cost, not ability.",7,4,8,7,5,1,4,7,2,4,4,5,8,10,6,8,10,10,8,3,8,10,6,7,10,3,8,5,7,7,9,7,2,8,5,7,"Climate and the environment, Education and curriculum for life",,Non-binary,White,No,Working,No,Yes
18/10/2026 10:13:15,16 to 18,East of England,,,No,"Arts, music and drama in the curriculum, and free or low-cost music tuition, Cheaper rail travel and a wider young persons railcard",,"Jobs, apprenticeships and work experience",,Climate and the environment,,5,3,3,6,2,4,4,9,4,4,5,4,9,6,9,10,10,10,7,6,7,5,5,6,10,5,8,9,10,8,7,8,9,3,5,4,"Education and curriculum for life, Equality, discrimination and racism","If you want us to trust institutions, give us something to trust. Fund youth services properly and keep them open.",Male,Asian or Asian British,Prefer not to say,At university,No,Yes
19/10/2026 20:06:06,16 to 18,London,,BS8,No,"A school nurse and a trained counsellor in every school, Community sports facilities, playing fields and free swimming, Funded open-access youth clubs and youth workers in every area",Free swimming for under-18s.,Housing and a place to live,,Climate and the environment,Youth unemployment across the Commonwealth is the common thread in all of this.,2,3,8,4,4,4,0,2,7,5,7,6,10,2,8,10,9,10,10,5,10,10,3,5,10,8,10,4,5,8,6,8,8,7,9,9,"Crime, safety and policing",,Female,White,No,At university,No,Yes
19/10/2026 15:46:16,22 to 25,I live outside the UK,Pakistan,,Yes,"Independent careers advice in every school (a Connexions style service), Funded open-access youth clubs and youth workers in every area","Youth centres open at weekends, not just weekdays.",Mental health and wellbeing,There is nowhere to go in the evening since the youth centre closed.,"Jobs, apprenticeships and work experience","Young people in some member states cannot finish school because of cost, not ability.",5,5,3,3,1,2,2,5,6,2,1,7,7,10,7,8,9,6,9,9,6,4,6,5,10,5,9,4,8,6,9,8,7,6,8,9,"Education and curriculum for life, Climate and the environment",Online harm is not a side issue. It is where we live most of our lives.,Male,White,No,In school or college,No,Yes
18/10/2026 18:22:26,16 to 18,South East England,,,No,"Restored further education and adult skills funding, and lower tuition fees, A school nurse and a trained counsellor in every school",,Housing and a place to live,The support exists on paper but nobody can actually access it.,"Equality, discrimination and racism",,5,5,4,3,4,4,3,4,4,5,3,6,10,6,8,6,8,4,10,10,6,10,0,8,8,9,8,9,10,6,10,4,7,3,4,9,"Jobs, apprenticeships and work experience, Mental health and wellbeing",,Female,White,Prefer not to say,In school or college,No,Yes
20/10/2026 13:05:33,22 to 25,South East England,,,Yes,A school nurse and a trained counsellor in every school,,Mental health and wellbeing,,"Jobs, apprenticeships and work experience",Girls are still being taken out of education early in too many countries.,2,1,1,6,5,3,3,5,8,8,10,5,8,3,9,10,8,5,10,10,7,10,7,10,7,9,7,6,10,10,10,7,4,6,3,5,"Jobs, apprenticeships and work experience","Put a young person in the room when the decision is being made, not in the photograph afterwards.",Female,White,Prefer not to say,Working,No,Yes
21/10/2026 12:17:46,19 to 21,South West England,,,No,"Independent careers advice in every school (a Connexions style service), Cheaper rail travel and a wider young persons railcard, Free school meals for more pupils, and holiday food provision","Youth centres open at weekends, not just weekdays.","Jobs, apprenticeships and work experience",My school had one careers adviser for eight hundred students.,Climate and the environment,,5,1,4,1,2,1,2,6,6,6,5,6,10,3,7,7,6,9,10,7,8,7,9,8,8,4,6,10,9,6,9,9,6,4,5,10,"Cost of living and financial security, Crime, safety and policing",,Female,Asian or Asian British,Yes,"Not in education, employment or training",Prefer not to say,Yes
19/10/2026 20:54:38,22 to 25,North West England,,SW1A,No,"Guaranteed work experience placements for every pupil, Education Maintenance Allowance (EMA) or an equivalent payment for 16–19 study, Independent careers advice in every school (a Connexions style service)",Music lessons that are not only for people who can pay.,Mental health and wellbeing,,Education and curriculum for life,,0,1,6,2,7,3,6,2,4,1,5,6,10,10,8,10,10,7,10,6,9,6,8,8,5,10,5,8,10,7,8,7,10,9,3,7,"Climate and the environment, Jobs, apprenticeships and work experience",,Female,Prefer not to say,No,Apprenticeship or training,No,Yes
21/10/2026 19:46:51,13 to 15,East of England,,NE1,Yes,"Free school meals for more pupils, and holiday food provision, A school nurse and a trained counsellor in every school, Education Maintenance Allowance (EMA) or an equivalent payment for 16–19 study",,"Crime, safety and policing",People my age are scared on public transport and nobody talks about it.,Cost of living and financial security,"Young people in some member states cannot finish school because of cost, not ability.",4,2,4,5,2,2,8,6,5,4,8,9,10,10,10,7,10,8,10,8,6,10,10,8,10,5,6,9,9,5,9,7,6,4,6,4,"Climate and the environment, Equality, discrimination and racism",,Female,White,No,Working,No,Yes
20/10/2026 16:52:01,16 to 18,East of England,,,No,"Guaranteed work experience placements for every pupil, Free or capped bus travel for under-25s, Free school meals for more pupils, and holiday food provision",,Housing and a place to live,My school had one careers adviser for eight hundred students.,Education and curriculum for life,Climate change is already displacing people my age in Pacific member states.,5,3,5,4,4,3,0,1,4,1,5,6,7,6,8,7,10,9,9,9,6,9,10,5,10,5,6,7,10,7,6,8,5,4,7,6,"Equality, discrimination and racism, Jobs, apprenticeships and work experience","Youth unemployment is not a young person problem, it is an economy problem. Stop framing it as our failure.",Female,White,No,In school or college,No,Yes
19/10/2026 09:21:34,13 to 15,East of England,,BT9,No,"Funded open-access youth clubs and youth workers in every area, Guaranteed work experience placements for every pupil, Restored further education and adult skills funding, and lower tuition fees",,"Jobs, apprenticeships and work experience",Everything costs more and nothing about young people’s pay has changed.,Climate and the environment,Youth unemployment across the Commonwealth is the common thread in all of this.,2,4,3,4,4,5,4,7,4,2,7,5,7,7,10,6,7,8,10,5,6,8,6,6,7,8,6,6,10,5,10,10,9,3,5,8,"Transport and getting around, Cost of living and financial security",,Male,White,No,Working,No,Yes
21/10/2026 19:26:56,16 to 18,I live outside the UK,Nigeria,,No,"Funded open-access youth clubs and youth workers in every area, Education Maintenance Allowance (EMA) or an equivalent payment for 16–19 study, Independent careers advice in every school (a Connexions style service)",Proper funding for school counselling.,Housing and a place to live,,Education and curriculum for life,,1,0,4,6,2,4,2,0,6,3,6,4,10,9,7,10,9,5,9,4,5,10,4,10,10,8,7,6,8,8,10,7,8,6,6,7,"Education and curriculum for life, Transport and getting around",,Male,White,No,In school or college,No,Yes
20/10/2026 12:13:14,19 to 21,North West England,,,No,"Funded open-access youth clubs and youth workers in every area, Local libraries and community spaces with longer opening hours",,Housing and a place to live,Everyone I know is choosing between transport to college and lunch.,Climate and the environment,,2,1,4,5,2,5,4,3,3,0,6,9,8,7,7,6,8,10,5,9,10,9,8,7,9,4,7,9,8,8,2,5,7,3,3,4,"Equality, discrimination and racism, Cost of living and financial security",,Male,White,No,Working,Prefer not to say,Yes
19/10/2026 13:17:19,Over 25,East Midlands,,,Yes,"Community sports facilities, playing fields and free swimming, Education Maintenance Allowance (EMA) or an equivalent payment for 16–19 study, Funded open-access youth clubs and youth workers in every area",,"Jobs, apprenticeships and work experience",,Climate and the environment,Online access decides who gets opportunities and it is very unequal.,,,,,0,7,,5,6,,,3,,,,,,,,8,,,,6,9,5,,10,7,,6,,6,,7,7,"Education and curriculum for life, Jobs, apprenticeships and work experience",,Non-binary,White,No,Working,No,Yes
20/10/2026 09:54:25,19 to 21,North West England,,CF10,No,"A school nurse and a trained counsellor in every school, Arts, music and drama in the curriculum, and free or low-cost music tuition, Funded open-access youth clubs and youth workers in every area",,Cost of living and financial security,,Climate and the environment,There are not enough jobs for the number of graduates being produced.,3,3,1,1,4,7,4,8,6,2,5,6,8,7,10,8,9,6,8,10,8,10,9,7,6,10,6,8,9,6,6,5,6,9,6,7,Cost of living and financial security,,Male,White,No,In school or college,No,Yes
22/10/2026 17:07:31,22 to 25,I live outside the UK,Pakistan,,Prefer not to say,"Independent careers advice in every school (a Connexions style service), Free or capped bus travel for under-25s, A school nurse and a trained counsellor in every school",,Mental health and wellbeing,,Education and curriculum for life,,,,6,,3,8,4,,,,,,,10,,6,,,10,7,,,,7,,,,5,7,,,9,8,,,6,"Jobs, apprenticeships and work experience, Education and curriculum for life",,Male,White,No,At university,No,Yes
21/10/2026 09:01:17,19 to 21,London,,,No,"Free or capped bus travel for under-25s, A school nurse and a trained counsellor in every school, Independent careers advice in every school (a Connexions style service)",,Mental health and wellbeing,,Cost of living and financial security,,4,6,3,1,5,5,5,2,6,3,4,5,8,10,9,8,6,8,8,9,4,9,8,6,8,10,4,5,10,6,7,6,4,4,3,9,Education and curriculum for life,Racism is still shaping who gets opportunities in every country here. Say so out loud.,Male,White,Yes,At university,Yes,Yes
21/10/2026 17:54:09,16 to 18,West Midlands,,,No,A school nurse and a trained counsellor in every school,,Cost of living and financial security,"Waiting lists where I live are over a year, and people get worse while they wait.","Equality, discrimination and racism",,0,,5,4,3,6,,,,4,3,,,,,,,9,,5,6,8,,,,9,,,,,,8,10,,5,5,"Democracy and youth voice, Mental health and wellbeing",,Male,"Black, Black British, Caribbean or African",No,Prefer not to say,No,Yes
20/10/2026 14:49:41,16 to 18,South East England,,B29,No,Free or capped bus travel for under-25s,,"Equality, discrimination and racism",,Education and curriculum for life,,4,6,6,3,0,3,0,1,2,7,3,7,10,9,10,8,8,9,8,5,9,8,6,7,7,9,3,8,10,5,10,7,5,6,3,7,"Digital life and online safety, Climate and the environment",Fund the youth workers. They are the only adults some of us actually trust.,Female,White,Yes,At university,No,Yes
19/10/2026 17:33:59,22 to 25,South East England,,L18,No,"Community sports facilities, playing fields and free swimming, Restored further education and adult skills funding, and lower tuition fees, Arts, music and drama in the curriculum, and free or low-cost music tuition","Youth centres open at weekends, not just weekdays.",Housing and a place to live,People my age are scared on public transport and nobody talks about it.,Mental health and wellbeing,,3,4,8,1,4,4,1,6,6,5,4,8,10,7,7,6,5,10,7,6,8,9,4,8,10,6,9,3,10,5,7,6,4,3,6,10,"Mental health and wellbeing, Crime, safety and policing",,Male,White,No,In school or college,No,Yes
20/10/2026 18:49:00,16 to 18,South West England,,B29,No,"A school nurse and a trained counsellor in every school, Free school meals for more pupils, and holiday food provision, Community sports facilities, playing fields and free swimming",Free school transport past the age of 16.,Mental health and wellbeing,,Climate and the environment,,,6,3,,,,2,,5,7,,,,10,,,,5,9,,9,,,6,,,9,,,,,,,,5,,"Climate and the environment, Cost of living and financial security",,Male,Asian or Asian British,No,"Not in education, employment or training",No,Yes
20/10/2026 17:44:03,19 to 21,North West England,,SW1A,No,Cheaper rail travel and a wider young persons railcard,Free swimming for under-18s.,Education and curriculum for life,,Cost of living and financial security,Online access decides who gets opportunities and it is very unequal.,2,3,5,5,5,2,2,1,2,5,4,4,6,10,6,8,10,6,10,3,8,7,7,7,10,9,8,9,8,10,5,9,7,7,4,7,"Jobs, apprenticeships and work experience, Climate and the environment",,Female,"Black, Black British, Caribbean or African",Prefer not to say,In school or college,No,Yes
20/10/2026 20:39:42,22 to 25,East Midlands,,CF10,No,Local libraries and community spaces with longer opening hours,Proper funding for school counselling.,Cost of living and financial security,,"Crime, safety and policing",,,,8,6,,,,,,7,,,10,10,,10,,,,,,,,,9,,,8,,,,,9,,,,Climate and the environment,,Male,White,No,Prefer not to say,No,Yes
20/10/2026 14:58:55,16 to 18,Wales,,BS8,No,"Education Maintenance Allowance (EMA) or an equivalent payment for 16–19 study, Funded open-access youth clubs and youth workers in every area, Restored further education and adult skills funding, and lower tuition fees",,Climate and the environment,Everything costs more and nothing about young people’s pay has changed.,Climate and the environment,Young people are excluded from decisions in almost every member state.,5,1,3,0,2,2,4,6,5,6,4,5,5,8,10,10,10,5,9,5,8,8,7,8,7,5,7,10,7,8,10,8,6,6,7,6,Climate and the environment,"Climate adaptation money needs to reach communities, not consultants.",Male,White,Yes,Working,No,Yes
21/10/2026 10:10:44,22 to 25,West Midlands,,B29,No,"Restored further education and adult skills funding, and lower tuition fees, Community sports facilities, playing fields and free swimming, Funded open-access youth clubs and youth workers in every area",Music lessons that are not only for people who can pay.,Mental health and wellbeing,,Education and curriculum for life,,7,5,4,0,3,8,4,5,4,6,7,8,9,4,10,10,10,7,9,8,5,8,5,6,9,7,5,7,10,10,10,10,1,6,4,5,Climate and the environment,,Male,White,No,Working,No,Yes
21/10/2026 12:07:26,19 to 21,Northern Ireland,,BT9,Yes,"Free school meals for more pupils, and holiday food provision, Guaranteed work experience placements for every pupil, A school nurse and a trained counsellor in every school",,Mental health and wellbeing,,"Equality, discrimination and racism",Corruption means money meant for young people does not reach us.,1,4,3,8,5,7,3,5,3,6,3,4,10,8,6,8,10,5,10,9,5,8,2,6,8,6,8,9,10,9,7,7,6,6,5,7,"Housing and a place to live, Climate and the environment",,Male,White,No,In school or college,No,Yes
22/10/2026 19:59:47,16 to 18,North West England,,EH8,No,"Education Maintenance Allowance (EMA) or an equivalent payment for 16–19 study, A school nurse and a trained counsellor in every school",,Education and curriculum for life,Apprenticeships near me pay so little that you need parents who can support you.,Education and curriculum for life,Climate change is already displacing people my age in Pacific member states.,3,6,5,5,2,4,1,6,4,7,3,10,10,10,10,8,8,7,10,6,10,8,10,8,9,10,6,4,9,8,8,4,6,5,7,7,"Jobs, apprenticeships and work experience, Education and curriculum for life","Mental health support should not depend on which postcode you live in, or which country.",Female,White,Yes,Apprenticeship or training,No,Yes
21/10/2026 12:52:54,22 to 25,Yorkshire and the Humber,,CV1,Prefer not to say,Cheaper rail travel and a wider young persons railcard,,Cost of living and financial security,,"Equality, discrimination and racism",,2,2,2,5,1,6,3,5,4,5,4,5,10,5,7,8,10,10,10,9,6,10,10,10,10,8,9,6,8,5,10,7,5,8,2,7,"Jobs, apprenticeships and work experience, Crime, safety and policing",We are tired of consultations that go nowhere. Publish what you did with this one.,Female,Prefer not to say,No,In school or college,No,Yes
21/10/2026 13:04:10,16 to 18,London,,PL4,No,"Education Maintenance Allowance (EMA) or an equivalent payment for 16–19 study, Free school meals for more pupils, and holiday food provision",,Youth services and safe places to go,"Waiting lists where I live are over a year, and people get worse while they wait.","Equality, discrimination and racism",,2,1,6,,4,,2,0,4,,,,,6,7,,8,,9,,,,,,,6,,8,10,5,10,10,3,9,8,,"Jobs, apprenticeships and work experience, Mental health and wellbeing",,Male,Prefer not to say,Prefer not to say,In school or college,No,Yes
21/10/2026 10:12:08,22 to 25,I live outside the UK,Fiji,,No,"Restored further education and adult skills funding, and lower tuition fees, Education Maintenance Allowance (EMA) or an equivalent payment for 16–19 study, Guaranteed work experience placements for every pupil","Youth centres open at weekends, not just weekdays.",Mental health and wellbeing,Everyone I know is choosing between transport to college and lunch.,Education and curriculum for life,,7,3,0,4,1,5,4,4,6,3,5,3,9,5,5,9,10,5,10,5,6,5,9,8,6,9,8,10,5,8,6,6,5,8,6,6,"Jobs, apprenticeships and work experience","Mental health support should not depend on which postcode you live in, or which country.",Non-binary,White,No,Working,No,Yes
22/10/2026 12:53:47,19 to 21,Northern Ireland,,,Yes,"Education Maintenance Allowance (EMA) or an equivalent payment for 16–19 study, Local libraries and community spaces with longer opening hours, Restored further education and adult skills funding, and lower tuition fees",Proper funding for school counselling.,"Crime, safety and policing",,Cost of living and financial security,Youth unemployment across the Commonwealth is the common thread in all of this.,3,0,4,6,3,8,3,6,2,4,1,8,10,7,4,9,5,5,8,9,8,10,10,6,7,3,10,10,6,10,6,8,1,7,4,6,"Mental health and wellbeing, Jobs, apprenticeships and work experience","If you want us to trust institutions, give us something to trust. Fund youth services properly and keep them open.",Male,White,No,Working,No,Yes
21/10/2026 15:26:21,Over 25,South West England,,,No,A school nurse and a trained counsellor in every school,"Youth centres open at weekends, not just weekdays.",Democracy and youth voice,You cannot plan a future when you cannot afford anywhere to live.,Climate and the environment,,3,1,7,5,4,3,1,2,4,6,4,6,8,5,7,7,8,6,8,9,4,8,6,4,7,9,4,9,7,6,10,10,8,6,5,3,"Equality, discrimination and racism, Mental health and wellbeing",Commonwealth mobility should mean something. Let young people study and work across member states without impossible visa costs.,Female,White,No,In school or college,No,Yes
21/10/2026 09:18:05,16 to 18,Yorkshire and the Humber,,,Prefer not to say,"Funded open-access youth clubs and youth workers in every area, Guaranteed work experience placements for every pupil, Free school meals for more pupils, and holiday food provision",Free school transport past the age of 16.,Education and curriculum for life,,Climate and the environment,,,,,,,,,,,,6,,,,8,6,10,4,,,10,,6,,10,,,,,4,,,5,,7,,"Mental health and wellbeing, Youth services and safe places to go",We cannot build a future in countries we cannot afford to live in. Housing is the whole argument.,Female,White,No,In school or college,No,Yes
21/10/2026 16:58:46,22 to 25,South East England,,,No,Free or capped bus travel for under-25s,,Climate and the environment,,Mental health and wellbeing,,2,4,5,4,2,2,4,4,6,5,4,5,5,7,6,9,9,8,10,10,8,7,8,7,9,7,8,4,9,9,8,9,5,9,4,10,"Equality, discrimination and racism",,Female,White,No,At university,No,Yes
22/10/2026 12:55:53,16 to 18,West Midlands,,G12,Yes,"Education Maintenance Allowance (EMA) or an equivalent payment for 16–19 study, Arts, music and drama in the curriculum, and free or low-cost music tuition",,Mental health and wellbeing,Apprenticeships near me pay so little that you need parents who can support you.,Education and curriculum for life,,2,0,6,6,2,4,3,5,6,1,4,0,9,7,7,10,7,8,4,9,10,5,6,6,7,6,7,10,9,3,10,8,8,5,7,8,"Jobs, apprenticeships and work experience, Digital life and online safety","Talk to young people who are not already in youth parliaments. We are not the hard-to-reach ones, you are.",Female,"Black, Black British, Caribbean or African",No,Apprenticeship or training,No,Yes
22/10/2026 16:46:30,13 to 15,South East England,,M14,No,"Education Maintenance Allowance (EMA) or an equivalent payment for 16–19 study, Community sports facilities, playing fields and free swimming, Free or capped bus travel for under-25s","Youth centres open at weekends, not just weekdays.",Mental health and wellbeing,,"Jobs, apprenticeships and work experience",Corruption means money meant for young people does not reach us.,3,,0,,0,,6,3,,5,,,,,8,,5,,7,,,,7,,,,6,8,8,7,,,,,,,"Cost of living and financial security, Climate and the environment",,Female,White,Yes,In school or college,No,Yes
23/10/2026 16:50:25,13 to 15,East Midlands,,,Yes,"Education Maintenance Allowance (EMA) or an equivalent payment for 16–19 study, A school nurse and a trained counsellor in every school, Sure Start style family and early years centres",,Education and curriculum for life,There is nowhere to go in the evening since the youth centre closed.,Cost of living and financial security,,5,2,3,1,5,5,4,4,10,5,1,7,10,10,9,9,7,10,10,9,8,7,3,6,9,9,9,3,8,9,10,5,10,5,5,8,"Education and curriculum for life, Democracy and youth voice",Every promise made about climate finance has a deadline that falls after you have all left office. Bring the deadlines forward.,Female,Mixed or multiple ethnic groups,Yes,At university,No,Yes
21/10/2026 09:14:54,22 to 25,West Midlands,,,No,"Free school meals for more pupils, and holiday food provision, Education Maintenance Allowance (EMA) or an equivalent payment for 16–19 study, Free or capped bus travel for under-25s","Youth centres open at weekends, not just weekdays.",Mental health and wellbeing,,Education and curriculum for life,,0,2,6,1,4,5,4,3,8,5,2,5,6,4,7,7,10,6,10,9,8,6,7,6,6,9,9,10,8,7,6,8,8,5,8,6,"Crime, safety and policing, Climate and the environment",Make the commitments measurable and publish who missed them.,Female,White,No,At university,No,Yes
22/10/2026 17:21:40,19 to 21,Wales,,BS8,No,"Funded open-access youth clubs and youth workers in every area, A school nurse and a trained counsellor in every school, Arts, music and drama in the curriculum, and free or low-cost music tuition",,Mental health and wellbeing,My school had one careers adviser for eight hundred students.,Youth services and safe places to go,Girls are still being taken out of education early in too many countries.,2,5,3,0,2,8,3,5,7,3,5,6,8,4,9,9,7,8,5,7,10,8,5,10,10,6,8,4,7,10,8,6,8,6,5,5,"Crime, safety and policing",Commonwealth mobility should mean something. Let young people study and work across member states without impossible visa costs.,Female,Asian or Asian British,Yes,Working,No,Yes
21/10/2026 20:44:04,19 to 21,North East England,,CF10,Yes,"Free school meals for more pupils, and holiday food provision, Free or capped bus travel for under-25s, Funded open-access youth clubs and youth workers in every area",Music lessons that are not only for people who can pay.,Housing and a place to live,Apprenticeships near me pay so little that you need parents who can support you.,"Equality, discrimination and racism",Corruption means money meant for young people does not reach us.,5,3,5,6,4,1,2,7,9,0,5,2,10,10,5,10,7,9,10,9,5,9,10,7,6,5,3,10,10,7,9,8,6,7,5,6,"Climate and the environment, Equality, discrimination and racism","If the Commonwealth means anything, it should mean a young person in Fiji and a young person in Wales both get heard.",Female,White,No,Working,No,Yes
21/10/2026 18:11:34,19 to 21,South East England,,S10,No,"Local libraries and community spaces with longer opening hours, A school nurse and a trained counsellor in every school, Restored further education and adult skills funding, and lower tuition fees",,Transport and getting around,People my age are scared on public transport and nobody talks about it.,Climate and the environment,,,1,,,,3,,,,,,,,8,6,,8,9,9,4,,,,6,8,,,,,,,6,6,7,,8,"Equality, discrimination and racism, Cost of living and financial security","Stop talking about young people as the future and start treating us as the present. We are already paying rent, already working, already voting in some of your countries.",Male,White,No,Apprenticeship or training,No,Yes
22/10/2026 09:01:22,19 to 21,I live outside the UK,Trinidad and Tobago,,Yes,"A school nurse and a trained counsellor in every school, Funded national youth voice structures (a British Youth Council style body), Education Maintenance Allowance (EMA) or an equivalent payment for 16–19 study",,Mental health and wellbeing,Everyone I know is choosing between transport to college and lunch.,Climate and the environment,Girls are still being taken out of education early in too many countries.,0,2,5,3,4,4,2,5,8,4,3,4,10,10,10,10,10,10,9,5,5,4,5,6,5,10,10,10,10,5,7,8,4,2,2,7,"Education and curriculum for life, Jobs, apprenticeships and work experience",,Female,"Black, Black British, Caribbean or African",No,In school or college,No,Yes
22/10/2026 10:19:26,19 to 21,I live outside the UK,Bangladesh,,Yes,"Education Maintenance Allowance (EMA) or an equivalent payment for 16–19 study, Independent careers advice in every school (a Connexions style service), Free or capped bus travel for under-25s",,Cost of living and financial security,Everyone I know is choosing between transport to college and lunch.,Cost of living and financial security,,3,2,6,4,3,2,5,0,4,6,3,2,10,10,7,7,10,0,10,7,8,9,10,5,5,4,7,6,10,9,6,10,8,10,5,10,"Equality, discrimination and racism",,Male,Asian or Asian British,No,At university,No,Yes
23/10/2026 14:56:58,19 to 21,London,,,Yes,"Guaranteed work experience placements for every pupil, Education Maintenance Allowance (EMA) or an equivalent payment for 16–19 study",,Mental health and wellbeing,,Education and curriculum for life,,2,4,9,2,4,1,3,0,8,6,7,1,8,8,8,10,10,7,9,8,7,8,8,10,9,1,8,6,10,6,5,8,7,7,4,8,"Climate and the environment, Digital life and online safety",Online harm is not a side issue. It is where we live most of our lives.,Female,White,No,At university,No,Yes
22/10/2026 16:20:59,13 to 15,London,,G12,Yes,"Independent careers advice in every school (a Connexions style service), Free school meals for more pupils, and holiday food provision",,Democracy and youth voice,,Climate and the environment,,3,3,5,3,1,4,2,6,6,5,6,2,9,6,7,6,8,5,10,10,4,10,9,9,10,10,7,6,8,9,10,9,8,6,4,4,"Democracy and youth voice, Equality, discrimination and racism",,Male,"Black, Black British, Caribbean or African",No,In school or college,No,Yes
22/10/2026 20:42:39,19 to 21,Wales,,PL4,Yes,"Restored further education and adult skills funding, and lower tuition fees, Guaranteed work experience placements for every pupil, Free school meals for more pupils, and holiday food provision",Cheaper driving lessons and tests for young people in rural areas.,"Equality, discrimination and racism",Rent takes most of my wages and I still live with my parents.,Democracy and youth voice,,0,7,4,2,4,3,7,2,5,2,6,7,7,8,9,2,8,9,10,3,10,4,5,7,10,5,6,3,4,5,6,8,8,7,8,8,"Equality, discrimination and racism, Mental health and wellbeing","If you want us to trust institutions, give us something to trust. Fund youth services properly and keep them open.",Female,"Black, Black British, Caribbean or African",No,"Not in education, employment or training",No,Yes
24/10/2026 09:40:46,16 to 18,North East England,,,No,"Funded open-access youth clubs and youth workers in every area, Arts, music and drama in the curriculum, and free or low-cost music tuition, A school nurse and a trained counsellor in every school",Free school transport past the age of 16.,Youth services and safe places to go,The support exists on paper but nobody can actually access it.,Education and curriculum for life,,4,7,3,1,6,4,4,5,2,6,2,5,10,1,9,8,7,10,10,10,9,9,7,8,8,6,6,7,9,7,8,10,7,5,3,9,"Youth services and safe places to go, Education and curriculum for life",,Male,White,No,Working,No,Yes
22/10/2026 15:43:51,13 to 15,East of England,,TS1,Prefer not to say,"Sure Start style family and early years centres, Guaranteed work experience placements for every pupil",,Housing and a place to live,,"Equality, discrimination and racism",,5,5,3,4,1,5,5,4,1,7,5,5,8,10,5,5,7,5,7,7,10,5,9,8,7,7,7,10,6,3,9,5,8,5,6,8,"Cost of living and financial security, Climate and the environment",,Female,White,No,At university,No,Yes
23/10/2026 11:22:38,19 to 21,London,,SW1A,Yes,"Restored further education and adult skills funding, and lower tuition fees",,Mental health and wellbeing,,"Jobs, apprenticeships and work experience",,4,6,7,1,0,5,2,7,1,2,6,4,10,8,10,9,10,5,5,9,8,6,7,7,9,7,6,6,5,9,6,10,8,10,6,7,"Jobs, apprenticeships and work experience, Climate and the environment","Talk to young people who are not already in youth parliaments. We are not the hard-to-reach ones, you are.",Male,White,No,Working,No,Yes
23/10/2026 19:53:38,13 to 15,Scotland,,G12,Yes,"A school nurse and a trained counsellor in every school, Funded open-access youth clubs and youth workers in every area",Cheaper driving lessons and tests for young people in rural areas.,Mental health and wellbeing,My school had one careers adviser for eight hundred students.,Housing and a place to live,,4,1,8,5,5,4,3,3,3,6,4,5,7,5,10,8,8,6,7,10,9,7,10,7,8,6,8,7,8,9,9,8,9,5,5,4,"Transport and getting around, Equality, discrimination and racism",,Female,White,No,At university,Prefer not to say,Yes
22/10/2026 12:53:01,19 to 21,I live outside the UK,Kenya,,No,"Guaranteed work experience placements for every pupil, Independent careers advice in every school (a Connexions style service), Restored further education and adult skills funding, and lower tuition fees",,Youth services and safe places to go,,Climate and the environment,,2,1,4,2,2,4,3,3,3,7,4,3,7,8,9,9,6,8,6,7,6,6,4,10,7,6,6,10,4,2,5,7,7,9,6,9,"Jobs, apprenticeships and work experience, Education and curriculum for life",,Female,"Black, Black British, Caribbean or African",No,At university,No,Yes
23/10/2026 15:02:20,22 to 25,Scotland,,G12,Yes,"Arts, music and drama in the curriculum, and free or low-cost music tuition, Independent careers advice in every school (a Connexions style service), Education Maintenance Allowance (EMA) or an equivalent payment for 16–19 study",,"Crime, safety and policing",Everything costs more and nothing about young people’s pay has changed.,"Equality, discrimination and racism",,1,3,3,3,7,3,3,6,5,7,3,7,9,7,6,10,9,6,6,6,7,9,10,4,10,6,6,9,6,6,7,5,4,1,8,10,"Jobs, apprenticeships and work experience, Democracy and youth voice",,Female,White,No,Apprenticeship or training,No,Yes
25/10/2026 12:12:28,13 to 15,West Midlands,,,No,"Free or capped bus travel for under-25s, Local libraries and community spaces with longer opening hours",Free school transport past the age of 16.,Cost of living and financial security,,"Crime, safety and policing",,1,3,2,4,1,4,0,0,6,3,3,5,6,3,10,9,9,8,5,8,9,10,4,8,8,8,5,10,6,8,8,6,6,8,10,9,"Climate and the environment, Equality, discrimination and racism",,Female,White,Yes,At university,No,Yes
22/10/2026 09:24:40,16 to 18,Yorkshire and the Humber,,CF10,No,Guaranteed work experience placements for every pupil,,Youth services and safe places to go,,Cost of living and financial security,,1,1,5,2,2,0,4,6,4,3,1,6,10,9,8,5,8,9,9,10,8,5,9,9,10,6,6,6,4,8,6,9,5,7,7,5,"Crime, safety and policing, Jobs, apprenticeships and work experience",,Female,"Black, Black British, Caribbean or African",No,Working,No,Yes
24/10/2026 14:24:22,Over 25,Northern Ireland,,,No,"Cheaper rail travel and a wider young persons railcard, Guaranteed work experience placements for every pupil, Education Maintenance Allowance (EMA) or an equivalent payment for 16–19 study",,Housing and a place to live,My school had one careers adviser for eight hundred students.,Climate and the environment,,7,8,6,2,4,8,5,3,4,9,3,5,3,6,7,10,7,5,8,8,8,9,5,5,10,7,5,9,6,6,10,2,9,4,10,6,"Education and curriculum for life, Youth services and safe places to go",,Female,White,No,At university,No,Yes
24/10/2026 16:00:31,22 to 25,West Midlands,,PL4,No,"Education Maintenance Allowance (EMA) or an equivalent payment for 16–19 study, Free or capped bus travel for under-25s, Funded open-access youth clubs and youth workers in every area",,"Jobs, apprenticeships and work experience",There is nowhere to go in the evening since the youth centre closed.,"Equality, discrimination and racism",,3,2,5,3,6,2,1,3,4,3,4,7,10,6,9,6,5,7,10,10,9,7,7,10,9,7,9,4,7,7,8,6,3,6,7,7,"Digital life and online safety, Jobs, apprenticeships and work experience",,Female,"Black, Black British, Caribbean or African",No,In school or college,No,Yes
25/10/2026 12:51:56,16 to 18,Yorkshire and the Humber,,CV1,No,"Free school meals for more pupils, and holiday food provision, Free or capped bus travel for under-25s, Independent careers advice in every school (a Connexions style service)",,Mental health and wellbeing,,Housing and a place to live,,3,2,4,4,4,6,2,6,6,1,2,5,4,8,10,9,10,8,5,7,6,8,9,7,10,7,8,4,10,9,9,10,6,7,4,10,"Jobs, apprenticeships and work experience",,Female,Asian or Asian British,No,In school or college,No,Yes
24/10/2026 17:15:52,19 to 21,South East England,,,No,"Free school meals for more pupils, and holiday food provision, Independent careers advice in every school (a Connexions style service), Education Maintenance Allowance (EMA) or an equivalent payment for 16–19 study",Cheaper driving lessons and tests for young people in rural areas.,Cost of living and financial security,,"Crime, safety and policing",,7,4,4,3,1,2,2,8,3,2,5,3,4,9,8,9,9,6,9,5,7,10,6,10,8,7,6,8,10,6,3,10,9,8,5,7,"Equality, discrimination and racism",,Prefer not to say,White,No,At university,No,Yes
23/10/2026 16:38:12,16 to 18,North West England,,,Yes,"Independent careers advice in every school (a Connexions style service), A school nurse and a trained counsellor in every school, Cheaper rail travel and a wider young persons railcard",,Cost of living and financial security,The support exists on paper but nobody can actually access it.,"Jobs, apprenticeships and work experience",,3,2,7,2,0,5,0,2,10,6,2,8,3,6,5,9,10,6,7,10,8,10,10,4,9,7,6,7,8,8,10,5,9,8,10,7,"Crime, safety and policing, Cost of living and financial security",Bring back the things that were cut before you announce anything new.,Male,White,No,Working,No,Yes
25/10/2026 15:19:03,16 to 18,East Midlands,,PL4,No,"Funded open-access youth clubs and youth workers in every area, Funded national youth voice structures (a British Youth Council style body), Education Maintenance Allowance (EMA) or an equivalent payment for 16–19 study",,Mental health and wellbeing,My school had one careers adviser for eight hundred students.,Cost of living and financial security,,1,1,10,5,2,4,2,9,4,4,6,8,7,5,9,6,10,7,8,8,9,8,4,10,9,7,10,10,10,6,3,6,6,4,5,10,"Cost of living and financial security, Housing and a place to live",,Male,"Black, Black British, Caribbean or African",No,Working,No,Yes
25/10/2026 17:09:32,22 to 25,West Midlands,,SW1A,No,"Free or capped bus travel for under-25s, Funded national youth voice structures (a British Youth Council style body), Guaranteed work experience placements for every pupil",Free school transport past the age of 16.,Cost of living and financial security,My school had one careers adviser for eight hundred students.,"Equality, discrimination and racism",Girls are still being taken out of education early in too many countries.,3,2,5,6,6,3,0,6,7,6,1,5,10,5,10,9,7,3,7,8,6,8,2,8,9,9,7,6,9,5,10,9,3,8,2,7,"Climate and the environment, Mental health and wellbeing",Give us votes at 16 and watch how quickly politics starts taking young people seriously.,Male,White,Yes,In school or college,No,Yes
23/10/2026 14:36:59,16 to 18,North East England,,,No,"Sure Start style family and early years centres, Education Maintenance Allowance (EMA) or an equivalent payment for 16–19 study, Funded open-access youth clubs and youth workers in every area",Proper funding for school counselling.,Transport and getting around,,"Crime, safety and policing",Climate change is already displacing people my age in Pacific member states.,6,2,7,4,4,3,2,2,7,6,4,5,10,10,7,10,9,7,8,9,10,7,10,6,10,6,7,5,9,5,6,10,7,8,6,4,"Democracy and youth voice, Education and curriculum for life",,Male,Other ethnic group,No,Apprenticeship or training,No,Yes
23/10/2026 20:45:11,16 to 18,South West England,,,No,Funded open-access youth clubs and youth workers in every area,"Youth centres open at weekends, not just weekdays.",Cost of living and financial security,,Mental health and wellbeing,Climate change is already displacing people my age in Pacific member states.,4,2,7,1,0,1,2,3,7,2,3,8,8,4,5,7,5,8,8,8,6,4,8,7,10,6,10,8,7,10,9,7,8,8,3,6,"Education and curriculum for life, Climate and the environment",,Male,White,No,Working,No,Yes
24/10/2026 16:53:24,16 to 18,Yorkshire and the Humber,,,No,"Sure Start style family and early years centres, Education Maintenance Allowance (EMA) or an equivalent payment for 16–19 study, Free or capped bus travel for under-25s",,Mental health and wellbeing,Rent takes most of my wages and I still live with my parents.,Education and curriculum for life,,6,3,8,6,4,3,2,4,2,3,5,4,10,7,10,7,6,8,10,5,4,10,8,10,7,8,6,7,10,5,8,5,6,10,2,8,"Housing and a place to live, Education and curriculum for life",We are tired of consultations that go nowhere. Publish what you did with this one.,Male,Asian or Asian British,No,In school or college,No,Yes
25/10/2026 13:16:31,13 to 15,North West England,,,Yes,"Independent careers advice in every school (a Connexions style service), Guaranteed work experience placements for every pupil, Arts, music and drama in the curriculum, and free or low-cost music tuition",,Mental health and wellbeing,People my age are scared on public transport and nobody talks about it.,Climate and the environment,,,,,,,,,1,,,2,,,8,,10,10,,,8,,,,6,5,,,,8,,,5,,,,5,"Cost of living and financial security, Education and curriculum for life",,Female,White,No,At university,No,Yes
26/10/2026 09:46:28,19 to 21,Wales,,NE1,Yes,"Free or capped bus travel for under-25s, Free school meals for more pupils, and holiday food provision",,Cost of living and financial security,Everything costs more and nothing about young people’s pay has changed.,Education and curriculum for life,,2,4,7,2,3,2,0,1,3,3,5,8,10,10,5,8,9,7,6,6,4,7,5,6,3,6,7,10,10,9,7,9,10,5,10,4,"Cost of living and financial security, Youth services and safe places to go",Bring back the things that were cut before you announce anything new.,Male,White,No,Apprenticeship or training,No,Yes
25/10/2026 20:09:24,22 to 25,South West England,,,No,"Free school meals for more pupils, and holiday food provision, Free or capped bus travel for under-25s, Cheaper rail travel and a wider young persons railcard",,Housing and a place to live,"Waiting lists where I live are over a year, and people get worse while they wait.",Digital life and online safety,,3,3,5,5,4,0,4,4,1,2,3,3,5,3,10,9,10,8,8,8,9,10,5,5,10,6,6,9,9,5,6,6,8,8,5,9,"Transport and getting around, Jobs, apprenticeships and work experience","Mental health support should not depend on which postcode you live in, or which country.",Male,White,No,In school or college,Prefer not to say,Yes
23/10/2026 17:59:30,16 to 18,East Midlands,,L18,No,"Independent careers advice in every school (a Connexions style service), A school nurse and a trained counsellor in every school, Funded open-access youth clubs and youth workers in every area",,Mental health and wellbeing,Everyone I know is choosing between transport to college and lunch.,"Jobs, apprenticeships and work experience",,4,7,6,8,3,5,2,4,7,3,4,4,10,7,7,7,9,8,8,7,9,10,10,10,9,7,8,9,8,6,7,7,7,6,9,9,Climate and the environment,,Male,Mixed or multiple ethnic groups,No,Working,No,Yes
26/10/2026 16:15:40,22 to 25,South East England,,,No,Independent careers advice in every school (a Connexions style service),"Youth centres open at weekends, not just weekdays.",Housing and a place to live,"Waiting lists where I live are over a year, and people get worse while they wait.",Digital life and online safety,,9,5,9,7,3,1,4,6,5,8,8,6,10,7,10,9,10,8,8,5,9,8,4,4,9,9,10,8,9,4,7,7,10,4,3,4,"Mental health and wellbeing, Climate and the environment",,Male,White,No,In school or college,No,Yes
24/10/2026 10:33:33,13 to 15,Yorkshire and the Humber,,,No,"A school nurse and a trained counsellor in every school, Funded open-access youth clubs and youth workers in every area, Free or capped bus travel for under-25s",,"Crime, safety and policing",,"Jobs, apprenticeships and work experience",,7,3,,5,,,2,4,,,,,,,10,6,9,,,,,4,,,10,6,8,,,,,7,,6,8,1,"Cost of living and financial security, Crime, safety and policing","Apprenticeships that pay less than rent are not opportunities, they are a trap.",Male,White,Yes,Working,No,Yes
26/10/2026 12:27:26,19 to 21,South East England,,BS8,No,"Community sports facilities, playing fields and free swimming, Education Maintenance Allowance (EMA) or an equivalent payment for 16–19 study, Free or capped bus travel for under-25s","Youth centres open at weekends, not just weekdays.",Youth services and safe places to go,,Mental health and wellbeing,Online access decides who gets opportunities and it is very unequal.,0,4,4,8,1,4,0,0,6,4,3,4,6,10,10,9,10,6,7,6,6,4,8,7,7,7,5,5,10,10,9,6,7,8,3,6,"Jobs, apprenticeships and work experience, Crime, safety and policing",,Female,"Black, Black British, Caribbean or African",Yes,Prefer not to say,No,Yes
25/10/2026 14:21:33,22 to 25,London,,,No,Free or capped bus travel for under-25s,,Cost of living and financial security,Rent takes most of my wages and I still live with my parents.,Climate and the environment,Online access decides who gets opportunities and it is very unequal.,3,6,0,7,5,7,2,3,6,8,6,8,10,8,7,6,8,8,8,8,5,8,5,5,9,9,10,7,8,7,7,7,8,5,5,6,"Climate and the environment, Education and curriculum for life",,Female,White,Prefer not to say,In school or college,Prefer not to say,Yes
24/10/2026 18:12:15,16 to 18,South West England,,,No,"Education Maintenance Allowance (EMA) or an equivalent payment for 16–19 study, Guaranteed work experience placements for every pupil, Cheaper rail travel and a wider young persons railcard",Free swimming for under-18s.,Cost of living and financial security,,"Jobs, apprenticeships and work experience",There are not enough jobs for the number of graduates being produced.,0,1,3,3,3,5,4,7,4,5,3,4,10,8,10,9,10,4,8,8,9,7,9,6,10,8,7,5,9,5,8,7,7,4,5,6,"Climate and the environment, Mental health and wellbeing",,Male,White,No,In school or college,No,Yes
24/10/2026 19:18:00,13 to 15,West Midlands,,G12,Yes,"Independent careers advice in every school (a Connexions style service), Arts, music and drama in the curriculum, and free or low-cost music tuition, Free school meals for more pupils, and holiday food provision",,"Crime, safety and policing",Apprenticeships near me pay so little that you need parents who can support you.,Climate and the environment,Youth unemployment across the Commonwealth is the common thread in all of this.,3,3,1,9,2,7,1,3,4,7,4,5,10,8,10,10,6,5,6,6,8,4,8,10,9,9,6,10,8,7,4,3,7,7,5,9,"Housing and a place to live, Education and curriculum for life",,Female,White,No,At university,No,Yes
26/10/2026 10:54:38,16 to 18,West Midlands,,EH8,Yes,"Funded open-access youth clubs and youth workers in every area, Restored further education and adult skills funding, and lower tuition fees, Free or capped bus travel for under-25s",,Climate and the environment,You cannot plan a future when you cannot afford anywhere to live.,Digital life and online safety,,1,4,2,2,0,7,0,8,6,2,9,5,7,7,10,3,4,4,4,3,10,8,9,8,9,5,9,7,5,5,7,5,9,6,4,5,"Climate and the environment, Jobs, apprenticeships and work experience",,Male,White,Prefer not to say,In school or college,No,Yes
24/10/2026 15:25:18,19 to 21,East of England,,NG7,Yes,"Free or capped bus travel for under-25s, Restored further education and adult skills funding, and lower tuition fees, Education Maintenance Allowance (EMA) or an equivalent payment for 16–19 study",Music lessons that are not only for people who can pay.,Cost of living and financial security,,"Equality, discrimination and racism",,3,4,6,3,1,5,6,5,1,6,3,8,10,6,9,10,9,10,8,5,8,10,1,10,10,6,5,10,8,7,8,7,6,6,2,3,"Crime, safety and policing",,Female,Other ethnic group,Yes,Working,Prefer not to say,Yes
25/10/2026 19:15:06,13 to 15,South West England,,,Yes,"Funded open-access youth clubs and youth workers in every area, Guaranteed work experience placements for every pupil, Independent careers advice in every school (a Connexions style service)",,Digital life and online safety,,Climate and the environment,,0,2,3,2,5,5,4,5,2,8,4,7,10,9,10,10,7,6,7,10,9,10,5,7,10,8,10,8,9,6,9,7,5,7,4,0,"Education and curriculum for life, Jobs, apprenticeships and work experience","Put a young person in the room when the decision is being made, not in the photograph afterwards.",Male,Prefer not to say,No,At university,No,Yes
26/10/2026 11:19:36,16 to 18,Northern Ireland,,NE1,No,"A school nurse and a trained counsellor in every school, Sure Start style family and early years centres",,Cost of living and financial security,,Mental health and wellbeing,,2,7,8,2,4,8,4,3,8,4,6,6,10,6,10,9,8,8,7,9,7,9,8,8,8,9,7,10,8,9,7,7,6,5,3,7,Education and curriculum for life,Give us votes at 16 and watch how quickly politics starts taking young people seriously.,Female,White,No,In school or college,No,Yes
25/10/2026 17:43:52,19 to 21,London,,,Yes,"Education Maintenance Allowance (EMA) or an equivalent payment for 16–19 study, Restored further education and adult skills funding, and lower tuition fees, Local libraries and community spaces with longer opening hours",,Mental health and wellbeing,There is nowhere to go in the evening since the youth centre closed.,"Equality, discrimination and racism",,2,2,4,5,4,3,5,0,6,4,1,8,8,9,9,8,10,5,6,6,5,5,8,7,8,4,7,6,6,10,8,5,7,10,7,5,"Youth services and safe places to go, Digital life and online safety",,Male,White,No,At university,No,Yes
27/10/2026 13:25:49,22 to 25,Northern Ireland,,,Prefer not to say,"Free or capped bus travel for under-25s, Funded open-access youth clubs and youth workers in every area, Sure Start style family and early years centres",,Housing and a place to live,,"Crime, safety and policing",Corruption means money meant for young people does not reach us.,3,3,7,1,0,4,4,6,4,5,6,8,10,6,7,10,10,7,10,6,5,10,7,9,10,9,6,9,7,7,4,9,8,5,4,4,"Crime, safety and policing, Climate and the environment",,Female,White,Yes,At university,Prefer not to say,Yes
26/10/2026 13:12:07,22 to 25,Yorkshire and the Humber,,TS1,No,"Independent careers advice in every school (a Connexions style service), A school nurse and a trained counsellor in every school, Funded open-access youth clubs and youth workers in every area",,Education and curriculum for life,Everything costs more and nothing about young people’s pay has changed.,Climate and the environment,Corruption means money meant for young people does not reach us.,0,,,,,,4,,,1,5,,9,,8,7,6,5,,,,,6,8,6,6,6,,,,,,,6,1,,Cost of living and financial security,,Male,Mixed or multiple ethnic groups,No,"Not in education, employment or training",No,Yes
27/10/2026 16:07:27,13 to 15,West Midlands,,CV1,No,"A school nurse and a trained counsellor in every school, Cheaper rail travel and a wider young persons railcard, Free or capped bus travel for under-25s",Music lessons that are not only for people who can pay.,Housing and a place to live,,"Jobs, apprenticeships and work experience",Young people are excluded from decisions in almost every member state.,5,4,4,5,4,4,6,4,8,7,8,3,9,10,6,8,8,8,10,5,9,10,4,7,10,8,9,10,9,8,6,10,3,6,4,10,Climate and the environment,"If you want us to trust institutions, give us something to trust. Fund youth services properly and keep them open.",Male,White,No,At university,No,Yes
27/10/2026 14:35:12,13 to 15,South East England,,L18,No,Free or capped bus travel for under-25s,,Education and curriculum for life,,"Equality, discrimination and racism","Young people in some member states cannot finish school because of cost, not ability.",4,0,9,4,2,2,0,2,5,2,2,5,8,10,7,8,10,7,10,10,10,7,6,6,8,7,8,5,10,6,8,8,8,9,5,7,"Mental health and wellbeing, Climate and the environment","Apprenticeships that pay less than rent are not opportunities, they are a trap.",Male,White,No,Prefer not to say,Yes,Yes
26/10/2026 18:22:49,19 to 21,North West England,,,No,"Arts, music and drama in the curriculum, and free or low-cost music tuition, Cheaper rail travel and a wider young persons railcard, Funded open-access youth clubs and youth workers in every area",,Youth services and safe places to go,,Education and curriculum for life,Youth unemployment across the Commonwealth is the common thread in all of this.,2,5,3,8,3,2,3,7,6,2,4,7,6,5,10,6,7,10,5,10,9,7,5,6,7,8,10,7,8,7,3,7,4,4,2,8,"Climate and the environment, Mental health and wellbeing",Every promise made about climate finance has a deadline that falls after you have all left office. Bring the deadlines forward.,Female,Prefer not to say,No,In school or college,No,Yes
25/10/2026 16:12:12,Over 25,Yorkshire and the Humber,,,Yes,"Funded national youth voice structures (a British Youth Council style body), A school nurse and a trained counsellor in every school, Free or capped bus travel for under-25s",Free swimming for under-18s.,Youth services and safe places to go,,"Jobs, apprenticeships and work experience",,,6,2,,6,,2,,7,4,5,,,4,8,9,,,10,,9,4,9,6,,,,8,,,,6,,4,,,"Jobs, apprenticeships and work experience, Climate and the environment",,Female,White,Prefer not to say,In school or college,No,Yes
26/10/2026 18:04:17,19 to 21,East Midlands,,LS6,No,"Funded open-access youth clubs and youth workers in every area, Free or capped bus travel for under-25s, Independent careers advice in every school (a Connexions style service)","Youth centres open at weekends, not just weekdays.",Housing and a place to live,,Housing and a place to live,,2,5,7,4,0,6,3,4,7,7,7,7,10,7,8,9,7,6,10,10,5,5,3,7,10,4,7,5,9,7,7,8,6,5,1,10,"Equality, discrimination and racism, Climate and the environment",,Male,White,No,In school or college,Yes,Yes
26/10/2026 12:29:17,19 to 21,West Midlands,,,Yes,"Funded open-access youth clubs and youth workers in every area, Restored further education and adult skills funding, and lower tuition fees, A school nurse and a trained counsellor in every school",Cheaper driving lessons and tests for young people in rural areas.,Housing and a place to live,,Education and curriculum for life,,0,1,1,7,0,7,1,1,5,6,1,8,10,4,10,7,6,10,7,8,4,8,10,10,8,10,6,6,8,8,7,10,8,5,7,6,"Cost of living and financial security, Jobs, apprenticeships and work experience",Make the commitments measurable and publish who missed them.,Male,White,No,At university,No,Yes
26/10/2026 15:17:08,16 to 18,Scotland,,,Prefer not to say,"Free or capped bus travel for under-25s, A school nurse and a trained counsellor in every school",Free school transport past the age of 16.,Housing and a place to live,My school had one careers adviser for eight hundred students.,"Crime, safety and policing",Online access decides who gets opportunities and it is very unequal.,0,3,5,4,5,5,1,2,3,1,2,9,10,7,8,7,6,10,9,9,9,8,5,6,8,7,8,6,10,8,10,3,7,7,8,7,"Jobs, apprenticeships and work experience, Climate and the environment",,Non-binary,Mixed or multiple ethnic groups,No,At university,No,Yes
27/10/2026 20:58:43,19 to 21,North West England,,S10,Yes,"A school nurse and a trained counsellor in every school, Arts, music and drama in the curriculum, and free or low-cost music tuition, Funded open-access youth clubs and youth workers in every area",Proper funding for school counselling.,Housing and a place to live,,Cost of living and financial security,,0,5,1,1,1,3,5,2,8,3,2,7,9,6,9,10,6,8,9,9,5,10,7,10,8,9,10,5,10,7,5,8,7,2,7,6,"Education and curriculum for life, Crime, safety and policing",,Female,White,No,In school or college,No,Yes
28/10/2026 12:25:25,19 to 21,Yorkshire and the Humber,,,No,"Free or capped bus travel for under-25s, A school nurse and a trained counsellor in every school, Education Maintenance Allowance (EMA) or an equivalent payment for 16–19 study",,Mental health and wellbeing,Apprenticeships near me pay so little that you need parents who can support you.,Climate and the environment,"Young people in some member states cannot finish school because of cost, not ability.",3,,9,,,2,,,,,,8,,,7,9,,4,,8,10,,6,,,,,10,,9,7,10,,4,5,,"Climate and the environment, Education and curriculum for life",,Male,White,No,"Not in education, employment or training",No,Yes
25/10/2026 11:35:32,Under 13,West Midlands,,NE1,Yes,Independent careers advice in every school (a Connexions style service),,Mental health and wellbeing,Apprenticeships near me pay so little that you need parents who can support you.,"Equality, discrimination and racism",Youth unemployment across the Commonwealth is the common thread in all of this.,3,4,0,4,0,4,4,7,7,6,7,6,10,7,5,6,10,8,9,10,10,8,6,9,9,7,6,7,9,9,10,4,5,10,2,6,"Cost of living and financial security, Crime, safety and policing",,Female,White,No,In school or college,No,Yes
28/10/2026 15:17:44,19 to 21,North West England,,BS8,No,"Community sports facilities, playing fields and free swimming, Funded open-access youth clubs and youth workers in every area, Education Maintenance Allowance (EMA) or an equivalent payment for 16–19 study",Music lessons that are not only for people who can pay.,"Jobs, apprenticeships and work experience",,"Equality, discrimination and racism",Corruption means money meant for young people does not reach us.,2,3,2,3,1,1,3,5,4,6,4,4,10,8,6,8,8,9,7,4,8,9,9,10,10,9,7,7,10,4,9,9,9,7,10,10,"Digital life and online safety, Cost of living and financial security",,Male,White,No,At university,No,Yes
26/10/2026 09:11:46,22 to 25,West Midlands,,,No,"Free school meals for more pupils, and holiday food provision, Independent careers advice in every school (a Connexions style service), Arts, music and drama in the curriculum, and free or low-cost music tuition",,"Jobs, apprenticeships and work experience","Waiting lists where I live are over a year, and people get worse while they wait.",Cost of living and financial security,,,0,,,3,,,6,6,5,7,,10,,8,7,10,,,8,,,,8,10,5,,6,10,,,8,5,,,,"Jobs, apprenticeships and work experience, Education and curriculum for life","If you want us to trust institutions, give us something to trust. Fund youth services properly and keep them open.",Female,Asian or Asian British,No,In school or college,No,Yes
26/10/2026 12:33:13,22 to 25,Wales,,,Yes,"Guaranteed work experience placements for every pupil, Funded open-access youth clubs and youth workers in every area, Sure Start style family and early years centres",,Transport and getting around,,Democracy and youth voice,,4,0,5,5,5,8,1,6,6,2,6,8,8,7,5,7,9,8,8,10,6,7,5,9,9,5,9,10,10,7,7,8,5,5,9,10,"Cost of living and financial security, Climate and the environment",,Female,White,Yes,Working,No,Yes
26/10/2026 12:38:05,16 to 18,West Midlands,,S10,No,"A school nurse and a trained counsellor in every school, Cheaper rail travel and a wider young persons railcard, Funded national youth voice structures (a British Youth Council style body)",Free swimming for under-18s.,Cost of living and financial security,Everything costs more and nothing about young people’s pay has changed.,"Jobs, apprenticeships and work experience",,0,3,5,5,3,1,3,6,4,3,5,10,10,8,10,10,9,8,9,6,9,7,9,10,9,7,10,9,9,9,8,10,7,7,7,10,"Equality, discrimination and racism, Jobs, apprenticeships and work experience",Listen to young people from small island states before it is too late to listen to them at all.,Female,White,No,Prefer not to say,Yes,Yes
28/10/2026 11:53:30,16 to 18,London,,,No,"Community sports facilities, playing fields and free swimming, Free school meals for more pupils, and holiday food provision, Independent careers advice in every school (a Connexions style service)",Cheaper driving lessons and tests for young people in rural areas.,Mental health and wellbeing,,"Equality, discrimination and racism",,4,7,7,4,3,2,3,2,5,6,2,4,8,7,7,9,8,9,9,9,7,10,10,5,7,5,6,10,10,7,5,7,7,8,5,5,"Cost of living and financial security, Jobs, apprenticeships and work experience",,Female,White,No,At university,No,Yes
26/10/2026 18:14:22,Under 13,South West England,,CF10,Prefer not to say,"Free school meals for more pupils, and holiday food provision, Community sports facilities, playing fields and free swimming, Education Maintenance Allowance (EMA) or an equivalent payment for 16–19 study",,Climate and the environment,,"Jobs, apprenticeships and work experience",,1,5,6,5,1,4,2,2,3,3,6,10,8,8,8,7,6,8,9,8,6,9,5,8,9,7,6,4,9,8,4,8,5,8,8,7,"Climate and the environment, Crime, safety and policing",,Female,White,No,At university,Yes,Yes
26/10/2026 17:04:06,16 to 18,London,,G12,Yes,"Education Maintenance Allowance (EMA) or an equivalent payment for 16–19 study, Free or capped bus travel for under-25s, Cheaper rail travel and a wider young persons railcard",,Mental health and wellbeing,Rent takes most of my wages and I still live with my parents.,Education and curriculum for life,Corruption means money meant for young people does not reach us.,5,3,3,5,1,4,0,5,4,3,6,4,8,6,10,9,7,9,7,4,10,7,10,10,9,6,4,10,4,10,9,8,7,2,7,7,"Crime, safety and policing, Mental health and wellbeing",Young carers and care-experienced young people are invisible in every policy document I have read.,Female,White,Prefer not to say,At university,No,Yes
27/10/2026 12:23:26,16 to 18,North West England,,,Yes,"Restored further education and adult skills funding, and lower tuition fees, Funded open-access youth clubs and youth workers in every area",,"Jobs, apprenticeships and work experience",,"Jobs, apprenticeships and work experience",,1,2,6,5,0,1,4,5,3,4,4,4,8,7,9,10,9,5,7,5,8,10,6,4,7,6,10,10,6,7,6,10,4,4,9,6,"Jobs, apprenticeships and work experience, Housing and a place to live",The cost of getting to college is the reason people drop out. Fix transport and you fix attendance.,Male,White,No,Working,No,Yes
28/10/2026 15:21:29,16 to 18,East of England,,,No,"Education Maintenance Allowance (EMA) or an equivalent payment for 16–19 study, Community sports facilities, playing fields and free swimming, Restored further education and adult skills funding, and lower tuition fees","Youth centres open at weekends, not just weekdays.",Mental health and wellbeing,People my age are scared on public transport and nobody talks about it.,"Jobs, apprenticeships and work experience",,1,1,4,7,3,3,0,2,9,4,2,4,9,7,7,9,10,8,10,4,8,10,4,6,8,7,8,6,10,5,3,8,8,9,8,7,"Cost of living and financial security, Equality, discrimination and racism",,Male,"Black, Black British, Caribbean or African",No,At university,No,Yes
27/10/2026 11:51:27,19 to 21,I live outside the UK,Canada,,Yes,Free or capped bus travel for under-25s,,Digital life and online safety,,Cost of living and financial security,,3,2,1,5,7,1,6,2,5,6,6,3,7,8,7,6,7,10,8,8,8,7,10,9,10,6,7,8,7,5,7,9,6,4,6,10,"Jobs, apprenticeships and work experience, Education and curriculum for life","If the Commonwealth means anything, it should mean a young person in Fiji and a young person in Wales both get heard.",Female,White,No,Working,No,Yes
27/10/2026 16:42:44,19 to 21,South West England,,M14,Yes,Funded open-access youth clubs and youth workers in every area,,Youth services and safe places to go,,"Equality, discrimination and racism",,3,5,6,4,1,1,4,3,5,2,5,7,9,8,5,10,8,9,7,9,8,9,4,10,10,8,7,7,10,5,8,9,5,6,7,7,"Climate and the environment, Education and curriculum for life",,Female,White,No,At university,No,Yes
28/10/2026 20:49:32,16 to 18,North West England,,,Yes,"Free or capped bus travel for under-25s, Independent careers advice in every school (a Connexions style service)",Free school transport past the age of 16.,Cost of living and financial security,Everyone I know is choosing between transport to college and lunch.,Climate and the environment,,6,3,4,1,3,1,0,6,2,2,4,7,9,5,7,8,8,7,10,7,8,9,9,4,6,7,10,6,7,7,8,8,7,7,6,6,"Digital life and online safety, Crime, safety and policing",Fund the youth workers. They are the only adults some of us actually trust.,Female,White,Yes,Working,No,Yes
27/10/2026 09:37:46,16 to 18,North West England,,,Yes,"Cheaper rail travel and a wider young persons railcard, Free school meals for more pupils, and holiday food provision",Music lessons that are not only for people who can pay.,Transport and getting around,,Cost of living and financial security,,3,1,0,7,0,5,5,3,4,5,4,4,6,8,10,8,10,4,7,7,10,10,7,4,9,8,10,9,7,9,10,10,5,5,3,8,"Equality, discrimination and racism, Education and curriculum for life",Racism is still shaping who gets opportunities in every country here. Say so out loud.,Female,White,No,"Not in education, employment or training",No,Yes
28/10/2026 10:53:55,16 to 18,Scotland,,,No,"A school nurse and a trained counsellor in every school, Community sports facilities, playing fields and free swimming, Cheaper rail travel and a wider young persons railcard",,"Jobs, apprenticeships and work experience",The support exists on paper but nobody can actually access it.,Mental health and wellbeing,,3,5,3,5,5,5,6,8,1,4,5,6,10,8,10,7,10,2,10,3,9,9,9,5,8,10,8,4,10,6,7,7,6,5,5,8,"Jobs, apprenticeships and work experience",,Male,White,No,In school or college,No,Yes
29/10/2026 18:30:13,19 to 21,London,,,No,"Guaranteed work experience placements for every pupil, Independent careers advice in every school (a Connexions style service), Free school meals for more pupils, and holiday food provision",Music lessons that are not only for people who can pay.,Education and curriculum for life,"Waiting lists where I live are over a year, and people get worse while they wait.","Equality, discrimination and racism",Youth unemployment across the Commonwealth is the common thread in all of this.,5,3,5,3,5,5,5,5,5,4,5,6,8,10,9,10,8,7,9,7,7,10,6,8,10,5,6,3,8,6,8,7,9,6,7,6,"Education and curriculum for life, Crime, safety and policing","If the Commonwealth means anything, it should mean a young person in Fiji and a young person in Wales both get heard.",Male,White,No,In school or college,No,Yes
28/10/2026 15:43:47,13 to 15,South East England,,EH8,No,"Sure Start style family and early years centres, Independent careers advice in every school (a Connexions style service), Restored further education and adult skills funding, and lower tuition fees",,"Jobs, apprenticeships and work experience",Apprenticeships near me pay so little that you need parents who can support you.,"Crime, safety and policing",There are not enough jobs for the number of graduates being produced.,,3,,,,0,,,,6,3,,10,,9,,10,8,10,,,8,,,9,,,,,,,9,8,,8,5,"Climate and the environment, Jobs, apprenticeships and work experience","Climate adaptation money needs to reach communities, not consultants.",Male,Prefer not to say,No,Prefer not to say,No,Yes
28/10/2026 13:31:37,Under 13,South East England,,,Yes,"Funded open-access youth clubs and youth workers in every area, Sure Start style family and early years centres",Proper funding for school counselling.,Housing and a place to live,,Mental health and wellbeing,Youth unemployment across the Commonwealth is the common thread in all of this.,2,3,3,5,3,4,5,4,4,4,6,5,8,8,8,9,8,5,5,8,6,3,4,10,6,5,5,6,8,3,8,10,5,7,1,6,"Crime, safety and policing, Mental health and wellbeing",,Female,White,No,In school or college,No,Yes
28/10/2026 19:39:33,19 to 21,West Midlands,,,No,"Arts, music and drama in the curriculum, and free or low-cost music tuition, Independent careers advice in every school (a Connexions style service), Cheaper rail travel and a wider young persons railcard",,"Jobs, apprenticeships and work experience",,Housing and a place to live,Online access decides who gets opportunities and it is very unequal.,4,4,2,1,7,5,2,7,6,4,8,4,9,10,8,7,10,9,7,9,9,8,4,9,7,4,3,8,7,10,5,10,9,10,3,9,Education and curriculum for life,,Male,"Black, Black British, Caribbean or African",No,Working,No,Yes
29/10/2026 20:37:06,19 to 21,North West England,,,Yes,"Cheaper rail travel and a wider young persons railcard, Sure Start style family and early years centres",Free swimming for under-18s.,Mental health and wellbeing,,Digital life and online safety,,5,5,6,4,3,4,3,4,4,10,4,7,9,6,5,10,10,4,10,7,9,7,7,10,9,9,6,6,9,7,8,7,3,2,7,8,"Climate and the environment, Crime, safety and policing",Racism is still shaping who gets opportunities in every country here. Say so out loud.,Male,White,Yes,Working,No,Yes
27/10/2026 17:08:38,22 to 25,West Midlands,,LS6,No,A school nurse and a trained counsellor in every school,,Mental health and wellbeing,There is nowhere to go in the evening since the youth centre closed.,"Jobs, apprenticeships and work experience",,5,5,10,5,1,5,3,6,4,9,5,4,7,10,8,10,10,9,10,9,10,9,8,5,7,8,5,7,8,6,6,10,7,5,4,9,"Equality, discrimination and racism, Climate and the environment","Apprenticeships that pay less than rent are not opportunities, they are a trap.",Female,White,Yes,Working,Prefer not to say,Yes
28/10/2026 20:27:09,19 to 21,I live outside the UK,Fiji,,No,"Restored further education and adult skills funding, and lower tuition fees, Free school meals for more pupils, and holiday food provision, A school nurse and a trained counsellor in every school",,"Jobs, apprenticeships and work experience",You cannot plan a future when you cannot afford anywhere to live.,"Jobs, apprenticeships and work experience",,7,6,2,4,2,2,2,4,2,3,2,8,10,9,8,8,10,4,8,8,10,8,7,10,7,9,4,4,10,6,9,8,9,10,7,5,"Climate and the environment, Education and curriculum for life",,Female,White,No,Apprenticeship or training,No,Yes
27/10/2026 16:35:42,13 to 15,Yorkshire and the Humber,,,No,Education Maintenance Allowance (EMA) or an equivalent payment for 16–19 study,Proper funding for school counselling.,Cost of living and financial security,You cannot plan a future when you cannot afford anywhere to live.,"Equality, discrimination and racism",,2,0,5,5,3,3,2,0,7,5,5,8,9,8,6,9,5,7,6,7,8,5,6,8,9,10,5,7,6,6,8,10,5,7,6,7,"Equality, discrimination and racism, Climate and the environment","Climate adaptation money needs to reach communities, not consultants.",Male,White,Yes,At university,No,Yes
30/10/2026 12:07:57,19 to 21,Yorkshire and the Humber,,,Yes,"Independent careers advice in every school (a Connexions style service), Funded open-access youth clubs and youth workers in every area, Funded national youth voice structures (a British Youth Council style body)",,Mental health and wellbeing,,"Equality, discrimination and racism",Climate change is already displacing people my age in Pacific member states.,4,4,7,8,3,0,0,7,8,1,3,4,6,10,9,8,7,10,9,7,10,9,10,5,9,7,9,9,10,6,10,8,9,6,7,8,"Climate and the environment, Jobs, apprenticeships and work experience",,Male,White,Yes,In school or college,No,Yes
28/10/2026 15:52:27,13 to 15,North East England,,NG7,No,"Funded open-access youth clubs and youth workers in every area, Restored further education and adult skills funding, and lower tuition fees, Guaranteed work experience placements for every pupil",Free swimming for under-18s.,Youth services and safe places to go,,Mental health and wellbeing,,4,4,3,3,4,0,1,7,2,4,3,5,8,5,6,10,10,8,10,10,7,6,8,9,6,4,6,9,8,5,10,10,6,8,6,8,"Climate and the environment, Democracy and youth voice",Give us votes at 16 and watch how quickly politics starts taking young people seriously.,Female,White,No,Working,No,Yes
29/10/2026 14:39:23,19 to 21,Wales,,NG7,Yes,"Restored further education and adult skills funding, and lower tuition fees, Arts, music and drama in the curriculum, and free or low-cost music tuition, Free school meals for more pupils, and holiday food provision",,Housing and a place to live,There is nowhere to go in the evening since the youth centre closed.,Education and curriculum for life,Online access decides who gets opportunities and it is very unequal.,5,3,2,2,2,2,3,6,5,3,5,5,7,6,9,8,7,4,6,9,10,10,7,10,5,5,8,10,10,5,8,10,4,5,4,9,"Climate and the environment, Jobs, apprenticeships and work experience",Listen to young people from small island states before it is too late to listen to them at all.,Female,White,Yes,Working,Yes,Yes
29/10/2026 12:23:03,22 to 25,Wales,,,No,"Sure Start style family and early years centres, Funded national youth voice structures (a British Youth Council style body)",,Youth services and safe places to go,,Cost of living and financial security,Corruption means money meant for young people does not reach us.,5,5,5,6,4,5,4,5,7,5,5,5,10,5,10,10,5,8,6,6,8,9,7,8,8,7,6,3,10,10,8,8,1,5,3,8,"Jobs, apprenticeships and work experience",Give us votes at 16 and watch how quickly politics starts taking young people seriously.,Male,"Black, Black British, Caribbean or African",No,In school or college,No,Yes
29/10/2026 14:59:23,22 to 25,East Midlands,,M14,Yes,"Free or capped bus travel for under-25s, Education Maintenance Allowance (EMA) or an equivalent payment for 16–19 study",,Transport and getting around,Everyone I know is choosing between transport to college and lunch.,"Jobs, apprenticeships and work experience","Young people in some member states cannot finish school because of cost, not ability.",1,4,8,7,3,4,0,7,4,7,3,5,10,8,5,8,8,7,4,9,9,10,9,7,9,9,9,7,8,6,4,10,6,5,9,7,"Crime, safety and policing, Democracy and youth voice",,Male,White,No,In school or college,No,Yes
28/10/2026 16:49:42,Over 25,Scotland,,CF10,Yes,"Local libraries and community spaces with longer opening hours, Restored further education and adult skills funding, and lower tuition fees, Sure Start style family and early years centres",,Youth services and safe places to go,,"Crime, safety and policing",,2,0,4,3,5,3,3,0,10,6,3,2,9,8,9,9,10,7,8,7,4,10,7,6,6,5,6,7,8,5,9,6,7,8,4,8,"Crime, safety and policing, Mental health and wellbeing",,Prefer not to say,White,No,At university,No,Yes
30/10/2026 10:46:05,16 to 18,East Midlands,,S10,No,"Guaranteed work experience placements for every pupil, Free or capped bus travel for under-25s","Youth centres open at weekends, not just weekdays.",Mental health and wellbeing,You cannot plan a future when you cannot afford anywhere to live.,Digital life and online safety,Online access decides who gets opportunities and it is very unequal.,4,2,4,3,1,4,7,5,6,6,5,7,8,7,9,8,10,8,5,9,10,9,7,6,3,5,6,7,8,7,3,8,7,10,3,5,"Crime, safety and policing, Climate and the environment",We cannot build a future in countries we cannot afford to live in. Housing is the whole argument.,Female,Mixed or multiple ethnic groups,No,"Not in education, employment or training",No,Yes
29/10/2026 17:16:12,16 to 18,South East England,,,Prefer not to say,"Cheaper rail travel and a wider young persons railcard, Free or capped bus travel for under-25s, Local libraries and community spaces with longer opening hours",,Transport and getting around,The support exists on paper but nobody can actually access it.,Education and curriculum for life,,,,,,4,,0,,7,,3,7,,10,9,6,6,5,,,7,10,,7,7,8,,,,,10,,6,7,,4,"Education and curriculum for life, Jobs, apprenticeships and work experience",,Non-binary,White,Prefer not to say,At university,No,Yes
28/10/2026 19:11:30,16 to 18,West Midlands,,,Yes,"Free school meals for more pupils, and holiday food provision",,"Jobs, apprenticeships and work experience",Everyone I know is choosing between transport to college and lunch.,"Equality, discrimination and racism",,3,0,7,0,0,3,2,5,5,4,6,4,10,6,5,9,9,3,10,6,8,10,7,6,9,7,8,6,6,6,7,4,5,7,4,8,"Democracy and youth voice, Equality, discrimination and racism",,Female,White,No,At university,No,Yes
29/10/2026 10:50:06,19 to 21,South West England,,L18,No,"A school nurse and a trained counsellor in every school, Local libraries and community spaces with longer opening hours, Independent careers advice in every school (a Connexions style service)",,Transport and getting around,,"Jobs, apprenticeships and work experience",Online access decides who gets opportunities and it is very unequal.,3,5,7,9,4,3,7,4,6,3,5,7,7,8,9,7,8,8,8,5,9,7,4,8,8,9,5,6,8,7,8,3,3,5,5,3,"Jobs, apprenticeships and work experience, Education and curriculum for life",,Female,White,No,At university,No,Yes
30/10/2026 12:12:05,19 to 21,Scotland,,,Yes,"Funded open-access youth clubs and youth workers in every area, Education Maintenance Allowance (EMA) or an equivalent payment for 16–19 study, Sure Start style family and early years centres",,"Jobs, apprenticeships and work experience",My school had one careers adviser for eight hundred students.,Education and curriculum for life,Youth unemployment across the Commonwealth is the common thread in all of this.,3,3,2,2,3,4,0,5,2,9,3,6,10,10,9,6,9,7,9,9,8,10,5,9,10,8,8,5,6,8,7,7,10,8,2,10,"Climate and the environment, Education and curriculum for life",,Female,White,Prefer not to say,Working,Prefer not to say,Yes
29/10/2026 10:20:26,22 to 25,Yorkshire and the Humber,,L18,No,"Free school meals for more pupils, and holiday food provision, Free or capped bus travel for under-25s",,Mental health and wellbeing,,Cost of living and financial security,,1,8,7,4,1,5,2,2,7,7,7,5,7,7,9,8,6,7,10,6,5,5,6,10,10,8,6,10,8,9,5,7,9,8,6,7,Education and curriculum for life,,Male,Asian or Asian British,No,In school or college,No,Yes
31/10/2026 20:35:53,16 to 18,Yorkshire and the Humber,,NE1,No,"Free or capped bus travel for under-25s, Education Maintenance Allowance (EMA) or an equivalent payment for 16–19 study",,Education and curriculum for life,My school had one careers adviser for eight hundred students.,Education and curriculum for life,,3,6,6,6,4,1,2,4,6,4,5,4,8,5,9,9,6,8,7,5,6,9,5,9,10,10,7,5,8,8,10,5,10,3,4,9,Climate and the environment,Every promise made about climate finance has a deadline that falls after you have all left office. Bring the deadlines forward.,Female,Mixed or multiple ethnic groups,Yes,In school or college,No,Yes
30/10/2026 13:59:23,16 to 18,West Midlands,,,No,"Free or capped bus travel for under-25s, Funded open-access youth clubs and youth workers in every area, Restored further education and adult skills funding, and lower tuition fees",,Housing and a place to live,Everyone I know is choosing between transport to college and lunch.,Cost of living and financial security,,4,3,5,0,2,8,3,4,5,5,2,7,9,8,7,9,10,10,10,10,6,9,7,7,9,6,3,8,8,9,10,7,6,7,6,9,"Climate and the environment, Transport and getting around",,Female,White,Prefer not to say,In school or college,No,Yes
31/10/2026 10:08:50,16 to 18,West Midlands,,S10,No,"Community sports facilities, playing fields and free swimming, Independent careers advice in every school (a Connexions style service)",Free school transport past the age of 16.,Housing and a place to live,Apprenticeships near me pay so little that you need parents who can support you.,"Crime, safety and policing",Corruption means money meant for young people does not reach us.,4,1,5,0,5,8,5,3,4,3,6,4,10,8,9,10,7,7,10,7,10,8,8,5,9,9,7,9,10,9,9,6,7,2,5,7,Mental health and wellbeing,,Female,Mixed or multiple ethnic groups,No,At university,No,Yes
30/10/2026 14:34:17,19 to 21,South East England,,,Yes,Free or capped bus travel for under-25s,"Youth centres open at weekends, not just weekdays.",Education and curriculum for life,,Climate and the environment,,6,9,2,6,2,4,3,2,4,4,5,7,8,5,9,8,7,5,8,5,7,7,8,5,7,10,10,7,10,9,10,4,4,6,3,8,"Equality, discrimination and racism, Climate and the environment",,Female,White,No,Working,No,Yes
30/10/2026 09:23:25,Over 25,South West England,,,Yes,"Restored further education and adult skills funding, and lower tuition fees, Free or capped bus travel for under-25s, A school nurse and a trained counsellor in every school",,Education and curriculum for life,,Education and curriculum for life,,5,6,4,6,1,3,3,5,5,5,5,4,10,2,9,10,7,7,6,2,5,5,8,7,7,4,8,7,10,9,8,10,7,3,5,5,"Climate and the environment, Equality, discrimination and racism",Fund the youth workers. They are the only adults some of us actually trust.,Male,"Black, Black British, Caribbean or African",No,In school or college,No,Yes
30/10/2026 10:31:41,13 to 15,West Midlands,,CV1,Yes,"Funded open-access youth clubs and youth workers in every area, Independent careers advice in every school (a Connexions style service), Free school meals for more pupils, and holiday food provision",Cheaper driving lessons and tests for young people in rural areas.,Education and curriculum for life,,"Jobs, apprenticeships and work experience",,3,3,6,6,3,6,2,4,7,6,7,2,10,7,10,10,6,8,9,10,10,10,6,10,7,8,7,10,10,7,8,8,7,4,5,8,"Cost of living and financial security, Jobs, apprenticeships and work experience","Put a young person in the room when the decision is being made, not in the photograph afterwards.",Female,White,No,At university,No,Yes
29/10/2026 10:35:27,22 to 25,Wales,,SW1A,Yes,Free or capped bus travel for under-25s,,Education and curriculum for life,You cannot plan a future when you cannot afford anywhere to live.,"Jobs, apprenticeships and work experience",,6,4,6,7,1,6,1,1,6,3,6,2,8,6,6,8,7,4,9,10,10,10,9,7,10,3,7,4,10,6,9,8,7,6,3,5,"Equality, discrimination and racism, Youth services and safe places to go","Apprenticeships that pay less than rent are not opportunities, they are a trap.",Female,White,No,At university,No,Yes
31/10/2026 16:26:29,19 to 21,South East England,,,No,"Funded open-access youth clubs and youth workers in every area, Cheaper rail travel and a wider young persons railcard, Free school meals for more pupils, and holiday food provision","Youth centres open at weekends, not just weekdays.",Youth services and safe places to go,My school had one careers adviser for eight hundred students.,"Jobs, apprenticeships and work experience",Youth unemployment across the Commonwealth is the common thread in all of this.,,3,4,,,,,3,4,,5,,10,,,8,,,10,,,,,10,10,7,,6,,7,6,,5,,4,,"Climate and the environment, Jobs, apprenticeships and work experience",,Male,White,Yes,In school or college,No,Yes
29/10/2026 09:56:05,19 to 21,West Midlands,,BS8,No,"Funded open-access youth clubs and youth workers in every area, Free school meals for more pupils, and holiday food provision, Free or capped bus travel for under-25s",,Youth services and safe places to go,,Education and curriculum for life,Online access decides who gets opportunities and it is very unequal.,5,7,6,3,3,6,4,4,4,3,5,8,9,10,8,6,9,8,9,9,7,9,4,6,5,8,8,7,8,9,7,9,7,5,5,3,"Equality, discrimination and racism, Mental health and wellbeing",,Male,Other ethnic group,No,Working,No,Yes
30/10/2026 18:33:52,22 to 25,North West England,,BS8,No,"Funded open-access youth clubs and youth workers in every area, Education Maintenance Allowance (EMA) or an equivalent payment for 16–19 study, A school nurse and a trained counsellor in every school",Proper funding for school counselling.,Climate and the environment,,Climate and the environment,,5,5,5,5,3,8,2,1,2,6,2,6,9,10,6,10,10,6,9,2,8,4,8,6,10,10,6,3,10,10,7,7,4,8,6,6,"Jobs, apprenticeships and work experience, Cost of living and financial security","Apprenticeships that pay less than rent are not opportunities, they are a trap.",Female,White,No,In school or college,No,Yes
31/10/2026 09:17:22,19 to 21,North East England,,,No,"Guaranteed work experience placements for every pupil, Education Maintenance Allowance (EMA) or an equivalent payment for 16–19 study, Sure Start style family and early years centres",,"Crime, safety and policing",,Education and curriculum for life,,2,5,7,2,4,5,1,1,4,4,6,5,7,6,8,7,9,8,10,7,8,8,8,8,10,6,10,6,10,8,9,7,7,6,5,9,"Climate and the environment, Mental health and wellbeing",Every promise made about climate finance has a deadline that falls after you have all left office. Bring the deadlines forward.,Male,White,No,Working,Prefer not to say,Yes
29/10/2026 17:57:52,22 to 25,South East England,,,No,"Community sports facilities, playing fields and free swimming, A school nurse and a trained counsellor in every school, Funded open-access youth clubs and youth workers in every area",Music lessons that are not only for people who can pay.,Cost of living and financial security,,Education and curriculum for life,,2,6,6,8,2,3,4,8,7,5,3,9,10,10,10,10,9,8,8,7,5,9,5,6,8,10,6,7,10,6,8,5,8,4,6,8,"Mental health and wellbeing, Education and curriculum for life",,Female,White,No,In school or college,No,Yes
29/10/2026 19:26:39,Over 25,I live outside the UK,Cyprus,,No,"Education Maintenance Allowance (EMA) or an equivalent payment for 16–19 study, Restored further education and adult skills funding, and lower tuition fees, Independent careers advice in every school (a Connexions style service)",Proper funding for school counselling.,Cost of living and financial security,My school had one careers adviser for eight hundred students.,"Jobs, apprenticeships and work experience",,4,0,3,4,4,3,2,5,5,6,4,5,10,4,8,10,7,7,10,10,8,8,4,4,7,8,9,7,8,3,6,2,5,6,1,9,"Jobs, apprenticeships and work experience","Stop talking about young people as the future and start treating us as the present. We are already paying rent, already working, already voting in some of your countries.",Female,Prefer not to say,No,At university,No,Yes
31/10/2026 16:22:52,16 to 18,North West England,,S10,No,"Cheaper rail travel and a wider young persons railcard, Funded national youth voice structures (a British Youth Council style body)",,Housing and a place to live,People my age are scared on public transport and nobody talks about it.,Education and curriculum for life,,2,3,3,5,1,1,5,4,2,4,6,8,9,5,7,7,10,8,8,9,6,7,6,6,10,10,7,8,10,9,7,9,8,6,7,10,"Equality, discrimination and racism, Cost of living and financial security",Every promise made about climate finance has a deadline that falls after you have all left office. Bring the deadlines forward.,Male,White,Yes,In school or college,No,Yes
30/10/2026 20:38:29,22 to 25,West Midlands,,,Yes,"Free or capped bus travel for under-25s, Funded open-access youth clubs and youth workers in every area, Free school meals for more pupils, and holiday food provision",Cheaper driving lessons and tests for young people in rural areas.,Mental health and wellbeing,,"Jobs, apprenticeships and work experience",Climate change is already displacing people my age in Pacific member states.,6,1,5,4,4,4,1,3,6,8,5,10,9,7,10,10,7,6,9,9,10,6,9,6,5,10,4,10,8,6,4,9,1,8,4,4,"Mental health and wellbeing, Youth services and safe places to go","If the Commonwealth means anything, it should mean a young person in Fiji and a young person in Wales both get heard.",Female,White,Yes,In school or college,No,Yes
30/10/2026 16:13:03,19 to 21,London,,BS8,Yes,"Arts, music and drama in the curriculum, and free or low-cost music tuition, Community sports facilities, playing fields and free swimming",,"Crime, safety and policing",,Education and curriculum for life,There are not enough jobs for the number of graduates being produced.,2,4,8,7,1,2,1,4,7,0,3,3,10,6,10,6,10,8,7,4,9,7,8,6,8,4,7,6,9,6,8,10,10,4,4,10,"Equality, discrimination and racism, Climate and the environment",,Female,Asian or Asian British,No,At university,No,Yes
31/10/2026 13:15:29,19 to 21,South East England,,S10,No,"A school nurse and a trained counsellor in every school, Arts, music and drama in the curriculum, and free or low-cost music tuition, Sure Start style family and early years centres",,"Jobs, apprenticeships and work experience",,Climate and the environment,Young people are excluded from decisions in almost every member state.,0,3,7,5,7,2,0,5,3,8,4,5,8,10,6,9,8,8,10,8,7,8,5,6,8,10,9,8,10,8,4,10,8,4,3,6,"Jobs, apprenticeships and work experience, Equality, discrimination and racism",,Female,White,No,In school or college,No,Yes
31/10/2026 12:08:15,19 to 21,Scotland,,,No,"A school nurse and a trained counsellor in every school, Cheaper rail travel and a wider young persons railcard, Arts, music and drama in the curriculum, and free or low-cost music tuition",Proper funding for school counselling.,Mental health and wellbeing,,Education and curriculum for life,Youth unemployment across the Commonwealth is the common thread in all of this.,6,1,4,3,8,5,1,4,3,0,5,2,9,5,6,5,4,7,8,9,10,10,7,6,6,6,7,8,8,6,5,6,10,5,6,5,"Transport and getting around, Climate and the environment",You measure success in GDP. Measure it in whether an 18-year-old can see a future where they live.,Prefer not to say,White,No,Working,No,Yes
30/10/2026 12:47:56,16 to 18,East of England,,NE1,No,"Funded national youth voice structures (a British Youth Council style body), Free school meals for more pupils, and holiday food provision",,"Equality, discrimination and racism",,"Jobs, apprenticeships and work experience",Young people are excluded from decisions in almost every member state.,3,3,3,3,7,7,3,7,4,6,5,8,10,7,9,9,8,7,10,7,9,8,5,9,10,6,4,10,10,5,8,6,5,4,5,7,"Education and curriculum for life, Transport and getting around",,Female,White,Yes,Working,No,Yes
30/10/2026 17:45:39,16 to 18,East of England,,,Yes,"Arts, music and drama in the curriculum, and free or low-cost music tuition, Independent careers advice in every school (a Connexions style service)",,Education and curriculum for life,,Climate and the environment,,4,0,3,5,6,5,2,1,5,3,3,7,10,8,8,4,10,4,6,9,7,8,3,8,10,6,10,6,9,9,9,10,5,6,4,5,"Crime, safety and policing, Jobs, apprenticeships and work experience",Give us votes at 16 and watch how quickly politics starts taking young people seriously.,Female,White,No,In school or college,No,Yes
31/10/2026 15:38:32,22 to 25,West Midlands,,L18,Yes,"Guaranteed work experience placements for every pupil, Free school meals for more pupils, and holiday food provision, Free or capped bus travel for under-25s",,Youth services and safe places to go,Everything costs more and nothing about young people’s pay has changed.,Education and curriculum for life,,0,4,5,0,7,1,2,5,2,4,6,2,8,6,7,10,8,4,6,6,8,8,6,9,7,8,6,10,7,6,8,6,7,3,6,5,"Housing and a place to live, Education and curriculum for life",Young carers and care-experienced young people are invisible in every policy document I have read.,Male,White,No,At university,No,Yes
30/10/2026 19:36:26,16 to 18,South East England,,,Prefer not to say,Free or capped bus travel for under-25s,,Cost of living and financial security,,Education and curriculum for life,,5,4,6,7,7,4,1,5,4,7,8,8,9,4,10,9,9,7,10,7,6,5,7,4,9,9,8,10,5,8,5,5,10,6,9,7,"Education and curriculum for life, Equality, discrimination and racism",,Male,White,No,At university,No,Yes
31/10/2026 14:41:58,19 to 21,West Midlands,,LS6,No,"Free or capped bus travel for under-25s, Sure Start style family and early years centres, Education Maintenance Allowance (EMA) or an equivalent payment for 16–19 study",,Cost of living and financial security,,Youth services and safe places to go,There are not enough jobs for the number of graduates being produced.,7,5,7,4,2,4,1,2,2,8,2,9,9,9,8,6,10,8,10,6,10,6,6,7,7,7,10,7,10,7,3,9,10,10,4,8,"Equality, discrimination and racism, Housing and a place to live",,Female,"Black, Black British, Caribbean or African",No,In school or college,No,Yes
01/11/2026 13:01:20,Under 13,London,,,Yes,"Restored further education and adult skills funding, and lower tuition fees, Free or capped bus travel for under-25s, Funded national youth voice structures (a British Youth Council style body)",Free school transport past the age of 16.,"Crime, safety and policing",Apprenticeships near me pay so little that you need parents who can support you.,Climate and the environment,,3,1,3,2,3,3,5,5,6,4,3,5,10,9,10,7,7,9,10,9,8,4,5,4,10,6,5,9,10,10,8,6,10,8,7,5,"Climate and the environment, Equality, discrimination and racism",,Female,White,No,Working,No,Yes
01/11/2026 10:15:28,22 to 25,Wales,,,No,"Free or capped bus travel for under-25s, Funded open-access youth clubs and youth workers in every area",,Housing and a place to live,,Mental health and wellbeing,,7,5,5,7,6,2,1,4,5,5,6,6,7,7,10,5,9,9,9,2,7,10,10,5,9,5,6,7,9,6,3,9,6,7,8,8,"Mental health and wellbeing, Jobs, apprenticeships and work experience","Mental health support should not depend on which postcode you live in, or which country.",Female,Asian or Asian British,No,In school or college,Yes,Yes
01/11/2026 20:34:17,13 to 15,I live outside the UK,Fiji,,No,"Arts, music and drama in the curriculum, and free or low-cost music tuition, Sure Start style family and early years centres, Free or capped bus travel for under-25s",,Education and curriculum for life,People my age are scared on public transport and nobody talks about it.,Cost of living and financial security,Online access decides who gets opportunities and it is very unequal.,1,,,3,,,,,,,,,8,6,,7,9,,,,7,7,,8,,5,,,,,8,6,,6,,,"Education and curriculum for life, Crime, safety and policing",,Female,White,Yes,At university,No,Yes
31/10/2026 11:52:59,13 to 15,North East England,,M14,Yes,"Restored further education and adult skills funding, and lower tuition fees",,Housing and a place to live,Everything costs more and nothing about young people’s pay has changed.,Youth services and safe places to go,,6,5,7,4,1,4,5,2,10,6,6,3,8,10,10,7,10,10,10,6,10,7,4,10,10,4,9,6,6,10,10,8,6,9,6,5,"Education and curriculum for life, Mental health and wellbeing",Online harm is not a side issue. It is where we live most of our lives.,Male,White,No,Apprenticeship or training,No,Yes
01/11/2026 10:42:12,22 to 25,East Midlands,,,Yes,"Community sports facilities, playing fields and free swimming, Local libraries and community spaces with longer opening hours","Youth centres open at weekends, not just weekdays.",Cost of living and financial security,Everyone I know is choosing between transport to college and lunch.,"Jobs, apprenticeships and work experience",,5,3,7,4,2,3,2,5,8,5,10,5,6,7,6,9,6,8,5,9,7,8,5,5,8,7,5,8,9,5,10,8,9,8,5,4,Cost of living and financial security,,Male,White,Yes,In school or college,No,Yes
01/11/2026 18:52:10,Over 25,East of England,,NG7,No,"A school nurse and a trained counsellor in every school, Free or capped bus travel for under-25s, Guaranteed work experience placements for every pupil",Proper funding for school counselling.,"Jobs, apprenticeships and work experience",,"Crime, safety and policing",Corruption means money meant for young people does not reach us.,,,,,4,3,3,4,,2,,,9,,,8,,,,3,,,,,10,7,,9,6,,,8,5,7,,3,"Climate and the environment, Education and curriculum for life",,Male,White,Prefer not to say,Prefer not to say,No,Yes
31/10/2026 18:27:42,16 to 18,London,,PL4,No,"Funded open-access youth clubs and youth workers in every area, A school nurse and a trained counsellor in every school, Free school meals for more pupils, and holiday food provision",,"Jobs, apprenticeships and work experience",,Youth services and safe places to go,,,,4,,3,,4,,7,5,,4,9,,,10,,,10,7,5,8,,,5,8,,8,,,,8,6,,,,"Equality, discrimination and racism, Jobs, apprenticeships and work experience",,Female,White,No,In school or college,No,Yes
02/11/2026 15:59:41,13 to 15,North West England,,CF10,No,"Funded open-access youth clubs and youth workers in every area, Restored further education and adult skills funding, and lower tuition fees, Sure Start style family and early years centres",Free swimming for under-18s.,Mental health and wellbeing,Rent takes most of my wages and I still live with my parents.,"Crime, safety and policing",Corruption means money meant for young people does not reach us.,5,3,6,0,4,3,3,7,8,5,6,8,8,7,10,9,9,8,8,7,8,10,5,7,10,7,10,4,10,7,10,10,5,6,2,4,"Equality, discrimination and racism, Climate and the environment",,Male,Mixed or multiple ethnic groups,Prefer not to say,At university,No,Yes
31/10/2026 12:08:55,16 to 18,London,,LS6,No,"Local libraries and community spaces with longer opening hours, A school nurse and a trained counsellor in every school",Proper funding for school counselling.,Education and curriculum for life,,Climate and the environment,,2,3,5,4,1,1,3,7,1,5,4,5,10,8,6,8,10,4,8,10,10,7,9,9,8,7,4,9,8,10,7,10,7,10,2,7,"Jobs, apprenticeships and work experience, Education and curriculum for life",,Female,White,No,In school or college,No,Yes
01/11/2026 11:57:36,22 to 25,Scotland,,,No,"Funded open-access youth clubs and youth workers in every area, Education Maintenance Allowance (EMA) or an equivalent payment for 16–19 study, Sure Start style family and early years centres",,Mental health and wellbeing,,Education and curriculum for life,,5,1,6,2,2,3,4,3,5,2,2,1,10,7,8,8,7,7,8,8,10,5,8,5,8,5,10,7,10,9,10,8,9,4,5,10,"Cost of living and financial security, Jobs, apprenticeships and work experience",Online harm is not a side issue. It is where we live most of our lives.,Female,White,Prefer not to say,At university,No,Yes
02/11/2026 17:37:09,19 to 21,I live outside the UK,New Zealand,,Yes,Funded open-access youth clubs and youth workers in every area,Music lessons that are not only for people who can pay.,Climate and the environment,,Mental health and wellbeing,,0,3,3,5,2,4,4,1,7,5,1,4,10,8,9,7,5,8,7,4,6,10,4,4,10,6,9,10,10,7,10,5,7,5,3,5,"Cost of living and financial security, Equality, discrimination and racism",,Female,White,No,Working,No,Yes
02/11/2026 19:00:23,13 to 15,South West England,,S10,Yes,"Free or capped bus travel for under-25s, Education Maintenance Allowance (EMA) or an equivalent payment for 16–19 study, Arts, music and drama in the curriculum, and free or low-cost music tuition",,Cost of living and financial security,,"Jobs, apprenticeships and work experience",Online access decides who gets opportunities and it is very unequal.,0,0,5,7,4,3,4,3,6,4,5,3,10,8,10,10,8,3,4,5,7,8,7,6,10,7,6,9,9,9,5,8,5,5,5,9,"Jobs, apprenticeships and work experience",,Female,Asian or Asian British,No,"Not in education, employment or training",No,Yes
03/11/2026 15:28:33,16 to 18,London,,,No,"Free or capped bus travel for under-25s, Free school meals for more pupils, and holiday food provision",Cheaper driving lessons and tests for young people in rural areas.,Cost of living and financial security,,Education and curriculum for life,,2,1,6,2,3,4,4,5,5,4,2,6,10,8,4,7,8,10,10,10,10,10,7,6,9,10,5,4,9,9,9,6,7,2,5,5,Education and curriculum for life,,Female,"Black, Black British, Caribbean or African",Yes,In school or college,No,Yes
03/11/2026 14:52:24,22 to 25,East of England,,BT9,Yes,"Arts, music and drama in the curriculum, and free or low-cost music tuition, Free school meals for more pupils, and holiday food provision, Cheaper rail travel and a wider young persons railcard",,Mental health and wellbeing,,Cost of living and financial security,,,,,,3,1,,,,,,,10,,,9,9,,,,,9,,7,7,,9,6,9,,,,,4,6,7,"Digital life and online safety, Jobs, apprenticeships and work experience",,Female,White,No,At university,No,Yes
02/11/2026 14:20:17,16 to 18,London,,PL4,No,"Education Maintenance Allowance (EMA) or an equivalent payment for 16–19 study, A school nurse and a trained counsellor in every school",Free school transport past the age of 16.,Housing and a place to live,"Waiting lists where I live are over a year, and people get worse while they wait.","Jobs, apprenticeships and work experience",,1,3,4,4,0,3,3,3,4,6,5,6,10,7,6,5,9,6,10,9,6,8,7,10,8,7,5,1,8,6,7,8,8,6,5,5,"Jobs, apprenticeships and work experience, Climate and the environment",,Female,White,No,In school or college,No,Yes
01/11/2026 16:32:31,16 to 18,I live outside the UK,Nigeria,,Yes,"Funded open-access youth clubs and youth workers in every area, Sure Start style family and early years centres, Cheaper rail travel and a wider young persons railcard","Youth centres open at weekends, not just weekdays.",Digital life and online safety,"Waiting lists where I live are over a year, and people get worse while they wait.",Education and curriculum for life,Girls are still being taken out of education early in too many countries.,4,3,3,4,5,4,5,3,2,7,6,7,10,3,7,9,6,7,10,10,10,7,4,8,10,8,6,5,10,7,9,9,10,9,7,7,"Equality, discrimination and racism, Jobs, apprenticeships and work experience",,Female,White,No,At university,No,Yes
03/11/2026 16:56:49,13 to 15,West Midlands,,TS1,Yes,"Free or capped bus travel for under-25s, Funded open-access youth clubs and youth workers in every area, Funded national youth voice structures (a British Youth Council style body)",,Cost of living and financial security,The support exists on paper but nobody can actually access it.,Education and curriculum for life,,5,3,3,2,2,7,5,3,3,9,8,3,10,4,8,8,9,7,4,7,6,9,7,6,6,10,8,10,8,7,6,7,5,2,4,5,"Housing and a place to live, Mental health and wellbeing",Fund the youth workers. They are the only adults some of us actually trust.,Male,White,No,At university,No,Yes
31/10/2026 16:57:12,22 to 25,London,,,No,"Guaranteed work experience placements for every pupil, Funded open-access youth clubs and youth workers in every area",Music lessons that are not only for people who can pay.,Mental health and wellbeing,Apprenticeships near me pay so little that you need parents who can support you.,Climate and the environment,,3,1,6,1,4,3,3,7,3,5,3,8,10,3,6,10,9,4,6,6,10,10,6,9,10,6,6,10,9,5,10,5,6,7,4,4,"Climate and the environment, Jobs, apprenticeships and work experience","Stop talking about young people as the future and start treating us as the present. We are already paying rent, already working, already voting in some of your countries.",Male,"Black, Black British, Caribbean or African",No,Working,No,Yes
02/11/2026 19:24:21,13 to 15,South East England,,NG7,No,"Local libraries and community spaces with longer opening hours, Free or capped bus travel for under-25s, Funded open-access youth clubs and youth workers in every area",,Mental health and wellbeing,,Education and curriculum for life,,0,5,4,5,2,2,0,4,4,0,4,7,6,7,7,9,8,7,4,9,6,10,9,8,9,9,8,9,9,5,6,5,8,7,3,7,"Digital life and online safety, Climate and the environment",,Male,White,No,In school or college,Yes,Yes
01/11/2026 16:59:05,22 to 25,Yorkshire and the Humber,,,Yes,"Education Maintenance Allowance (EMA) or an equivalent payment for 16–19 study, Guaranteed work experience placements for every pupil, A school nurse and a trained counsellor in every school",Cheaper driving lessons and tests for young people in rural areas.,Housing and a place to live,,Climate and the environment,,4,2,0,5,5,5,3,3,5,8,6,5,7,9,8,8,6,10,9,6,10,10,4,9,8,5,8,8,10,8,10,10,9,6,4,9,"Jobs, apprenticeships and work experience, Education and curriculum for life",,Male,White,Yes,Working,Yes,Yes
03/11/2026 17:49:16,16 to 18,North West England,,BS8,No,"Arts, music and drama in the curriculum, and free or low-cost music tuition, Funded open-access youth clubs and youth workers in every area, Education Maintenance Allowance (EMA) or an equivalent payment for 16–19 study",,"Equality, discrimination and racism",,"Crime, safety and policing",,9,1,3,0,2,2,3,4,3,6,2,6,10,6,5,10,7,8,6,9,8,10,9,8,10,7,4,5,9,8,7,3,4,7,6,5,"Mental health and wellbeing, Digital life and online safety",,Female,White,No,In school or college,No,Yes
02/11/2026 11:31:41,16 to 18,East Midlands,,TS1,No,"Arts, music and drama in the curriculum, and free or low-cost music tuition, Funded open-access youth clubs and youth workers in every area, A school nurse and a trained counsellor in every school",,"Jobs, apprenticeships and work experience",Apprenticeships near me pay so little that you need parents who can support you.,Youth services and safe places to go,"Young people in some member states cannot finish school because of cost, not ability.",5,0,6,5,5,3,0,7,5,6,5,1,7,6,9,10,6,6,8,10,10,7,10,5,10,7,6,8,9,10,10,6,7,5,9,7,"Equality, discrimination and racism, Cost of living and financial security",,Male,Prefer not to say,Prefer not to say,In school or college,No,Yes
02/11/2026 11:14:25,16 to 18,East of England,,EH8,Yes,"Community sports facilities, playing fields and free swimming, Sure Start style family and early years centres, A school nurse and a trained counsellor in every school",,"Jobs, apprenticeships and work experience",,Climate and the environment,,4,2,8,4,3,4,2,4,3,3,6,10,10,5,10,10,5,4,9,9,7,6,6,7,8,7,6,7,6,9,10,8,4,6,5,9,"Equality, discrimination and racism, Mental health and wellbeing",,Male,Asian or Asian British,No,In school or college,No,Yes
03/11/2026 18:45:03,19 to 21,East Midlands,,,Prefer not to say,Free or capped bus travel for under-25s,Free school transport past the age of 16.,"Crime, safety and policing",,Cost of living and financial security,,3,3,7,4,3,3,3,1,7,1,5,4,6,10,10,6,7,9,10,5,9,10,10,9,7,9,3,8,10,7,10,10,6,4,8,10,"Education and curriculum for life, Digital life and online safety",,Female,"Black, Black British, Caribbean or African",Prefer not to say,Apprenticeship or training,No,Yes
04/11/2026 17:47:28,16 to 18,Wales,,S10,No,"Guaranteed work experience placements for every pupil, Arts, music and drama in the curriculum, and free or low-cost music tuition",Music lessons that are not only for people who can pay.,Mental health and wellbeing,The support exists on paper but nobody can actually access it.,Mental health and wellbeing,There are not enough jobs for the number of graduates being produced.,2,1,2,7,3,1,5,6,6,4,9,6,7,9,7,10,5,4,10,10,10,10,8,9,9,4,5,4,5,7,7,9,3,2,2,7,"Equality, discrimination and racism, Climate and the environment",Make the commitments measurable and publish who missed them.,Male,Asian or Asian British,No,"Not in education, employment or training",No,Yes
03/11/2026 20:43:38,16 to 18,South East England,,,Yes,"Arts, music and drama in the curriculum, and free or low-cost music tuition, Restored further education and adult skills funding, and lower tuition fees, Free school meals for more pupils, and holiday food provision",,Housing and a place to live,,Climate and the environment,,4,4,4,6,3,5,4,8,5,1,6,8,8,9,9,9,5,6,9,5,6,8,5,6,9,5,9,7,7,2,10,5,5,10,7,10,"Jobs, apprenticeships and work experience, Education and curriculum for life",,Male,"Black, Black British, Caribbean or African",Yes,In school or college,No,Yes
02/11/2026 15:41:38,16 to 18,South East England,,BT9,Yes,"Funded open-access youth clubs and youth workers in every area, Arts, music and drama in the curriculum, and free or low-cost music tuition, Free or capped bus travel for under-25s",,"Equality, discrimination and racism",Apprenticeships near me pay so little that you need parents who can support you.,"Equality, discrimination and racism",,5,4,2,4,1,6,1,4,0,6,3,6,10,10,8,7,8,9,7,9,8,10,7,9,5,8,9,10,10,6,10,6,6,3,6,8,"Mental health and wellbeing, Climate and the environment",,Male,Other ethnic group,No,In school or college,No,Yes
03/11/2026 10:19:06,22 to 25,I live outside the UK,Jamaica,,No,"Funded open-access youth clubs and youth workers in every area, Community sports facilities, playing fields and free swimming, Restored further education and adult skills funding, and lower tuition fees",Cheaper driving lessons and tests for young people in rural areas.,Housing and a place to live,,Democracy and youth voice,,3,3,7,4,1,7,4,3,5,3,1,6,10,6,4,8,8,4,10,6,6,7,8,7,7,5,7,8,4,8,7,8,10,6,8,7,Climate and the environment,,Female,Prefer not to say,No,Working,No,Yes
04/11/2026 10:06:29,22 to 25,London,,BT9,Yes,"A school nurse and a trained counsellor in every school, Education Maintenance Allowance (EMA) or an equivalent payment for 16–19 study, Sure Start style family and early years centres",Free swimming for under-18s.,Housing and a place to live,Rent takes most of my wages and I still live with my parents.,Cost of living and financial security,,,,,,,,,3,,4,,,,,,,,,,10,9,,7,,,,,,,,9,10,5,,,8,Education and curriculum for life,Bring back the things that were cut before you announce anything new.,Male,White,No,In school or college,No,Yes
02/11/2026 15:11:06,19 to 21,East Midlands,,,Yes,"Sure Start style family and early years centres, Free or capped bus travel for under-25s, Arts, music and drama in the curriculum, and free or low-cost music tuition",,Mental health and wellbeing,,"Crime, safety and policing",,,,,,,,4,,,5,,,7,8,8,10,,,,,,8,,,10,10,,8,8,4,,,5,,,,Climate and the environment,,Male,White,No,Working,No,Yes
02/11/2026 12:21:28,13 to 15,Northern Ireland,,BS8,No,"Independent careers advice in every school (a Connexions style service), Funded open-access youth clubs and youth workers in every area",,Digital life and online safety,People my age are scared on public transport and nobody talks about it.,"Jobs, apprenticeships and work experience",Girls are still being taken out of education early in too many countries.,,,5,5,,,1,4,,,,8,,7,,,7,,,,,8,9,,,8,,,10,6,,9,,8,5,9,"Climate and the environment, Cost of living and financial security",,Non-binary,Mixed or multiple ethnic groups,No,In school or college,No,Yes
02/11/2026 14:18:52,19 to 21,London,,,Yes,"Education Maintenance Allowance (EMA) or an equivalent payment for 16–19 study, Arts, music and drama in the curriculum, and free or low-cost music tuition, Free or capped bus travel for under-25s",,Mental health and wellbeing,,Climate and the environment,Climate change is already displacing people my age in Pacific member states.,3,4,4,4,2,5,0,5,4,6,3,8,7,7,10,9,7,4,10,9,10,10,2,6,8,10,9,7,10,6,7,5,3,5,5,7,"Crime, safety and policing, Cost of living and financial security",Every promise made about climate finance has a deadline that falls after you have all left office. Bring the deadlines forward.,Male,"Black, Black British, Caribbean or African",Yes,At university,No,Yes
03/11/2026 13:10:58,19 to 21,West Midlands,,,No,"Cheaper rail travel and a wider young persons railcard, Sure Start style family and early years centres",,"Crime, safety and policing","Waiting lists where I live are over a year, and people get worse while they wait.",Education and curriculum for life,Climate change is already displacing people my age in Pacific member states.,4,3,5,1,0,5,3,4,6,4,4,4,8,8,10,10,4,6,10,3,9,10,6,6,7,6,10,10,7,7,7,7,9,6,4,5,"Crime, safety and policing, Jobs, apprenticeships and work experience",,Male,"Black, Black British, Caribbean or African",Prefer not to say,In school or college,Prefer not to say,Yes
04/11/2026 09:28:17,13 to 15,Northern Ireland,,G12,No,Free or capped bus travel for under-25s,,Housing and a place to live,The support exists on paper but nobody can actually access it.,Climate and the environment,,1,1,5,7,2,5,5,4,4,2,7,6,7,7,5,6,9,8,10,6,7,9,6,9,9,7,5,4,6,9,8,10,5,1,7,4,"Jobs, apprenticeships and work experience, Education and curriculum for life","Apprenticeships that pay less than rent are not opportunities, they are a trap.",Female,White,No,Working,No,Yes
04/11/2026 14:23:53,22 to 25,North West England,,CV1,No,"Free school meals for more pupils, and holiday food provision, Community sports facilities, playing fields and free swimming, Funded open-access youth clubs and youth workers in every area",,Youth services and safe places to go,,"Crime, safety and policing","Young people in some member states cannot finish school because of cost, not ability.",5,6,7,4,4,7,3,5,5,2,9,6,8,6,8,7,10,10,9,10,9,4,7,10,10,5,5,7,10,8,7,6,4,6,10,7,"Cost of living and financial security, Climate and the environment","Youth unemployment is not a young person problem, it is an economy problem. Stop framing it as our failure.",Prefer not to say,White,No,In school or college,No,Yes
04/11/2026 10:01:01,19 to 21,I live outside the UK,Bangladesh,,Yes,"Independent careers advice in every school (a Connexions style service), Education Maintenance Allowance (EMA) or an equivalent payment for 16–19 study, Cheaper rail travel and a wider young persons railcard",,Cost of living and financial security,The support exists on paper but nobody can actually access it.,"Jobs, apprenticeships and work experience",,3,1,6,4,1,4,6,0,1,0,3,5,5,5,10,7,10,7,8,10,6,8,10,7,10,4,7,6,10,8,10,9,6,4,5,9,"Digital life and online safety, Climate and the environment","Apprenticeships that pay less than rent are not opportunities, they are a trap.",Female,White,No,At university,No,Yes
03/11/2026 15:28:29,13 to 15,South West England,,,No,"Funded open-access youth clubs and youth workers in every area, Free or capped bus travel for under-25s",Free school transport past the age of 16.,"Jobs, apprenticeships and work experience",Rent takes most of my wages and I still live with my parents.,Climate and the environment,,3,1,3,0,3,1,3,6,6,4,3,7,10,9,8,10,7,9,10,7,4,8,5,3,9,9,9,8,10,6,8,9,7,10,4,9,"Jobs, apprenticeships and work experience, Equality, discrimination and racism",,Male,White,No,Apprenticeship or training,Yes,Yes
05/11/2026 13:23:04,13 to 15,Scotland,,,Yes,Funded open-access youth clubs and youth workers in every area,,Mental health and wellbeing,,"Jobs, apprenticeships and work experience",,,0,1,,2,,,,,6,,,,,,10,7,10,5,7,,7,,,10,,,7,9,6,,6,10,,4,5,"Jobs, apprenticeships and work experience, Crime, safety and policing",,Female,White,Yes,At university,No,Yes
05/11/2026 20:58:29,Over 25,Yorkshire and the Humber,,G12,No,"Free or capped bus travel for under-25s, Restored further education and adult skills funding, and lower tuition fees",,"Jobs, apprenticeships and work experience",Everyone I know is choosing between transport to college and lunch.,Climate and the environment,,3,4,7,4,7,4,2,3,2,5,3,5,8,6,9,7,10,6,10,10,9,10,6,9,8,9,9,10,9,8,4,9,9,5,3,6,"Transport and getting around, Youth services and safe places to go","If the Commonwealth means anything, it should mean a young person in Fiji and a young person in Wales both get heard.",Female,White,No,In school or college,No,Yes
03/11/2026 15:31:05,16 to 18,South West England,,SW1A,Yes,Funded open-access youth clubs and youth workers in every area,Free swimming for under-18s.,Housing and a place to live,,Education and curriculum for life,Online access decides who gets opportunities and it is very unequal.,4,3,4,3,2,5,3,5,6,3,3,1,10,7,10,10,7,8,9,6,7,7,9,9,10,8,7,5,5,6,10,8,7,10,6,8,"Democracy and youth voice, Education and curriculum for life",,Female,Asian or Asian British,Yes,Working,No,Yes
05/11/2026 13:28:42,16 to 18,West Midlands,,TS1,No,"Funded open-access youth clubs and youth workers in every area, Sure Start style family and early years centres, Independent careers advice in every school (a Connexions style service)",Free swimming for under-18s.,Mental health and wellbeing,The support exists on paper but nobody can actually access it.,"Jobs, apprenticeships and work experience","Young people in some member states cannot finish school because of cost, not ability.",4,4,6,3,6,4,4,6,3,6,2,7,8,4,9,5,8,10,10,9,7,6,9,6,7,10,7,8,10,5,5,5,7,6,7,6,"Mental health and wellbeing, Jobs, apprenticeships and work experience","If you want us to trust institutions, give us something to trust. Fund youth services properly and keep them open.",Female,White,Yes,In school or college,No,Yes
04/11/2026 18:11:09,13 to 15,East of England,,B29,No,Education Maintenance Allowance (EMA) or an equivalent payment for 16–19 study,,Digital life and online safety,"Waiting lists where I live are over a year, and people get worse while they wait.",Climate and the environment,,3,2,5,6,6,5,0,8,6,3,7,8,7,8,10,10,4,9,5,7,10,7,9,9,5,3,8,9,7,7,10,9,5,10,6,7,"Equality, discrimination and racism, Education and curriculum for life",,Male,Prefer not to say,No,At university,No,Yes
05/11/2026 09:19:46,22 to 25,Scotland,,S10,No,"Education Maintenance Allowance (EMA) or an equivalent payment for 16–19 study, Free or capped bus travel for under-25s, Funded open-access youth clubs and youth workers in every area",Free swimming for under-18s.,Cost of living and financial security,Everyone I know is choosing between transport to college and lunch.,Digital life and online safety,,1,0,7,2,2,6,1,4,5,2,3,6,7,7,8,8,7,8,8,8,9,5,7,8,5,9,9,8,10,6,7,9,6,6,6,8,"Education and curriculum for life, Cost of living and financial security",Online harm is not a side issue. It is where we live most of our lives.,Male,"Black, Black British, Caribbean or African",No,In school or college,No,Yes
03/11/2026 10:47:10,16 to 18,Northern Ireland,,EH8,No,"Guaranteed work experience placements for every pupil, A school nurse and a trained counsellor in every school, Restored further education and adult skills funding, and lower tuition fees",,Mental health and wellbeing,,Cost of living and financial security,,2,6,4,5,6,3,2,3,5,1,6,8,10,9,4,8,10,3,7,7,5,5,5,6,10,5,4,9,10,5,0,10,4,3,6,9,"Cost of living and financial security, Climate and the environment",,Male,White,Yes,"Not in education, employment or training",No,Yes
05/11/2026 19:22:14,16 to 18,South West England,,,Yes,"Education Maintenance Allowance (EMA) or an equivalent payment for 16–19 study, Funded open-access youth clubs and youth workers in every area, A school nurse and a trained counsellor in every school",Free school transport past the age of 16.,Cost of living and financial security,There is nowhere to go in the evening since the youth centre closed.,Democracy and youth voice,Online access decides who gets opportunities and it is very unequal.,3,0,7,2,4,6,1,5,7,2,4,2,9,10,8,10,4,5,9,10,8,8,6,8,10,7,3,7,9,8,6,10,5,5,6,9,"Education and curriculum for life, Climate and the environment",Racism is still shaping who gets opportunities in every country here. Say so out loud.,Male,Mixed or multiple ethnic groups,No,In school or college,No,Yes
06/11/2026 11:54:53,22 to 25,Yorkshire and the Humber,,EH8,Yes,"Arts, music and drama in the curriculum, and free or low-cost music tuition, Community sports facilities, playing fields and free swimming, Independent careers advice in every school (a Connexions style service)",,Cost of living and financial security,,"Jobs, apprenticeships and work experience",,6,0,4,8,6,2,4,7,5,3,1,3,9,9,10,7,8,8,6,7,9,7,7,4,6,7,4,5,8,7,6,5,6,9,5,10,Climate and the environment,,Female,White,Prefer not to say,At university,No,Yes
05/11/2026 20:49:18,22 to 25,East Midlands,,LS6,No,Funded open-access youth clubs and youth workers in every area,,Mental health and wellbeing,,Education and curriculum for life,"Young people in some member states cannot finish school because of cost, not ability.",8,3,1,5,5,6,1,4,4,7,7,5,7,4,6,9,10,4,9,9,6,5,5,8,9,8,10,6,10,8,10,10,7,6,7,10,"Digital life and online safety, Climate and the environment",,Female,White,Prefer not to say,Prefer not to say,No,Yes
06/11/2026 16:09:12,13 to 15,London,,,Prefer not to say,Independent careers advice in every school (a Connexions style service),,Mental health and wellbeing,,Education and curriculum for life,,3,1,5,2,1,6,2,3,6,1,4,8,7,10,8,9,10,6,10,10,5,10,5,5,9,9,8,10,10,5,9,7,6,5,8,6,"Mental health and wellbeing, Climate and the environment","Apprenticeships that pay less than rent are not opportunities, they are a trap.",Female,White,No,In school or college,No,Yes
04/11/2026 17:46:15,13 to 15,East Midlands,,,No,"Local libraries and community spaces with longer opening hours, Restored further education and adult skills funding, and lower tuition fees, Free or capped bus travel for under-25s",,Mental health and wellbeing,"Waiting lists where I live are over a year, and people get worse while they wait.",Education and curriculum for life,,2,4,5,4,2,5,4,6,9,6,6,6,7,6,10,4,10,5,10,9,7,8,6,9,10,7,8,10,7,6,9,5,5,5,5,7,"Equality, discrimination and racism, Climate and the environment",,Male,Mixed or multiple ethnic groups,Prefer not to say,Working,Prefer not to say,Yes
04/11/2026 12:34:15,16 to 18,South East England,,NG7,No,"Education Maintenance Allowance (EMA) or an equivalent payment for 16–19 study, Guaranteed work experience placements for every pupil, Free or capped bus travel for under-25s",,Democracy and youth voice,,"Equality, discrimination and racism",,1,5,3,5,0,4,2,3,7,5,5,6,8,10,7,7,8,4,9,10,10,10,8,7,10,8,6,7,6,10,8,7,7,9,6,8,"Cost of living and financial security, Education and curriculum for life",,Male,White,Yes,In school or college,No,Yes
04/11/2026 13:06:53,19 to 21,North East England,,EH8,Yes,"Education Maintenance Allowance (EMA) or an equivalent payment for 16–19 study, Free or capped bus travel for under-25s, Sure Start style family and early years centres",,Youth services and safe places to go,"Waiting lists where I live are over a year, and people get worse while they wait.","Jobs, apprenticeships and work experience",,1,,,3,3,,,,,5,5,,,,,4,,,,6,5,9,8,6,7,,,9,,,,7,,3,10,,"Crime, safety and policing, Climate and the environment",,Male,White,No,At university,No,Yes
05/11/2026 18:52:33,16 to 18,East Midlands,,,No,"Education Maintenance Allowance (EMA) or an equivalent payment for 16–19 study, Arts, music and drama in the curriculum, and free or low-cost music tuition, Restored further education and adult skills funding, and lower tuition fees",Music lessons that are not only for people who can pay.,Digital life and online safety,,"Crime, safety and policing",,4,1,8,3,4,4,2,5,2,8,0,4,7,10,10,8,7,9,8,8,10,8,8,5,9,8,8,8,7,6,9,9,7,7,4,10,"Education and curriculum for life, Jobs, apprenticeships and work experience",,Female,White,Yes,At university,No,Yes
05/11/2026 12:05:35,22 to 25,Yorkshire and the Humber,,PL4,No,"Arts, music and drama in the curriculum, and free or low-cost music tuition, Free school meals for more pupils, and holiday food provision, Funded national youth voice structures (a British Youth Council style body)",,"Equality, discrimination and racism",My school had one careers adviser for eight hundred students.,"Crime, safety and policing",Young people are excluded from decisions in almost every member state.,2,6,3,4,3,3,2,4,9,8,2,4,5,7,9,10,6,7,8,7,10,8,7,4,10,8,4,6,6,8,6,6,6,6,3,9,Cost of living and financial security,Online harm is not a side issue. It is where we live most of our lives.,Female,White,No,At university,No,Yes
06/11/2026 18:05:04,16 to 18,I live outside the UK,Fiji,,Yes,"Arts, music and drama in the curriculum, and free or low-cost music tuition",Free school transport past the age of 16.,Youth services and safe places to go,Everything costs more and nothing about young people’s pay has changed.,Education and curriculum for life,Corruption means money meant for young people does not reach us.,2,3,4,5,2,5,7,4,1,3,7,6,8,3,8,9,6,5,7,10,3,10,6,7,9,3,6,8,10,4,7,4,7,2,7,6,"Crime, safety and policing, Climate and the environment",,Male,White,No,At university,No,Yes
04/11/2026 19:54:35,16 to 18,East Midlands,,TS1,No,"Arts, music and drama in the curriculum, and free or low-cost music tuition, A school nurse and a trained counsellor in every school, Community sports facilities, playing fields and free swimming",,Mental health and wellbeing,People my age are scared on public transport and nobody talks about it.,"Jobs, apprenticeships and work experience",,0,4,,,0,3,,,,3,,3,,,,,10,,,,9,,,,10,,,8,,6,8,,7,4,,,"Housing and a place to live, Equality, discrimination and racism",,Female,White,No,At university,No,Yes
06/11/2026 17:48:40,19 to 21,South East England,,NG7,Yes,"Education Maintenance Allowance (EMA) or an equivalent payment for 16–19 study, A school nurse and a trained counsellor in every school",,Mental health and wellbeing,Apprenticeships near me pay so little that you need parents who can support you.,"Jobs, apprenticeships and work experience",Corruption means money meant for young people does not reach us.,,,3,,,,0,,,,2,,,,,9,4,,,5,4,8,10,,9,9,,,,,,10,6,,,6,Education and curriculum for life,,Male,White,Yes,In school or college,No,Yes
05/11/2026 15:46:14,13 to 15,West Midlands,,,Yes,"Restored further education and adult skills funding, and lower tuition fees, Funded open-access youth clubs and youth workers in every area, A school nurse and a trained counsellor in every school","Youth centres open at weekends, not just weekdays.",Mental health and wellbeing,,Climate and the environment,Youth unemployment across the Commonwealth is the common thread in all of this.,2,2,4,6,2,8,3,4,5,4,8,5,10,10,10,6,10,3,9,5,7,7,5,4,9,4,6,7,7,9,6,10,5,2,5,4,"Education and curriculum for life, Mental health and wellbeing",,Male,White,Yes,At university,No,Yes
06/11/2026 17:19:51,13 to 15,East Midlands,,B29,No,"Free or capped bus travel for under-25s, Sure Start style family and early years centres, Guaranteed work experience placements for every pupil",,Cost of living and financial security,,Climate and the environment,,3,3,3,7,1,2,3,5,5,6,3,1,8,7,10,9,10,4,8,10,10,7,9,5,4,10,6,10,7,3,10,5,6,6,5,8,"Cost of living and financial security, Climate and the environment",,Female,"Black, Black British, Caribbean or African",No,In school or college,No,Yes
04/11/2026 13:19:44,13 to 15,South East England,,S10,Yes,"Funded national youth voice structures (a British Youth Council style body), Arts, music and drama in the curriculum, and free or low-cost music tuition",,Education and curriculum for life,,Education and curriculum for life,,2,2,5,3,2,0,0,5,1,1,6,4,8,10,10,7,5,6,9,7,7,6,8,9,8,10,4,3,10,8,7,9,7,5,8,6,"Jobs, apprenticeships and work experience, Mental health and wellbeing","Talk to young people who are not already in youth parliaments. We are not the hard-to-reach ones, you are.",Female,Prefer not to say,Yes,"Not in education, employment or training",No,Yes
05/11/2026 16:26:49,Over 25,North West England,,,Yes,"Education Maintenance Allowance (EMA) or an equivalent payment for 16–19 study, Independent careers advice in every school (a Connexions style service), Funded national youth voice structures (a British Youth Council style body)",Free school transport past the age of 16.,Education and curriculum for life,,"Jobs, apprenticeships and work experience",,0,,,,,,1,,3,5,,,10,,,,,8,8,7,6,5,,6,5,,,,,,,9,4,8,,,"Climate and the environment, Jobs, apprenticeships and work experience",You measure success in GDP. Measure it in whether an 18-year-old can see a future where they live.,Female,White,Yes,Working,No,Yes
06/11/2026 14:37:07,16 to 18,South West England,,BS8,No,"Independent careers advice in every school (a Connexions style service), Arts, music and drama in the curriculum, and free or low-cost music tuition",,Youth services and safe places to go,You cannot plan a future when you cannot afford anywhere to live.,"Equality, discrimination and racism",,5,2,5,4,8,6,3,3,6,8,5,4,9,8,7,7,7,5,6,7,7,10,9,9,10,8,8,10,7,10,6,8,8,6,7,3,"Jobs, apprenticeships and work experience, Education and curriculum for life",Young carers and care-experienced young people are invisible in every policy document I have read.,Male,"Black, Black British, Caribbean or African",No,In school or college,No,Yes
04/11/2026 16:04:32,16 to 18,Yorkshire and the Humber,,,No,"Arts, music and drama in the curriculum, and free or low-cost music tuition, A school nurse and a trained counsellor in every school, Restored further education and adult skills funding, and lower tuition fees","Youth centres open at weekends, not just weekdays.",Youth services and safe places to go,,"Jobs, apprenticeships and work experience",There are not enough jobs for the number of graduates being produced.,,,,,,,3,,4,,,,8,,,9,,9,,9,,5,,,,,6,,,,,3,9,,4,8,"Jobs, apprenticeships and work experience",,Female,White,No,In school or college,Yes,Yes
04/11/2026 15:05:58,19 to 21,Scotland,,NG7,No,Funded national youth voice structures (a British Youth Council style body),"Youth centres open at weekends, not just weekdays.",Youth services and safe places to go,Apprenticeships near me pay so little that you need parents who can support you.,Climate and the environment,,3,8,1,2,1,8,4,8,7,2,4,6,6,9,8,9,5,8,10,8,8,8,5,7,9,4,6,6,10,9,10,6,8,8,6,7,"Education and curriculum for life, Equality, discrimination and racism",Commonwealth mobility should mean something. Let young people study and work across member states without impossible visa costs.,Female,White,No,At university,No,Yes
05/11/2026 11:42:51,13 to 15,London,,G12,No,Guaranteed work experience placements for every pupil,Free school transport past the age of 16.,Housing and a place to live,,Climate and the environment,,5,1,4,7,4,0,5,4,6,1,2,2,6,8,10,7,9,9,9,4,9,5,10,10,9,9,7,7,8,10,8,8,6,6,7,6,"Housing and a place to live, Crime, safety and policing",The cost of getting to college is the reason people drop out. Fix transport and you fix attendance.,Male,White,Yes,At university,No,Yes
06/11/2026 19:09:12,19 to 21,I live outside the UK,Samoa,,No,"Funded open-access youth clubs and youth workers in every area, Free or capped bus travel for under-25s, Arts, music and drama in the curriculum, and free or low-cost music tuition",Free school transport past the age of 16.,Youth services and safe places to go,Everyone I know is choosing between transport to college and lunch.,"Jobs, apprenticeships and work experience",Climate change is already displacing people my age in Pacific member states.,2,1,6,4,0,4,1,4,4,5,4,5,8,5,10,5,10,5,9,8,6,8,7,10,9,4,8,6,10,3,9,7,6,6,8,6,"Education and curriculum for life, Equality, discrimination and racism",,Female,White,No,In school or college,No,Yes
06/11/2026 15:03:38,19 to 21,South East England,,,No,"Education Maintenance Allowance (EMA) or an equivalent payment for 16–19 study, Guaranteed work experience placements for every pupil, Free or capped bus travel for under-25s",Free school transport past the age of 16.,Mental health and wellbeing,,Education and curriculum for life,,1,4,3,4,3,4,2,4,3,5,4,3,10,6,8,10,7,4,6,7,10,10,10,9,9,8,8,8,10,10,7,4,7,7,4,6,"Climate and the environment, Crime, safety and policing",We cannot build a future in countries we cannot afford to live in. Housing is the whole argument.,Male,White,Yes,At university,No,Yes
07/11/2026 18:36:09,19 to 21,East of England,,M14,No,Free or capped bus travel for under-25s,Proper funding for school counselling.,Housing and a place to live,My school had one careers adviser for eight hundred students.,"Crime, safety and policing",,3,2,8,8,4,3,2,4,1,5,3,7,7,5,10,9,10,6,7,8,5,10,9,8,10,7,6,7,7,6,8,8,10,9,7,4,"Democracy and youth voice, Education and curriculum for life",,Female,Mixed or multiple ethnic groups,No,In school or college,No,Yes
05/11/2026 20:55:07,19 to 21,North East England,,NG7,Yes,"Community sports facilities, playing fields and free swimming",,Education and curriculum for life,,"Jobs, apprenticeships and work experience",Online access decides who gets opportunities and it is very unequal.,,3,,2,,,,6,,,,,8,,,8,5,8,8,3,10,,,6,,,,10,,,,,,4,,,"Housing and a place to live, Jobs, apprenticeships and work experience",Girls across the Commonwealth are still leaving education early. That should embarrass every leader in the room.,Male,Asian or Asian British,No,In school or college,No,Yes
06/11/2026 19:29:09,16 to 18,South West England,,S10,No,"Education Maintenance Allowance (EMA) or an equivalent payment for 16–19 study, Cheaper rail travel and a wider young persons railcard",,Mental health and wellbeing,My school had one careers adviser for eight hundred students.,Digital life and online safety,,4,2,6,2,4,0,3,6,3,3,4,5,10,10,6,6,8,5,7,9,8,10,8,6,9,6,9,4,10,9,10,7,7,6,7,6,"Equality, discrimination and racism","Stop talking about young people as the future and start treating us as the present. We are already paying rent, already working, already voting in some of your countries.",Prefer not to say,White,Prefer not to say,In school or college,No,Yes
07/11/2026 12:55:05,16 to 18,I live outside the UK,Pakistan,,No,"Funded national youth voice structures (a British Youth Council style body), Restored further education and adult skills funding, and lower tuition fees, Free or capped bus travel for under-25s",,Cost of living and financial security,,Climate and the environment,,2,,8,,,2,,,,3,4,,,8,,,9,,10,9,,,,,7,4,4,,,10,,,,,8,,"Mental health and wellbeing, Cost of living and financial security","Education across the Commonwealth should prepare us for the jobs that will exist, not the ones that did.",Male,White,No,At university,No,Yes
06/11/2026 18:25:00,22 to 25,Scotland,,NG7,Yes,"Arts, music and drama in the curriculum, and free or low-cost music tuition, Education Maintenance Allowance (EMA) or an equivalent payment for 16–19 study",,"Crime, safety and policing",The support exists on paper but nobody can actually access it.,"Crime, safety and policing",,,4,,,3,4,,4,3,,,2,,,10,8,,,,,,,,3,9,8,,,7,5,,,,4,5,,"Cost of living and financial security, Digital life and online safety","If the Commonwealth means anything, it should mean a young person in Fiji and a young person in Wales both get heard.",Female,White,Yes,Apprenticeship or training,No,Yes
06/11/2026 09:47:40,19 to 21,London,,,Yes,"Free or capped bus travel for under-25s, Restored further education and adult skills funding, and lower tuition fees",Proper funding for school counselling.,Housing and a place to live,Everyone I know is choosing between transport to college and lunch.,Education and curriculum for life,,5,4,5,4,3,7,5,4,7,2,1,4,10,6,10,10,4,5,10,10,9,10,3,10,10,7,6,9,7,8,4,5,6,7,10,7,"Climate and the environment, Jobs, apprenticeships and work experience",,Male,White,No,In school or college,No,Yes
08/11/2026 20:31:12,19 to 21,Yorkshire and the Humber,,,No,"Education Maintenance Allowance (EMA) or an equivalent payment for 16–19 study, Funded national youth voice structures (a British Youth Council style body), A school nurse and a trained counsellor in every school",Music lessons that are not only for people who can pay.,"Jobs, apprenticeships and work experience",,Climate and the environment,,2,,,5,,,,,,4,3,,,,,,10,6,9,8,,8,6,,8,,,,,,6,,,,,,"Education and curriculum for life, Cost of living and financial security",,Male,White,Prefer not to say,At university,No,Yes
06/11/2026 16:06:22,13 to 15,South West England,,BS8,Yes,Funded national youth voice structures (a British Youth Council style body),,Cost of living and financial security,"Waiting lists where I live are over a year, and people get worse while they wait.","Equality, discrimination and racism",,7,5,6,1,0,3,1,3,5,1,6,3,8,6,4,10,8,7,10,10,8,5,5,10,8,5,3,10,10,7,7,9,3,6,4,10,"Jobs, apprenticeships and work experience, Climate and the environment",,Female,White,No,In school or college,No,Yes
07/11/2026 09:07:13,16 to 18,East Midlands,,PL4,No,"Funded open-access youth clubs and youth workers in every area, Free or capped bus travel for under-25s",,"Crime, safety and policing",,"Crime, safety and policing",Youth unemployment across the Commonwealth is the common thread in all of this.,3,4,6,5,4,4,0,7,5,5,3,7,10,7,9,10,10,3,10,8,7,8,4,6,8,6,9,8,10,10,10,8,9,5,7,7,"Climate and the environment, Democracy and youth voice","Apprenticeships that pay less than rent are not opportunities, they are a trap.",Female,"Black, Black British, Caribbean or African",Yes,Apprenticeship or training,Yes,Yes
06/11/2026 20:37:43,16 to 18,Yorkshire and the Humber,,,Yes,Free or capped bus travel for under-25s,Free swimming for under-18s.,Cost of living and financial security,,"Equality, discrimination and racism",,4,4,8,7,3,1,6,3,3,4,5,4,5,9,10,10,5,7,6,8,7,2,4,4,10,6,5,8,10,5,9,10,8,3,5,7,"Equality, discrimination and racism, Climate and the environment",Online harm is not a side issue. It is where we live most of our lives.,Female,White,No,Working,No,Yes
07/11/2026 10:41:30,19 to 21,Scotland,,,No,"Free or capped bus travel for under-25s, A school nurse and a trained counsellor in every school",,Education and curriculum for life,,Mental health and wellbeing,"Young people in some member states cannot finish school because of cost, not ability.",2,4,4,1,2,4,5,5,9,3,0,8,10,6,9,7,8,10,8,10,10,8,8,6,9,8,6,10,10,10,4,8,7,5,4,9,"Jobs, apprenticeships and work experience, Crime, safety and policing",Fund the youth workers. They are the only adults some of us actually trust.,Female,White,Yes,Apprenticeship or training,No,Yes
06/11/2026 12:05:48,16 to 18,South West England,,,No,"Free school meals for more pupils, and holiday food provision, Arts, music and drama in the curriculum, and free or low-cost music tuition, Community sports facilities, playing fields and free swimming",Cheaper driving lessons and tests for young people in rural areas.,"Jobs, apprenticeships and work experience",,"Equality, discrimination and racism",,3,3,8,6,2,0,2,7,7,4,7,5,7,5,9,10,9,5,8,8,9,9,10,5,10,5,6,7,9,3,5,7,4,9,1,4,"Education and curriculum for life, Climate and the environment",,Female,White,No,In school or college,No,Yes
05/11/2026 16:11:58,13 to 15,East Midlands,,LS6,Yes,Funded open-access youth clubs and youth workers in every area,,Mental health and wellbeing,,"Crime, safety and policing",,5,1,2,7,0,4,3,5,6,5,7,3,10,7,9,10,8,4,10,8,5,10,10,5,10,6,10,9,10,6,6,9,5,9,2,6,"Climate and the environment, Education and curriculum for life",,Male,White,Yes,At university,No,Yes
08/11/2026 16:13:59,Over 25,South West England,,NG7,No,"Cheaper rail travel and a wider young persons railcard, A school nurse and a trained counsellor in every school",,Education and curriculum for life,,Cost of living and financial security,,4,2,2,5,4,7,3,5,8,2,2,8,7,9,8,7,9,8,8,9,7,10,4,9,8,4,7,6,10,8,5,5,7,10,5,10,Climate and the environment,You measure success in GDP. Measure it in whether an 18-year-old can see a future where they live.,Female,White,No,At university,No,Yes
08/11/2026 15:41:35,16 to 18,North West England,,NG7,No,"Funded open-access youth clubs and youth workers in every area, Arts, music and drama in the curriculum, and free or low-cost music tuition, Community sports facilities, playing fields and free swimming",,Cost of living and financial security,,Education and curriculum for life,,4,3,7,1,1,7,1,3,3,7,4,2,10,5,10,9,7,4,10,8,10,10,9,9,5,5,8,8,10,10,6,10,5,9,7,6,"Cost of living and financial security, Youth services and safe places to go",Racism is still shaping who gets opportunities in every country here. Say so out loud.,Male,White,No,In school or college,No,Yes
06/11/2026 16:21:09,16 to 18,East of England,,,No,Independent careers advice in every school (a Connexions style service),Cheaper driving lessons and tests for young people in rural areas.,Housing and a place to live,Rent takes most of my wages and I still live with my parents.,"Jobs, apprenticeships and work experience",,3,5,6,4,4,4,3,3,2,5,5,5,9,9,10,10,9,2,10,10,9,8,8,9,10,10,5,8,6,8,7,5,8,8,10,8,"Climate and the environment, Crime, safety and policing",,Male,White,No,Apprenticeship or training,No,Yes
06/11/2026 14:22:13,19 to 21,North West England,,,No,"Free or capped bus travel for under-25s, Funded open-access youth clubs and youth workers in every area, Independent careers advice in every school (a Connexions style service)",,Mental health and wellbeing,Everything costs more and nothing about young people’s pay has changed.,Cost of living and financial security,,3,5,5,4,2,6,5,6,5,8,7,4,10,6,10,4,6,6,10,8,4,9,6,9,8,8,7,8,7,10,5,6,6,5,2,6,"Equality, discrimination and racism, Jobs, apprenticeships and work experience",,Female,White,No,"Not in education, employment or training",No,Yes
06/11/2026 17:58:02,16 to 18,South West England,,,Yes,"Independent careers advice in every school (a Connexions style service), A school nurse and a trained counsellor in every school, Guaranteed work experience placements for every pupil",,"Jobs, apprenticeships and work experience",,Education and curriculum for life,Corruption means money meant for young people does not reach us.,2,3,4,5,1,3,2,3,5,5,3,6,10,4,10,8,7,4,9,5,8,9,6,6,8,10,6,8,10,9,7,4,4,7,3,7,"Equality, discrimination and racism, Crime, safety and policing","If the Commonwealth means anything, it should mean a young person in Fiji and a young person in Wales both get heard.",Male,White,Yes,Working,No,Yes
06/11/2026 11:05:15,16 to 18,Scotland,,,Yes,"Independent careers advice in every school (a Connexions style service), Arts, music and drama in the curriculum, and free or low-cost music tuition, Community sports facilities, playing fields and free swimming",Free school transport past the age of 16.,"Jobs, apprenticeships and work experience",You cannot plan a future when you cannot afford anywhere to live.,"Equality, discrimination and racism",,3,5,5,3,4,1,2,9,5,5,3,3,9,10,10,9,6,10,9,5,10,8,5,7,10,4,10,10,9,5,7,9,7,6,5,6,"Equality, discrimination and racism",,Non-binary,"Black, Black British, Caribbean or African",No,In school or college,No,Yes
09/11/2026 19:38:34,19 to 21,South East England,,,No,"Funded open-access youth clubs and youth workers in every area, Arts, music and drama in the curriculum, and free or low-cost music tuition, Guaranteed work experience placements for every pupil",Free swimming for under-18s.,Education and curriculum for life,,Education and curriculum for life,There are not enough jobs for the number of graduates being produced.,3,2,6,4,2,0,4,4,3,6,4,7,8,8,10,6,8,9,8,8,9,10,9,8,10,9,10,8,7,5,6,3,6,6,5,7,"Jobs, apprenticeships and work experience, Cost of living and financial security",Fund the youth workers. They are the only adults some of us actually trust.,Male,White,No,At university,No,Yes
08/11/2026 19:15:31,22 to 25,East of England,,,Prefer not to say,"Sure Start style family and early years centres, Restored further education and adult skills funding, and lower tuition fees, Community sports facilities, playing fields and free swimming",,Youth services and safe places to go,,"Equality, discrimination and racism",,3,4,3,6,7,4,1,2,1,4,4,6,10,6,10,10,9,6,10,8,9,7,2,5,10,7,4,10,10,4,7,9,4,4,8,6,"Education and curriculum for life, Climate and the environment","Education across the Commonwealth should prepare us for the jobs that will exist, not the ones that did.",Female,White,No,Working,No,Yes
08/11/2026 12:04:05,22 to 25,South West England,,L18,No,"Community sports facilities, playing fields and free swimming",,Climate and the environment,Everyone I know is choosing between transport to college and lunch.,Climate and the environment,,0,0,7,7,4,1,5,6,0,7,2,10,8,6,5,8,8,5,5,8,9,10,10,8,10,1,8,9,8,7,7,10,7,9,10,9,"Housing and a place to live, Jobs, apprenticeships and work experience",,Male,Asian or Asian British,No,In school or college,No,Yes
08/11/2026 16:44:25,22 to 25,Scotland,,,Yes,"Funded open-access youth clubs and youth workers in every area, Education Maintenance Allowance (EMA) or an equivalent payment for 16–19 study, Cheaper rail travel and a wider young persons railcard",,Housing and a place to live,"Waiting lists where I live are over a year, and people get worse while they wait.",Climate and the environment,,2,4,4,6,0,8,5,4,5,6,0,7,10,10,6,6,10,9,9,7,6,9,7,4,10,6,6,8,8,9,8,9,10,5,7,9,"Digital life and online safety, Jobs, apprenticeships and work experience","Put a young person in the room when the decision is being made, not in the photograph afterwards.",Female,White,Yes,"Not in education, employment or training",No,Yes
07/11/2026 13:49:52,19 to 21,North West England,,B29,Yes,"A school nurse and a trained counsellor in every school, Local libraries and community spaces with longer opening hours",,Mental health and wellbeing,,Cost of living and financial security,Girls are still being taken out of education early in too many countries.,2,3,5,5,0,3,4,8,1,4,2,8,10,4,9,6,6,5,4,10,4,7,5,8,10,7,9,6,7,9,10,7,6,6,6,6,"Education and curriculum for life, Climate and the environment",Bring back the things that were cut before you announce anything new.,Non-binary,White,No,In school or college,Yes,Yes
07/11/2026 10:51:23,16 to 18,I live outside the UK,Cyprus,,No,"Funded open-access youth clubs and youth workers in every area, Education Maintenance Allowance (EMA) or an equivalent payment for 16–19 study",,Mental health and wellbeing,,Climate and the environment,,,3,,,2,,,,,,4,,,,10,9,,,10,,8,9,,,,8,,,,,,3,,,3,9,"Cost of living and financial security, Climate and the environment",,Male,White,Prefer not to say,In school or college,No,Yes
08/11/2026 19:56:05,16 to 18,I live outside the UK,Fiji,,Prefer not to say,"Funded open-access youth clubs and youth workers in every area, Local libraries and community spaces with longer opening hours, Sure Start style family and early years centres",Free swimming for under-18s.,Mental health and wellbeing,,"Jobs, apprenticeships and work experience",,0,7,3,2,0,5,4,7,3,0,9,8,8,8,10,7,10,8,8,9,10,10,6,4,10,6,5,6,10,7,5,9,6,5,6,7,"Equality, discrimination and racism, Democracy and youth voice",,Prefer not to say,Other ethnic group,No,Working,No,Yes
08/11/2026 12:19:44,13 to 15,East Midlands,,,No,"Funded open-access youth clubs and youth workers in every area, A school nurse and a trained counsellor in every school, Free or capped bus travel for under-25s",,Digital life and online safety,Everyone I know is choosing between transport to college and lunch.,Climate and the environment,,3,2,2,3,9,6,6,3,2,4,4,7,7,6,8,9,7,4,8,8,10,6,7,6,9,8,3,9,10,7,5,8,7,3,10,7,"Equality, discrimination and racism",Give us votes at 16 and watch how quickly politics starts taking young people seriously.,Female,White,No,In school or college,Yes,Yes
08/11/2026 16:57:57,16 to 18,London,,,No,"Guaranteed work experience placements for every pupil, Free or capped bus travel for under-25s",,Mental health and wellbeing,"Waiting lists where I live are over a year, and people get worse while they wait.",Cost of living and financial security,,7,0,5,5,4,2,6,6,3,2,4,10,9,8,8,10,10,7,5,7,10,7,9,7,10,9,7,6,9,9,9,6,6,8,6,7,"Equality, discrimination and racism","Apprenticeships that pay less than rent are not opportunities, they are a trap.",Male,Asian or Asian British,No,Working,Yes,Yes
08/11/2026 20:33:26,22 to 25,Yorkshire and the Humber,,,No,"Arts, music and drama in the curriculum, and free or low-cost music tuition, A school nurse and a trained counsellor in every school, Guaranteed work experience placements for every pupil",Cheaper driving lessons and tests for young people in rural areas.,Housing and a place to live,Apprenticeships near me pay so little that you need parents who can support you.,Housing and a place to live,,0,6,8,3,4,2,1,4,5,4,4,3,9,5,10,8,7,6,9,6,5,4,8,5,7,7,7,7,8,4,9,9,6,8,5,6,"Education and curriculum for life, Jobs, apprenticeships and work experience",,Male,White,No,In school or college,No,Yes
07/11/2026 10:07:10,16 to 18,South East England,,,Yes,"Sure Start style family and early years centres, Guaranteed work experience placements for every pupil",,Mental health and wellbeing,,Education and curriculum for life,,3,,,,2,3,2,7,5,,,1,,,9,,,,,,,,,,,4,8,,,,,5,,,,7,"Equality, discrimination and racism",,Male,"Black, Black British, Caribbean or African",No,At university,No,Yes
08/11/2026 19:27:31,19 to 21,Scotland,,S10,Prefer not to say,A school nurse and a trained counsellor in every school,,Cost of living and financial security,My school had one careers adviser for eight hundred students.,"Crime, safety and policing",Young people are excluded from decisions in almost every member state.,0,1,2,3,3,2,9,5,6,2,5,6,9,5,10,10,10,5,4,7,10,9,9,8,10,10,6,8,10,7,2,6,5,6,7,9,"Equality, discrimination and racism, Mental health and wellbeing",,Female,White,No,In school or college,No,Yes
10/11/2026 19:47:17,19 to 21,North East England,,,No,"A school nurse and a trained counsellor in every school, Free or capped bus travel for under-25s",,Transport and getting around,,Democracy and youth voice,,3,7,6,1,2,2,4,4,5,5,5,7,10,6,10,10,10,8,9,6,7,7,9,7,9,6,3,8,9,9,10,7,4,5,8,8,"Education and curriculum for life, Mental health and wellbeing","Mental health support should not depend on which postcode you live in, or which country.",Male,White,No,Working,No,Yes
09/11/2026 14:35:06,13 to 15,East Midlands,,S10,Yes,"Funded open-access youth clubs and youth workers in every area, Education Maintenance Allowance (EMA) or an equivalent payment for 16–19 study, Free school meals for more pupils, and holiday food provision",,"Crime, safety and policing",Everyone I know is choosing between transport to college and lunch.,Climate and the environment,,1,4,5,8,2,1,4,4,5,1,5,7,10,7,6,6,10,10,4,10,10,7,6,8,7,5,7,6,10,9,9,1,7,7,4,9,"Climate and the environment, Education and curriculum for life",Give us votes at 16 and watch how quickly politics starts taking young people seriously.,Prefer not to say,White,Yes,"Not in education, employment or training",No,Yes
08/11/2026 20:58:44,16 to 18,South East England,,L18,Yes,"Funded open-access youth clubs and youth workers in every area, Free or capped bus travel for under-25s, Arts, music and drama in the curriculum, and free or low-cost music tuition",,Cost of living and financial security,,Climate and the environment,,0,4,2,3,5,3,6,2,4,7,4,2,7,6,10,7,10,10,8,7,6,8,9,9,7,5,8,6,9,10,6,5,6,8,7,6,"Education and curriculum for life, Climate and the environment",Listen to young people from small island states before it is too late to listen to them at all.,Male,White,No,In school or college,No,Yes
08/11/2026 18:39:24,16 to 18,London,,B29,No,"Funded open-access youth clubs and youth workers in every area, Restored further education and adult skills funding, and lower tuition fees, A school nurse and a trained counsellor in every school",Free swimming for under-18s.,"Equality, discrimination and racism",,Education and curriculum for life,Young people are excluded from decisions in almost every member state.,4,4,7,5,2,2,2,4,6,6,3,3,10,5,8,7,10,5,7,8,10,6,4,4,9,8,7,8,7,8,7,10,9,4,2,6,"Crime, safety and policing","Youth unemployment is not a young person problem, it is an economy problem. Stop framing it as our failure.",Male,White,No,At university,No,Yes
09/11/2026 20:23:10,16 to 18,Wales,,CV1,No,"Funded open-access youth clubs and youth workers in every area, Local libraries and community spaces with longer opening hours, Restored further education and adult skills funding, and lower tuition fees",Music lessons that are not only for people who can pay.,"Jobs, apprenticeships and work experience",,Climate and the environment,,3,3,4,1,0,5,2,4,0,5,3,4,10,7,8,10,4,10,6,5,10,9,4,4,6,8,9,10,9,7,7,5,10,10,6,6,"Jobs, apprenticeships and work experience, Education and curriculum for life",,Male,White,No,At university,Yes,Yes
09/11/2026 15:18:32,16 to 18,South West England,,,Prefer not to say,"Education Maintenance Allowance (EMA) or an equivalent payment for 16–19 study, Free or capped bus travel for under-25s, Independent careers advice in every school (a Connexions style service)",,Mental health and wellbeing,,"Crime, safety and policing",,5,2,7,0,4,4,0,7,5,2,2,7,10,5,10,7,7,10,6,10,9,4,7,7,7,8,8,8,8,7,9,10,10,5,6,1,Education and curriculum for life,,Male,"Black, Black British, Caribbean or African",No,In school or college,Yes,Yes
08/11/2026 11:49:05,16 to 18,East Midlands,,PL4,No,"Funded open-access youth clubs and youth workers in every area, A school nurse and a trained counsellor in every school, Free school meals for more pupils, and holiday food provision",,Youth services and safe places to go,Rent takes most of my wages and I still live with my parents.,Education and curriculum for life,"Young people in some member states cannot finish school because of cost, not ability.",5,7,2,5,1,5,0,6,8,2,8,4,9,7,9,10,6,8,10,8,8,10,3,8,8,7,3,9,10,9,7,9,7,7,4,9,"Climate and the environment, Jobs, apprenticeships and work experience",,Male,White,No,At university,No,Yes
10/11/2026 17:38:48,16 to 18,East Midlands,,S10,Prefer not to say,Education Maintenance Allowance (EMA) or an equivalent payment for 16–19 study,Free swimming for under-18s.,Mental health and wellbeing,,Education and curriculum for life,Girls are still being taken out of education early in too many countries.,1,4,5,6,1,3,4,1,4,2,7,10,10,7,10,8,10,9,8,8,10,9,7,5,7,7,10,6,10,9,9,10,6,3,7,10,"Jobs, apprenticeships and work experience, Climate and the environment",The cost of getting to college is the reason people drop out. Fix transport and you fix attendance.,Female,White,Yes,Working,No,Yes
09/11/2026 10:11:00,16 to 18,Wales,,,No,"Funded open-access youth clubs and youth workers in every area, Education Maintenance Allowance (EMA) or an equivalent payment for 16–19 study, A school nurse and a trained counsellor in every school",,Housing and a place to live,The support exists on paper but nobody can actually access it.,Climate and the environment,,6,4,6,2,2,10,3,7,3,4,5,6,7,9,10,10,7,10,9,8,10,10,6,9,8,7,3,10,10,8,8,8,5,9,7,9,"Cost of living and financial security, Crime, safety and policing",,Female,Mixed or multiple ethnic groups,No,At university,Prefer not to say,Yes
09/11/2026 14:05:08,22 to 25,Northern Ireland,,CF10,No,"Education Maintenance Allowance (EMA) or an equivalent payment for 16–19 study, Sure Start style family and early years centres, Community sports facilities, playing fields and free swimming",,Cost of living and financial security,The support exists on paper but nobody can actually access it.,Climate and the environment,,,,5,,,,,,,,5,5,,,9,,,,7,9,,,8,,,,,,,9,,10,8,,,,"Crime, safety and policing, Climate and the environment","Apprenticeships that pay less than rent are not opportunities, they are a trap.",Male,White,Prefer not to say,At university,No,Yes
11/11/2026 12:26:23,Under 13,North West England,,,No,"Free or capped bus travel for under-25s, Sure Start style family and early years centres, Community sports facilities, playing fields and free swimming",,"Crime, safety and policing",,Climate and the environment,,4,6,2,3,3,5,2,2,1,5,5,6,10,10,10,2,4,9,7,6,10,10,6,7,8,4,7,8,9,6,8,5,9,7,6,7,"Education and curriculum for life, Climate and the environment",,Male,White,Yes,Working,No,Yes
11/11/2026 13:42:58,22 to 25,Northern Ireland,,,Prefer not to say,"Guaranteed work experience placements for every pupil, Free or capped bus travel for under-25s, Community sports facilities, playing fields and free swimming",,"Crime, safety and policing",Everyone I know is choosing between transport to college and lunch.,Cost of living and financial security,,5,3,7,5,2,4,6,7,4,3,10,4,6,7,7,10,9,6,9,8,9,8,3,9,9,10,3,5,8,9,7,6,8,4,5,8,"Education and curriculum for life, Equality, discrimination and racism",,Female,White,No,At university,No,Yes
10/11/2026 10:25:25,22 to 25,North West England,,M14,Prefer not to say,Funded open-access youth clubs and youth workers in every area,Free swimming for under-18s.,"Jobs, apprenticeships and work experience","Waiting lists where I live are over a year, and people get worse while they wait.","Equality, discrimination and racism",There are not enough jobs for the number of graduates being produced.,4,3,3,5,2,5,1,5,1,10,2,6,10,6,8,5,10,5,9,6,5,9,8,7,8,10,8,7,10,10,5,10,8,7,9,9,"Jobs, apprenticeships and work experience, Education and curriculum for life",,Female,White,No,At university,No,Yes
09/11/2026 12:15:50,22 to 25,Yorkshire and the Humber,,CF10,Yes,"Cheaper rail travel and a wider young persons railcard, Community sports facilities, playing fields and free swimming",,"Crime, safety and policing",There is nowhere to go in the evening since the youth centre closed.,Housing and a place to live,Online access decides who gets opportunities and it is very unequal.,4,3,3,1,2,2,7,4,9,3,8,5,10,8,10,7,10,10,8,7,7,8,8,6,4,4,7,7,10,8,10,8,5,9,3,9,"Housing and a place to live, Climate and the environment",,Non-binary,White,No,At university,No,Yes
10/11/2026 13:11:45,19 to 21,Wales,,,No,"Arts, music and drama in the curriculum, and free or low-cost music tuition, Sure Start style family and early years centres",Proper funding for school counselling.,Housing and a place to live,,Cost of living and financial security,,5,2,6,1,4,5,6,4,4,7,5,6,5,6,8,9,9,10,9,8,8,8,8,10,9,10,7,8,9,10,9,7,5,8,7,7,"Cost of living and financial security, Education and curriculum for life","Apprenticeships that pay less than rent are not opportunities, they are a trap.",Female,White,No,In school or college,No,Yes
10/11/2026 14:10:39,22 to 25,I live outside the UK,Trinidad and Tobago,,Yes,"Arts, music and drama in the curriculum, and free or low-cost music tuition, Cheaper rail travel and a wider young persons railcard, Independent careers advice in every school (a Connexions style service)",,Mental health and wellbeing,,Mental health and wellbeing,Climate change is already displacing people my age in Pacific member states.,,,,,0,,3,3,,,,,,6,,8,,,10,,,8,7,,7,,,9,7,,9,6,,,5,7,"Jobs, apprenticeships and work experience, Climate and the environment",,Female,"Black, Black British, Caribbean or African",Prefer not to say,In school or college,No,Yes
10/11/2026 10:58:30,16 to 18,London,,,Prefer not to say,"Free or capped bus travel for under-25s, Restored further education and adult skills funding, and lower tuition fees, Education Maintenance Allowance (EMA) or an equivalent payment for 16–19 study",Proper funding for school counselling.,"Jobs, apprenticeships and work experience",,"Jobs, apprenticeships and work experience",,4,4,2,4,4,7,3,0,3,4,4,3,8,9,10,10,8,10,6,8,10,7,9,10,10,6,4,6,6,9,9,10,3,8,8,5,"Housing and a place to live, Education and curriculum for life",,Male,White,No,In school or college,No,Yes
09/11/2026 11:21:26,22 to 25,Yorkshire and the Humber,,G12,Yes,"Guaranteed work experience placements for every pupil, Sure Start style family and early years centres, Funded open-access youth clubs and youth workers in every area",Free school transport past the age of 16.,Youth services and safe places to go,,Climate and the environment,"Young people in some member states cannot finish school because of cost, not ability.",2,1,5,3,3,1,1,6,3,1,6,8,9,6,7,10,8,9,9,9,6,9,7,6,7,6,8,9,9,7,5,8,9,7,3,3,"Equality, discrimination and racism, Housing and a place to live",Girls across the Commonwealth are still leaving education early. That should embarrass every leader in the room.,Male,"Black, Black British, Caribbean or African",Yes,Apprenticeship or training,No,Yes
09/11/2026 09:53:19,22 to 25,East of England,,S10,No,"Sure Start style family and early years centres, Funded open-access youth clubs and youth workers in every area, Free or capped bus travel for under-25s",,Transport and getting around,,"Jobs, apprenticeships and work experience",Young people are excluded from decisions in almost every member state.,,0,6,,3,,0,,,,,6,10,,,,,,,,,9,,8,,,,,,,,8,,,,,"Climate and the environment, Jobs, apprenticeships and work experience",,Male,White,Yes,In school or college,No,Yes
11/11/2026 17:36:29,Under 13,London,,B29,Yes,"A school nurse and a trained counsellor in every school, Free school meals for more pupils, and holiday food provision, Funded open-access youth clubs and youth workers in every area",,Digital life and online safety,There is nowhere to go in the evening since the youth centre closed.,Education and curriculum for life,,7,5,4,3,5,3,2,5,3,3,3,4,8,7,4,7,9,7,9,9,7,8,9,8,10,3,7,9,10,7,5,7,6,7,5,2,"Mental health and wellbeing, Democracy and youth voice",,Female,"Black, Black British, Caribbean or African",No,In school or college,No,Yes
11/11/2026 12:52:48,13 to 15,North West England,,,No,"Free school meals for more pupils, and holiday food provision",,Mental health and wellbeing,,Education and curriculum for life,,4,3,7,6,0,5,3,3,7,6,0,4,7,9,10,7,10,6,10,10,9,5,5,8,7,9,3,7,8,7,7,7,8,8,5,4,"Education and curriculum for life, Housing and a place to live",,Female,White,No,Working,No,Yes
11/11/2026 17:45:34,16 to 18,South East England,,EH8,No,"Education Maintenance Allowance (EMA) or an equivalent payment for 16–19 study, Funded open-access youth clubs and youth workers in every area, Guaranteed work experience placements for every pupil",Proper funding for school counselling.,Housing and a place to live,,Mental health and wellbeing,Online access decides who gets opportunities and it is very unequal.,1,4,7,5,5,3,4,1,5,4,1,7,8,5,7,10,9,6,10,7,6,7,6,3,9,8,9,9,10,8,6,8,7,4,6,7,"Cost of living and financial security, Education and curriculum for life",,Female,White,No,In school or college,Prefer not to say,Yes
11/11/2026 12:47:21,16 to 18,East of England,,BT9,No,"Funded open-access youth clubs and youth workers in every area, Arts, music and drama in the curriculum, and free or low-cost music tuition, Free or capped bus travel for under-25s",Free swimming for under-18s.,Mental health and wellbeing,My school had one careers adviser for eight hundred students.,Climate and the environment,,5,2,7,7,8,4,5,8,5,3,5,8,10,10,10,8,9,10,7,9,5,8,6,10,9,9,7,7,9,10,8,7,6,9,10,8,Climate and the environment,,Female,Mixed or multiple ethnic groups,No,In school or college,Prefer not to say,Yes
11/11/2026 16:41:28,22 to 25,South East England,,CF10,Yes,"Free or capped bus travel for under-25s, Arts, music and drama in the curriculum, and free or low-cost music tuition, Funded open-access youth clubs and youth workers in every area",Proper funding for school counselling.,Cost of living and financial security,There is nowhere to go in the evening since the youth centre closed.,"Equality, discrimination and racism",,4,3,6,2,0,5,0,7,5,4,6,6,9,6,6,10,7,7,9,5,5,4,6,4,9,3,8,10,8,8,6,7,4,8,4,10,"Jobs, apprenticeships and work experience, Climate and the environment",,Male,"Black, Black British, Caribbean or African",No,Working,No,Yes
11/11/2026 18:18:42,13 to 15,Northern Ireland,,,No,"Funded open-access youth clubs and youth workers in every area, Free school meals for more pupils, and holiday food provision, Funded national youth voice structures (a British Youth Council style body)",Music lessons that are not only for people who can pay.,"Crime, safety and policing",,Democracy and youth voice,Corruption means money meant for young people does not reach us.,3,0,6,7,3,3,3,9,6,3,1,7,9,9,6,7,9,7,9,10,6,10,7,10,6,4,10,9,10,8,6,7,4,9,4,2,"Education and curriculum for life, Democracy and youth voice",,Female,White,No,In school or college,No,Yes
10/11/2026 11:05:42,13 to 15,Wales,,,Prefer not to say,"Free school meals for more pupils, and holiday food provision, Restored further education and adult skills funding, and lower tuition fees",,Housing and a place to live,,"Jobs, apprenticeships and work experience",,8,0,,,5,,2,,,4,1,6,,5,,10,,,7,6,,10,5,,,8,,,,,5,,,,,,"Education and curriculum for life, Jobs, apprenticeships and work experience",,Female,Prefer not to say,No,"Not in education, employment or training",No,Yes
11/11/2026 14:14:13,13 to 15,Yorkshire and the Humber,,S10,No,Funded open-access youth clubs and youth workers in every area,,"Jobs, apprenticeships and work experience",Apprenticeships near me pay so little that you need parents who can support you.,Climate and the environment,Girls are still being taken out of education early in too many countries.,5,2,2,3,1,5,2,4,5,4,4,3,8,7,9,10,6,4,5,7,9,9,7,10,9,9,8,10,8,8,4,7,5,8,8,6,"Democracy and youth voice, Jobs, apprenticeships and work experience",,Female,White,No,Working,No,Yes
12/11/2026 19:57:00,16 to 18,London,,G12,Yes,"Education Maintenance Allowance (EMA) or an equivalent payment for 16–19 study, Arts, music and drama in the curriculum, and free or low-cost music tuition, Guaranteed work experience placements for every pupil","Youth centres open at weekends, not just weekdays.","Crime, safety and policing",Rent takes most of my wages and I still live with my parents.,Mental health and wellbeing,,1,1,7,3,0,5,0,5,7,4,3,4,10,8,7,6,7,7,10,8,10,10,7,7,10,5,7,1,10,5,7,6,6,6,4,7,"Climate and the environment, Cost of living and financial security",,Female,White,No,In school or college,No,Yes
11/11/2026 15:19:53,16 to 18,North West England,,NE1,Yes,"A school nurse and a trained counsellor in every school, Restored further education and adult skills funding, and lower tuition fees, Funded open-access youth clubs and youth workers in every area",Free swimming for under-18s.,Mental health and wellbeing,Apprenticeships near me pay so little that you need parents who can support you.,Democracy and youth voice,,2,3,6,5,5,6,4,0,8,5,5,3,8,4,9,9,6,4,8,8,9,8,7,6,10,9,6,10,8,6,8,6,7,8,5,3,"Education and curriculum for life, Transport and getting around",,Male,White,No,In school or college,No,Yes
10/11/2026 18:33:39,16 to 18,South East England,,CF10,No,"Funded open-access youth clubs and youth workers in every area, Free school meals for more pupils, and holiday food provision, A school nurse and a trained counsellor in every school",,Cost of living and financial security,People my age are scared on public transport and nobody talks about it.,"Crime, safety and policing",,6,2,3,4,4,4,0,3,5,6,4,6,10,7,8,10,10,7,10,9,7,7,6,10,7,4,8,5,10,8,6,5,6,6,10,6,"Climate and the environment, Crime, safety and policing","Mental health support should not depend on which postcode you live in, or which country.",Male,"Black, Black British, Caribbean or African",Yes,Working,No,Yes
12/11/2026 09:08:00,16 to 18,Yorkshire and the Humber,,,No,"Arts, music and drama in the curriculum, and free or low-cost music tuition, Guaranteed work experience placements for every pupil, Funded open-access youth clubs and youth workers in every area",,Mental health and wellbeing,,"Jobs, apprenticeships and work experience",Climate change is already displacing people my age in Pacific member states.,5,3,4,5,2,8,1,6,6,0,1,5,8,9,8,7,7,5,4,4,7,8,5,7,10,7,5,7,9,8,5,10,3,10,7,7,"Housing and a place to live, Climate and the environment",Girls across the Commonwealth are still leaving education early. That should embarrass every leader in the room.,Male,Asian or Asian British,Yes,In school or college,No,Yes
12/11/2026 13:08:04,13 to 15,I live outside the UK,South Africa,,Yes,"A school nurse and a trained counsellor in every school, Education Maintenance Allowance (EMA) or an equivalent payment for 16–19 study, Free or capped bus travel for under-25s",Free school transport past the age of 16.,Housing and a place to live,Rent takes most of my wages and I still live with my parents.,"Equality, discrimination and racism",,,3,6,,1,,1,5,,1,2,,,,6,,,,,,,,,,9,,,,10,,4,,,8,,,"Education and curriculum for life, Jobs, apprenticeships and work experience",,Female,White,No,Working,No,Yes
12/11/2026 16:48:41,19 to 21,South West England,,B29,No,"Free or capped bus travel for under-25s, Independent careers advice in every school (a Connexions style service), Guaranteed work experience placements for every pupil",Free school transport past the age of 16.,Mental health and wellbeing,,"Equality, discrimination and racism","Young people in some member states cannot finish school because of cost, not ability.",1,6,3,0,0,1,3,4,6,5,6,5,10,6,9,10,4,10,10,5,8,8,6,9,6,8,3,9,10,7,9,8,3,4,7,8,"Housing and a place to live, Education and curriculum for life",We are tired of consultations that go nowhere. Publish what you did with this one.,Female,White,No,Apprenticeship or training,No,Yes
10/11/2026 17:13:00,16 to 18,I live outside the UK,Canada,,No,"A school nurse and a trained counsellor in every school, Local libraries and community spaces with longer opening hours, Community sports facilities, playing fields and free swimming",,Cost of living and financial security,,Education and curriculum for life,,4,5,4,6,5,6,5,7,7,1,4,3,10,5,8,10,10,5,7,7,8,10,2,7,8,10,6,3,6,5,8,7,6,7,4,7,"Jobs, apprenticeships and work experience",,Male,White,No,Working,No,Yes
11/11/2026 15:28:51,19 to 21,North West England,,,No,"Community sports facilities, playing fields and free swimming, Education Maintenance Allowance (EMA) or an equivalent payment for 16–19 study, A school nurse and a trained counsellor in every school",,"Crime, safety and policing",,Climate and the environment,There are not enough jobs for the number of graduates being produced.,,,7,,,4,,1,3,,,,9,,,,,,,,10,8,,,8,6,,,8,,6,,,,,,"Equality, discrimination and racism, Climate and the environment","Youth unemployment is not a young person problem, it is an economy problem. Stop framing it as our failure.",Male,White,No,Working,No,Yes
10/11/2026 19:02:41,13 to 15,East Midlands,,EH8,No,"Independent careers advice in every school (a Connexions style service), Sure Start style family and early years centres, Education Maintenance Allowance (EMA) or an equivalent payment for 16–19 study","Youth centres open at weekends, not just weekdays.",Youth services and safe places to go,Everything costs more and nothing about young people’s pay has changed.,Education and curriculum for life,Young people are excluded from decisions in almost every member state.,3,3,7,3,3,4,3,6,3,6,5,6,5,7,7,9,8,7,10,8,6,9,7,5,9,8,4,10,7,8,5,9,6,7,7,6,"Education and curriculum for life, Climate and the environment",,Male,White,No,Working,No,Yes
11/11/2026 11:04:36,16 to 18,East of England,,,No,"Community sports facilities, playing fields and free swimming, Independent careers advice in every school (a Connexions style service), Free or capped bus travel for under-25s",Music lessons that are not only for people who can pay.,Housing and a place to live,,Climate and the environment,Youth unemployment across the Commonwealth is the common thread in all of this.,2,3,5,3,0,4,2,6,3,5,2,3,10,6,8,7,9,7,8,10,7,8,4,4,10,7,5,10,7,8,10,9,10,3,7,5,"Democracy and youth voice, Climate and the environment",Girls across the Commonwealth are still leaving education early. That should embarrass every leader in the room.,Male,White,No,"Not in education, employment or training",No,Yes
11/11/2026 20:36:48,22 to 25,South West England,,BS8,Yes,"Independent careers advice in every school (a Connexions style service), Free or capped bus travel for under-25s, A school nurse and a trained counsellor in every school",,"Jobs, apprenticeships and work experience",,Climate and the environment,Corruption means money meant for young people does not reach us.,0,2,5,4,4,6,4,6,9,3,4,7,10,9,5,6,7,6,8,9,10,7,4,8,10,10,7,8,10,7,8,8,7,7,6,10,"Climate and the environment, Equality, discrimination and racism",,Male,Other ethnic group,No,In school or college,No,Yes
12/11/2026 18:49:19,19 to 21,West Midlands,,,No,"Guaranteed work experience placements for every pupil, Cheaper rail travel and a wider young persons railcard",Cheaper driving lessons and tests for young people in rural areas.,"Jobs, apprenticeships and work experience",,"Jobs, apprenticeships and work experience",,0,5,6,8,4,5,2,2,1,2,4,3,10,6,10,10,8,7,9,6,6,8,8,5,8,4,10,8,8,7,7,8,4,8,6,6,"Education and curriculum for life, Cost of living and financial security",,Female,Asian or Asian British,No,In school or college,No,Yes
12/11/2026 10:16:25,22 to 25,South East England,,,No,"A school nurse and a trained counsellor in every school, Free or capped bus travel for under-25s, Education Maintenance Allowance (EMA) or an equivalent payment for 16–19 study",,Youth services and safe places to go,"Waiting lists where I live are over a year, and people get worse while they wait.","Jobs, apprenticeships and work experience",,3,2,5,4,1,0,3,3,1,5,3,1,9,10,10,6,10,10,10,10,8,10,4,5,9,10,8,10,8,3,9,6,5,5,9,8,"Digital life and online safety, Jobs, apprenticeships and work experience",We cannot build a future in countries we cannot afford to live in. Housing is the whole argument.,Male,White,No,In school or college,No,Yes
11/11/2026 10:25:17,19 to 21,South West England,,S10,Yes,"Free or capped bus travel for under-25s, Education Maintenance Allowance (EMA) or an equivalent payment for 16–19 study",Free swimming for under-18s.,Cost of living and financial security,Apprenticeships near me pay so little that you need parents who can support you.,Climate and the environment,Online access decides who gets opportunities and it is very unequal.,4,3,3,0,1,5,4,1,3,1,1,6,9,6,7,9,6,9,10,8,6,6,5,5,8,7,8,5,10,9,5,6,5,4,5,8,"Mental health and wellbeing, Jobs, apprenticeships and work experience",,Female,White,No,Working,No,Yes
13/11/2026 15:26:27,16 to 18,North West England,,S10,No,"Arts, music and drama in the curriculum, and free or low-cost music tuition, Education Maintenance Allowance (EMA) or an equivalent payment for 16–19 study",,Education and curriculum for life,,Climate and the environment,Young people are excluded from decisions in almost every member state.,,,,,2,0,2,,,,4,7,10,4,,10,,,9,9,,7,8,,9,,,,,5,,,4,,,,"Jobs, apprenticeships and work experience, Education and curriculum for life",,Female,White,No,At university,No,Yes
11/11/2026 16:40:27,19 to 21,South East England,,M14,No,"Funded open-access youth clubs and youth workers in every area, Funded national youth voice structures (a British Youth Council style body), Independent careers advice in every school (a Connexions style service)",Proper funding for school counselling.,Cost of living and financial security,,Mental health and wellbeing,Young people are excluded from decisions in almost every member state.,3,2,1,5,0,6,4,6,2,6,8,3,10,9,10,10,10,6,10,8,7,6,10,10,10,8,7,5,7,10,6,8,7,9,5,5,"Education and curriculum for life, Jobs, apprenticeships and work experience",Bring back the things that were cut before you announce anything new.,Male,White,No,In school or college,No,Yes
11/11/2026 10:31:59,16 to 18,Scotland,,B29,Yes,"A school nurse and a trained counsellor in every school, Free school meals for more pupils, and holiday food provision, Guaranteed work experience placements for every pupil",,Housing and a place to live,Everyone I know is choosing between transport to college and lunch.,Cost of living and financial security,,4,5,4,2,7,4,5,1,6,4,3,8,10,7,10,8,10,6,7,8,9,9,6,9,8,9,6,7,10,7,6,8,7,7,5,8,"Democracy and youth voice, Cost of living and financial security","If you want us to trust institutions, give us something to trust. Fund youth services properly and keep them open.",Female,Mixed or multiple ethnic groups,No,In school or college,No,Yes
12/11/2026 11:38:01,16 to 18,East of England,,,Yes,"Funded open-access youth clubs and youth workers in every area, Guaranteed work experience placements for every pupil, Cheaper rail travel and a wider young persons railcard",Cheaper driving lessons and tests for young people in rural areas.,Housing and a place to live,,"Jobs, apprenticeships and work experience",,0,1,7,3,3,2,0,7,4,1,3,3,10,9,10,8,5,9,9,5,8,6,8,9,7,5,9,5,8,10,5,10,5,1,9,10,"Digital life and online safety, Jobs, apprenticeships and work experience","Education across the Commonwealth should prepare us for the jobs that will exist, not the ones that did.",Female,White,No,In school or college,No,Yes
12/11/2026 18:40:47,16 to 18,West Midlands,,,No,"Community sports facilities, playing fields and free swimming, Free or capped bus travel for under-25s",,Housing and a place to live,The support exists on paper but nobody can actually access it.,Cost of living and financial security,Corruption means money meant for young people does not reach us.,5,1,7,5,2,10,2,5,6,4,3,7,7,4,9,9,7,4,8,8,6,6,7,5,8,7,9,9,8,6,8,6,7,9,2,8,"Digital life and online safety, Education and curriculum for life",,Male,White,No,At university,No,Yes
14/11/2026 09:04:56,16 to 18,I live outside the UK,Malta,,No,"A school nurse and a trained counsellor in every school, Community sports facilities, playing fields and free swimming, Guaranteed work experience placements for every pupil",,"Equality, discrimination and racism",,Climate and the environment,,0,0,2,5,1,1,6,4,5,5,4,4,8,7,7,9,8,6,8,7,9,6,3,7,8,3,10,10,9,7,6,8,3,3,5,6,"Education and curriculum for life, Jobs, apprenticeships and work experience",,Female,Asian or Asian British,No,Working,No,Yes
11/11/2026 18:55:44,13 to 15,Wales,,SW1A,No,"A school nurse and a trained counsellor in every school, Education Maintenance Allowance (EMA) or an equivalent payment for 16–19 study",,Mental health and wellbeing,The support exists on paper but nobody can actually access it.,"Jobs, apprenticeships and work experience",,4,1,9,2,3,6,2,3,7,6,5,7,5,8,7,8,9,10,8,8,5,7,6,8,8,6,5,10,9,6,10,9,4,8,5,6,"Crime, safety and policing, Climate and the environment",,Female,White,No,In school or college,Yes,Yes
13/11/2026 20:49:30,19 to 21,West Midlands,,,Yes,"Guaranteed work experience placements for every pupil, Funded open-access youth clubs and youth workers in every area, Free or capped bus travel for under-25s",,Mental health and wellbeing,,"Crime, safety and policing",,3,3,5,2,0,1,3,4,5,5,3,5,8,8,10,9,7,9,10,7,10,7,8,10,9,4,10,4,7,8,3,8,4,8,10,2,"Democracy and youth voice, Crime, safety and policing",,Male,White,No,"Not in education, employment or training",No,Yes
11/11/2026 13:18:16,22 to 25,South West England,,CV1,Prefer not to say,Local libraries and community spaces with longer opening hours,"Youth centres open at weekends, not just weekdays.",Education and curriculum for life,,Climate and the environment,,4,2,5,3,5,3,3,4,4,4,3,1,10,5,8,7,6,10,7,8,7,9,6,10,9,10,10,6,8,8,5,5,7,6,4,6,"Cost of living and financial security, Jobs, apprenticeships and work experience",You measure success in GDP. Measure it in whether an 18-year-old can see a future where they live.,Male,White,Yes,In school or college,Yes,Yes
12/11/2026 11:21:49,13 to 15,East Midlands,,G12,No,"Independent careers advice in every school (a Connexions style service), Education Maintenance Allowance (EMA) or an equivalent payment for 16–19 study, Funded national youth voice structures (a British Youth Council style body)",,Cost of living and financial security,Everything costs more and nothing about young people’s pay has changed.,"Equality, discrimination and racism","Young people in some member states cannot finish school because of cost, not ability.",,,6,3,,,,,,,,,,,,,,,,,8,,,,,10,6,,,6,6,,9,,5,8,"Democracy and youth voice, Jobs, apprenticeships and work experience",,Prefer not to say,White,Prefer not to say,Working,No,Yes
13/11/2026 11:29:09,22 to 25,London,,,Yes,"Arts, music and drama in the curriculum, and free or low-cost music tuition, A school nurse and a trained counsellor in every school, Guaranteed work experience placements for every pupil",,Mental health and wellbeing,,"Jobs, apprenticeships and work experience",,4,2,4,7,4,0,5,1,6,5,7,9,10,8,9,6,5,7,9,10,10,9,9,5,7,5,5,5,10,8,8,9,8,5,5,6,"Jobs, apprenticeships and work experience, Climate and the environment",Girls across the Commonwealth are still leaving education early. That should embarrass every leader in the room.,Male,Prefer not to say,Yes,Apprenticeship or training,No,Yes
13/11/2026 10:34:46,22 to 25,I live outside the UK,Samoa,,No,"A school nurse and a trained counsellor in every school, Funded open-access youth clubs and youth workers in every area, Free or capped bus travel for under-25s",,"Jobs, apprenticeships and work experience",,"Jobs, apprenticeships and work experience",Online access decides who gets opportunities and it is very unequal.,5,3,3,4,3,7,5,3,7,2,6,4,6,8,9,7,10,3,10,7,9,9,8,6,9,9,10,7,6,6,8,6,6,9,8,3,"Digital life and online safety, Crime, safety and policing",,Male,White,No,At university,No,Yes
14/11/2026 15:17:56,19 to 21,North West England,,,Yes,"Arts, music and drama in the curriculum, and free or low-cost music tuition, Cheaper rail travel and a wider young persons railcard, Restored further education and adult skills funding, and lower tuition fees",,Housing and a place to live,Everyone I know is choosing between transport to college and lunch.,Cost of living and financial security,,4,3,2,3,3,6,2,5,6,7,5,7,8,10,5,9,9,6,10,7,7,10,7,8,5,4,9,8,9,9,9,7,3,10,5,7,"Jobs, apprenticeships and work experience, Equality, discrimination and racism",,Female,White,No,In school or college,No,Yes
12/11/2026 11:59:19,19 to 21,West Midlands,,,No,"Arts, music and drama in the curriculum, and free or low-cost music tuition, Independent careers advice in every school (a Connexions style service), Education Maintenance Allowance (EMA) or an equivalent payment for 16–19 study",,Cost of living and financial security,,Education and curriculum for life,,3,0,5,7,5,5,4,7,7,3,9,8,8,10,9,6,4,6,10,10,8,7,9,7,9,6,5,7,7,9,8,8,1,7,4,5,"Democracy and youth voice, Climate and the environment",,Male,Mixed or multiple ethnic groups,No,In school or college,No,Yes
14/11/2026 13:22:52,16 to 18,South West England,,LS6,No,Sure Start style family and early years centres,"Youth centres open at weekends, not just weekdays.","Jobs, apprenticeships and work experience",,"Crime, safety and policing",There are not enough jobs for the number of graduates being produced.,1,3,5,4,1,3,2,5,6,1,4,5,10,6,10,8,9,8,10,8,10,10,7,10,8,5,9,10,9,9,10,8,6,7,5,6,"Education and curriculum for life, Equality, discrimination and racism",,Female,White,Yes,In school or college,No,Yes
15/11/2026 18:03:21,Under 13,West Midlands,,PL4,Prefer not to say,"Arts, music and drama in the curriculum, and free or low-cost music tuition, Free or capped bus travel for under-25s",,Climate and the environment,The support exists on paper but nobody can actually access it.,Mental health and wellbeing,,0,3,4,4,1,3,3,3,5,3,5,5,5,5,9,6,9,5,9,10,7,10,8,5,10,6,7,5,10,9,4,7,10,6,4,7,"Equality, discrimination and racism, Jobs, apprenticeships and work experience",,Female,White,No,In school or college,No,Yes
14/11/2026 10:13:54,16 to 18,North West England,,,No,"Independent careers advice in every school (a Connexions style service), A school nurse and a trained counsellor in every school","Youth centres open at weekends, not just weekdays.",Mental health and wellbeing,,"Crime, safety and policing",,4,4,5,7,2,6,4,9,9,4,7,5,10,9,7,10,8,8,9,6,10,6,7,6,5,10,7,9,10,3,10,9,2,8,10,4,"Mental health and wellbeing, Democracy and youth voice",Commonwealth mobility should mean something. Let young people study and work across member states without impossible visa costs.,Male,Mixed or multiple ethnic groups,No,At university,No,Yes
15/11/2026 16:18:25,Over 25,South West England,,L18,Prefer not to say,"Education Maintenance Allowance (EMA) or an equivalent payment for 16–19 study, Funded open-access youth clubs and youth workers in every area, A school nurse and a trained counsellor in every school","Youth centres open at weekends, not just weekdays.","Crime, safety and policing",Everything costs more and nothing about young people’s pay has changed.,Housing and a place to live,,1,2,3,0,1,5,2,4,6,7,3,6,10,5,8,9,10,7,10,8,8,10,5,9,7,10,10,5,5,8,2,10,7,8,5,8,"Jobs, apprenticeships and work experience, Digital life and online safety",,Female,Asian or Asian British,No,At university,No,Yes
14/11/2026 17:46:59,16 to 18,North West England,,NG7,Yes,"Independent careers advice in every school (a Connexions style service), Funded open-access youth clubs and youth workers in every area",,Cost of living and financial security,You cannot plan a future when you cannot afford anywhere to live.,Cost of living and financial security,"Young people in some member states cannot finish school because of cost, not ability.",7,2,5,5,5,0,3,0,2,5,7,5,9,9,5,9,8,8,8,6,8,6,8,5,9,5,8,5,10,8,3,8,6,6,6,10,"Education and curriculum for life, Climate and the environment",,Female,White,Yes,At university,No,Yes
13/11/2026 10:06:13,13 to 15,Northern Ireland,,NE1,No,"Local libraries and community spaces with longer opening hours, A school nurse and a trained counsellor in every school, Funded open-access youth clubs and youth workers in every area",,Youth services and safe places to go,The support exists on paper but nobody can actually access it.,Cost of living and financial security,,0,1,5,4,0,5,4,3,3,9,5,6,10,8,7,9,8,4,9,8,8,8,5,9,10,8,9,10,9,7,6,9,9,7,4,10,"Jobs, apprenticeships and work experience",,Male,White,No,In school or college,No,Yes
14/11/2026 13:20:25,19 to 21,West Midlands,,,Yes,"Funded open-access youth clubs and youth workers in every area, A school nurse and a trained counsellor in every school, Free school meals for more pupils, and holiday food provision",,Mental health and wellbeing,My school had one careers adviser for eight hundred students.,"Jobs, apprenticeships and work experience",,7,3,5,7,2,3,1,1,4,6,2,2,10,6,4,10,8,8,9,7,5,8,7,4,8,5,4,5,10,5,10,10,8,8,7,3,"Cost of living and financial security, Crime, safety and policing","Stop talking about young people as the future and start treating us as the present. We are already paying rent, already working, already voting in some of your countries.",Female,White,No,At university,No,Yes
13/11/2026 18:12:19,19 to 21,South East England,,,No,"Arts, music and drama in the curriculum, and free or low-cost music tuition, Sure Start style family and early years centres",,Housing and a place to live,Everyone I know is choosing between transport to college and lunch.,Mental health and wellbeing,,0,5,0,4,1,4,3,2,5,3,4,6,7,9,8,4,10,7,8,5,9,9,7,5,9,8,6,6,8,8,8,3,3,4,5,4,"Jobs, apprenticeships and work experience, Education and curriculum for life","Stop talking about young people as the future and start treating us as the present. We are already paying rent, already working, already voting in some of your countries.",Female,"Black, Black British, Caribbean or African",Yes,Working,No,Yes
14/11/2026 17:27:35,22 to 25,South East England,,,No,"Community sports facilities, playing fields and free swimming, Sure Start style family and early years centres, Funded open-access youth clubs and youth workers in every area",,Cost of living and financial security,,"Jobs, apprenticeships and work experience",,6,4,3,4,1,4,2,2,8,0,7,7,10,4,6,7,10,9,7,8,10,10,8,8,8,8,9,10,7,10,5,8,5,7,7,5,"Equality, discrimination and racism, Climate and the environment","Climate adaptation money needs to reach communities, not consultants.",Male,Asian or Asian British,No,Working,No,Yes
14/11/2026 12:35:30,19 to 21,Northern Ireland,,,No,"Local libraries and community spaces with longer opening hours, Community sports facilities, playing fields and free swimming, Cheaper rail travel and a wider young persons railcard",,"Jobs, apprenticeships and work experience",,Cost of living and financial security,Corruption means money meant for young people does not reach us.,8,5,5,2,1,3,2,5,5,4,3,7,8,6,10,6,9,5,9,8,5,10,9,10,7,7,6,9,10,8,9,6,8,6,6,6,"Democracy and youth voice, Education and curriculum for life",,Male,Mixed or multiple ethnic groups,No,At university,Prefer not to say,Yes
15/11/2026 20:06:02,Over 25,West Midlands,,,No,A school nurse and a trained counsellor in every school,Music lessons that are not only for people who can pay.,Housing and a place to live,,Climate and the environment,,3,3,4,3,3,4,1,4,5,6,2,5,7,7,10,7,9,10,5,5,7,8,9,8,8,6,6,10,10,9,7,10,6,4,5,10,"Climate and the environment, Democracy and youth voice",,Male,Asian or Asian British,Yes,Working,Prefer not to say,Yes
15/11/2026 11:02:15,22 to 25,East of England,,,No,Education Maintenance Allowance (EMA) or an equivalent payment for 16–19 study,,"Jobs, apprenticeships and work experience",Apprenticeships near me pay so little that you need parents who can support you.,"Equality, discrimination and racism",Girls are still being taken out of education early in too many countries.,4,4,4,7,1,6,1,6,5,4,4,8,9,5,6,6,9,6,9,6,6,7,6,10,7,7,8,5,10,9,4,7,9,6,6,10,"Digital life and online safety, Democracy and youth voice",The cost of getting to college is the reason people drop out. Fix transport and you fix attendance.,Male,White,No,In school or college,No,Yes
14/11/2026 15:32:00,16 to 18,I live outside the UK,Canada,,Prefer not to say,"Free or capped bus travel for under-25s, Funded open-access youth clubs and youth workers in every area",,"Crime, safety and policing",Rent takes most of my wages and I still live with my parents.,"Jobs, apprenticeships and work experience",Online access decides who gets opportunities and it is very unequal.,5,5,4,1,5,4,3,3,2,8,0,6,7,7,9,10,10,7,10,7,10,10,4,9,7,9,6,7,10,8,8,6,10,7,6,6,"Equality, discrimination and racism, Mental health and wellbeing",,Male,White,Yes,"Not in education, employment or training",No,Yes
14/11/2026 15:36:53,22 to 25,London,,,No,"Free school meals for more pupils, and holiday food provision, A school nurse and a trained counsellor in every school, Restored further education and adult skills funding, and lower tuition fees",Proper funding for school counselling.,Mental health and wellbeing,"Waiting lists where I live are over a year, and people get worse while they wait.","Crime, safety and policing",,6,2,4,7,2,4,5,7,6,8,3,2,8,10,9,7,9,8,9,10,8,7,6,6,9,8,10,7,7,5,8,5,9,10,8,8,"Digital life and online safety, Democracy and youth voice","Talk to young people who are not already in youth parliaments. We are not the hard-to-reach ones, you are.",Female,White,No,In school or college,No,Yes
16/11/2026 12:53:53,22 to 25,London,,TS1,Prefer not to say,Local libraries and community spaces with longer opening hours,,Mental health and wellbeing,,"Crime, safety and policing",Girls are still being taken out of education early in too many countries.,2,5,1,5,5,2,2,3,5,4,5,6,10,8,7,8,10,6,10,7,7,9,10,9,10,7,7,6,10,7,7,7,3,6,4,4,"Education and curriculum for life, Climate and the environment",,Male,White,Yes,At university,No,Yes
15/11/2026 10:18:07,22 to 25,East of England,,BS8,Yes,"A school nurse and a trained counsellor in every school, Independent careers advice in every school (a Connexions style service)",,"Jobs, apprenticeships and work experience","Waiting lists where I live are over a year, and people get worse while they wait.",Climate and the environment,There are not enough jobs for the number of graduates being produced.,0,2,6,7,1,1,2,6,9,4,3,1,10,10,6,8,7,6,6,8,10,8,9,9,9,4,5,7,10,6,6,8,9,4,7,7,"Climate and the environment, Jobs, apprenticeships and work experience",,Male,Asian or Asian British,No,In school or college,Yes,Yes
16/11/2026 10:36:38,16 to 18,East Midlands,,,Yes,"Funded open-access youth clubs and youth workers in every area, Free or capped bus travel for under-25s, Community sports facilities, playing fields and free swimming",Free school transport past the age of 16.,Education and curriculum for life,The support exists on paper but nobody can actually access it.,Cost of living and financial security,,3,1,3,7,3,4,0,4,4,5,5,7,7,9,10,10,9,10,5,10,6,7,7,8,8,6,5,4,10,4,4,10,5,9,8,4,"Crime, safety and policing, Education and curriculum for life",,Female,White,Yes,At university,No,Yes
14/11/2026 11:45:06,Over 25,Yorkshire and the Humber,,EH8,Yes,"Cheaper rail travel and a wider young persons railcard, Funded open-access youth clubs and youth workers in every area, Free or capped bus travel for under-25s","Youth centres open at weekends, not just weekdays.","Jobs, apprenticeships and work experience",Everything costs more and nothing about young people’s pay has changed.,Climate and the environment,Youth unemployment across the Commonwealth is the common thread in all of this.,2,0,1,6,0,2,3,6,4,5,2,3,8,8,8,7,8,9,10,10,10,9,5,3,9,2,7,8,10,7,4,7,6,6,9,7,"Jobs, apprenticeships and work experience, Climate and the environment",,Female,White,No,Working,Yes,Yes
14/11/2026 18:28:27,16 to 18,London,,,Yes,"A school nurse and a trained counsellor in every school, Guaranteed work experience placements for every pupil, Community sports facilities, playing fields and free swimming",,Mental health and wellbeing,Rent takes most of my wages and I still live with my parents.,Climate and the environment,,4,5,3,6,4,4,2,7,3,3,6,5,8,10,7,7,5,10,4,5,5,10,8,9,8,10,5,4,7,8,10,5,5,7,7,9,"Jobs, apprenticeships and work experience, Education and curriculum for life",,Female,Asian or Asian British,No,Working,No,Yes
16/11/2026 17:25:23,13 to 15,East Midlands,,,Prefer not to say,"Education Maintenance Allowance (EMA) or an equivalent payment for 16–19 study, Funded open-access youth clubs and youth workers in every area",Proper funding for school counselling.,Cost of living and financial security,,Climate and the environment,,2,6,7,3,4,4,1,5,5,4,4,6,8,10,9,10,6,4,6,8,7,7,5,8,8,7,7,10,8,9,7,9,4,7,4,4,"Jobs, apprenticeships and work experience",,Female,Asian or Asian British,No,Prefer not to say,No,Yes
15/11/2026 11:50:19,19 to 21,South West England,,M14,No,"Community sports facilities, playing fields and free swimming",,Education and curriculum for life,,Climate and the environment,,2,2,7,4,3,5,7,3,3,3,1,4,6,8,5,7,5,8,9,7,9,5,10,4,7,4,10,8,10,10,8,6,9,7,3,7,"Jobs, apprenticeships and work experience",We cannot build a future in countries we cannot afford to live in. Housing is the whole argument.,Male,White,No,Apprenticeship or training,No,Yes
16/11/2026 11:55:57,22 to 25,London,,,Yes,"Independent careers advice in every school (a Connexions style service), Funded open-access youth clubs and youth workers in every area, A school nurse and a trained counsellor in every school",,Cost of living and financial security,My school had one careers adviser for eight hundred students.,Education and curriculum for life,,3,2,4,2,5,6,7,7,2,7,4,5,10,8,6,6,10,9,10,9,7,3,9,10,10,10,10,4,8,9,8,9,8,8,9,7,"Crime, safety and policing, Climate and the environment",We are tired of consultations that go nowhere. Publish what you did with this one.,Male,Mixed or multiple ethnic groups,No,At university,No,Yes
14/11/2026 09:28:01,13 to 15,London,,CV1,No,Funded open-access youth clubs and youth workers in every area,,Youth services and safe places to go,,Climate and the environment,,3,3,4,3,1,1,2,5,7,5,4,8,7,8,9,10,10,8,5,9,9,7,8,10,7,4,9,8,9,6,7,6,8,6,5,10,"Climate and the environment, Equality, discrimination and racism",,Female,White,No,In school or college,No,Yes
14/11/2026 16:00:16,19 to 21,South East England,,,No,"Free school meals for more pupils, and holiday food provision, Education Maintenance Allowance (EMA) or an equivalent payment for 16–19 study, A school nurse and a trained counsellor in every school",,Youth services and safe places to go,You cannot plan a future when you cannot afford anywhere to live.,"Crime, safety and policing",Youth unemployment across the Commonwealth is the common thread in all of this.,3,3,3,3,7,1,5,6,5,10,8,6,8,9,6,9,7,7,6,10,8,7,10,4,9,8,10,10,10,2,7,10,7,6,9,7,"Cost of living and financial security, Equality, discrimination and racism",,Female,White,Prefer not to say,Working,No,Yes
14/11/2026 11:13:14,16 to 18,South East England,,,No,"Restored further education and adult skills funding, and lower tuition fees, Free school meals for more pupils, and holiday food provision, A school nurse and a trained counsellor in every school",,Digital life and online safety,,Mental health and wellbeing,,4,3,4,4,4,5,1,5,4,5,7,2,10,8,10,7,8,10,7,9,10,9,3,10,10,7,7,10,9,7,10,3,6,2,5,5,"Climate and the environment, Digital life and online safety",,Female,"Black, Black British, Caribbean or African",Prefer not to say,In school or college,No,Yes
16/11/2026 18:01:32,16 to 18,London,,S10,Yes,A school nurse and a trained counsellor in every school,Music lessons that are not only for people who can pay.,Transport and getting around,Apprenticeships near me pay so little that you need parents who can support you.,"Crime, safety and policing",,4,5,5,0,3,4,2,2,5,7,6,5,8,10,9,9,9,9,8,8,8,9,2,7,10,9,6,8,10,7,8,9,5,4,5,6,"Equality, discrimination and racism, Transport and getting around","Stop talking about young people as the future and start treating us as the present. We are already paying rent, already working, already voting in some of your countries.",Male,White,No,At university,No,Yes
17/11/2026 18:18:03,19 to 21,Scotland,,M14,No,"A school nurse and a trained counsellor in every school, Education Maintenance Allowance (EMA) or an equivalent payment for 16–19 study, Arts, music and drama in the curriculum, and free or low-cost music tuition",,Democracy and youth voice,,Climate and the environment,,3,2,10,0,5,3,5,2,6,4,3,3,10,7,9,10,7,6,6,8,4,9,10,9,10,8,4,10,9,10,9,4,5,8,6,8,Climate and the environment,,Female,White,No,In school or college,No,Yes
15/11/2026 20:56:00,22 to 25,South West England,,,No,"Independent careers advice in every school (a Connexions style service), A school nurse and a trained counsellor in every school",,Youth services and safe places to go,"Waiting lists where I live are over a year, and people get worse while they wait.",Democracy and youth voice,,3,3,7,3,7,3,0,4,4,5,2,7,7,4,9,9,10,6,10,6,9,9,10,6,10,7,4,8,10,10,9,7,7,5,7,6,"Equality, discrimination and racism",,Male,White,Yes,Working,No,Yes
16/11/2026 14:54:19,16 to 18,Wales,,SW1A,No,"Education Maintenance Allowance (EMA) or an equivalent payment for 16–19 study, Sure Start style family and early years centres","Youth centres open at weekends, not just weekdays.",Cost of living and financial security,,"Crime, safety and policing",,5,0,8,3,2,0,5,5,10,4,7,4,9,10,7,9,10,7,7,7,4,9,8,9,8,7,8,10,10,7,6,5,9,9,4,8,"Jobs, apprenticeships and work experience",Make the commitments measurable and publish who missed them.,Male,White,Yes,Working,No,Yes
16/11/2026 10:39:27,Under 13,South West England,,PL4,Yes,"Guaranteed work experience placements for every pupil, Funded open-access youth clubs and youth workers in every area",Proper funding for school counselling.,Education and curriculum for life,The support exists on paper but nobody can actually access it.,Climate and the environment,,2,,3,,,,3,,,,,10,,5,,7,6,6,5,,,,10,5,10,6,,,9,,,,7,,6,,"Democracy and youth voice, Education and curriculum for life",,Prefer not to say,White,Yes,At university,No,Yes
16/11/2026 10:52:54,Over 25,I live outside the UK,Australia,,Yes,"Sure Start style family and early years centres, Funded open-access youth clubs and youth workers in every area, A school nurse and a trained counsellor in every school",,Cost of living and financial security,,Education and curriculum for life,,0,0,7,5,5,3,0,4,7,5,2,4,9,4,10,6,9,5,6,9,8,8,4,9,9,4,7,6,10,8,6,10,7,10,6,6,"Jobs, apprenticeships and work experience",Listen to young people from small island states before it is too late to listen to them at all.,Female,White,No,Working,No,Yes
16/11/2026 09:15:32,22 to 25,South East England,,,No,"A school nurse and a trained counsellor in every school, Sure Start style family and early years centres",Proper funding for school counselling.,Mental health and wellbeing,,Democracy and youth voice,Young people are excluded from decisions in almost every member state.,4,0,4,5,4,4,2,6,5,5,8,4,8,10,10,10,9,7,10,8,8,10,8,8,10,6,4,10,8,7,9,9,7,6,5,6,"Education and curriculum for life, Crime, safety and policing",,Female,White,No,In school or college,No,Yes
16/11/2026 12:53:20,16 to 18,West Midlands,,,No,"Restored further education and adult skills funding, and lower tuition fees, Free or capped bus travel for under-25s, A school nurse and a trained counsellor in every school",Music lessons that are not only for people who can pay.,"Jobs, apprenticeships and work experience",My school had one careers adviser for eight hundred students.,Transport and getting around,Climate change is already displacing people my age in Pacific member states.,5,,7,,2,,,,2,4,,,9,,10,9,,,,,,,,,10,6,6,,10,,,,,1,4,4,"Housing and a place to live, Jobs, apprenticeships and work experience",,Male,White,No,In school or college,No,Yes
16/11/2026 11:06:38,16 to 18,South West England,,,No,"Guaranteed work experience placements for every pupil, Free or capped bus travel for under-25s, Arts, music and drama in the curriculum, and free or low-cost music tuition",,Housing and a place to live,,Education and curriculum for life,,3,2,6,7,0,5,1,5,4,4,2,6,8,9,7,10,7,6,7,10,10,6,9,8,5,7,9,7,10,3,8,8,8,7,6,5,Education and curriculum for life,"If you want us to trust institutions, give us something to trust. Fund youth services properly and keep them open.",Male,White,No,Working,No,Yes
15/11/2026 14:30:20,22 to 25,Yorkshire and the Humber,,,No,"Funded open-access youth clubs and youth workers in every area, Restored further education and adult skills funding, and lower tuition fees, Education Maintenance Allowance (EMA) or an equivalent payment for 16–19 study",Proper funding for school counselling.,Housing and a place to live,,"Equality, discrimination and racism","Young people in some member states cannot finish school because of cost, not ability.",5,0,6,7,3,4,3,4,3,6,10,7,8,7,10,10,6,8,7,10,9,7,5,9,10,10,7,6,9,10,10,10,7,5,7,4,"Cost of living and financial security, Equality, discrimination and racism",,Female,White,Prefer not to say,In school or college,No,Yes
16/11/2026 18:06:07,16 to 18,I live outside the UK,Canada,,No,"Funded open-access youth clubs and youth workers in every area, A school nurse and a trained counsellor in every school, Education Maintenance Allowance (EMA) or an equivalent payment for 16–19 study",Music lessons that are not only for people who can pay.,"Jobs, apprenticeships and work experience",Rent takes most of my wages and I still live with my parents.,Education and curriculum for life,Young people are excluded from decisions in almost every member state.,5,3,5,2,0,2,3,9,4,4,2,6,6,5,10,8,8,4,8,7,9,10,6,9,8,10,6,8,6,4,8,5,8,5,3,8,"Jobs, apprenticeships and work experience, Crime, safety and policing",,Female,Asian or Asian British,No,In school or college,No,Yes
16/11/2026 19:11:25,16 to 18,Scotland,,,Yes,"Arts, music and drama in the curriculum, and free or low-cost music tuition",,"Jobs, apprenticeships and work experience",Rent takes most of my wages and I still live with my parents.,Education and curriculum for life,Youth unemployment across the Commonwealth is the common thread in all of this.,,6,,7,,7,,,,,1,6,6,,,,7,7,8,5,10,,4,,10,6,,,10,8,10,,,,6,9,"Equality, discrimination and racism, Housing and a place to live",,Prefer not to say,Mixed or multiple ethnic groups,Prefer not to say,At university,Yes,Yes
15/11/2026 13:23:30,19 to 21,South East England,,BT9,No,Cheaper rail travel and a wider young persons railcard,Free swimming for under-18s.,Cost of living and financial security,,"Jobs, apprenticeships and work experience",,,3,,,,,,,6,,4,,8,,10,,,,4,,10,5,,,,,9,,10,6,6,7,8,,8,6,"Education and curriculum for life, Cost of living and financial security",Racism is still shaping who gets opportunities in every country here. Say so out loud.,Female,White,No,Working,No,Yes
17/11/2026 09:48:12,16 to 18,Yorkshire and the Humber,,,Yes,"Education Maintenance Allowance (EMA) or an equivalent payment for 16–19 study, Arts, music and drama in the curriculum, and free or low-cost music tuition, Free school meals for more pupils, and holiday food provision",,Democracy and youth voice,,Climate and the environment,,2,2,3,2,1,3,4,5,2,6,4,3,10,7,10,6,10,7,10,6,6,8,9,6,4,8,10,6,6,5,7,7,5,4,6,5,"Climate and the environment, Education and curriculum for life",,Male,White,No,In school or college,No,Yes
18/11/2026 18:04:17,16 to 18,Scotland,,,No,Sure Start style family and early years centres,,Youth services and safe places to go,,Climate and the environment,,1,3,7,6,1,5,0,4,5,8,7,5,8,9,10,7,6,5,8,8,9,7,5,7,5,6,10,3,9,9,5,9,5,7,7,5,"Democracy and youth voice, Climate and the environment",,Female,White,No,Working,No,Yes
16/11/2026 10:47:31,16 to 18,Scotland,,,No,"Free school meals for more pupils, and holiday food provision",,Cost of living and financial security,,Housing and a place to live,Youth unemployment across the Commonwealth is the common thread in all of this.,1,5,3,5,2,2,4,6,8,3,2,2,6,7,6,10,9,10,10,4,9,10,5,4,10,8,4,6,8,8,10,10,7,3,7,4,"Jobs, apprenticeships and work experience","Youth unemployment is not a young person problem, it is an economy problem. Stop framing it as our failure.",Female,White,No,Prefer not to say,No,Yes
17/11/2026 19:24:22,19 to 21,Yorkshire and the Humber,,B29,Yes,"Cheaper rail travel and a wider young persons railcard, A school nurse and a trained counsellor in every school",,"Crime, safety and policing",,Climate and the environment,,0,3,5,8,2,5,3,2,3,4,2,3,9,9,9,8,5,10,9,10,5,7,8,5,7,10,10,6,7,7,8,2,5,6,4,6,"Mental health and wellbeing, Climate and the environment",,Male,Mixed or multiple ethnic groups,No,In school or college,No,Yes
18/11/2026 18:37:09,16 to 18,West Midlands,,,Prefer not to say,"Free or capped bus travel for under-25s, Education Maintenance Allowance (EMA) or an equivalent payment for 16–19 study, Funded open-access youth clubs and youth workers in every area",Cheaper driving lessons and tests for young people in rural areas.,Mental health and wellbeing,Apprenticeships near me pay so little that you need parents who can support you.,Education and curriculum for life,There are not enough jobs for the number of graduates being produced.,1,6,7,4,5,5,5,4,4,3,3,1,9,10,10,9,10,7,8,6,5,7,4,10,10,9,10,5,6,7,8,6,9,3,6,6,"Jobs, apprenticeships and work experience, Housing and a place to live",,Female,White,Prefer not to say,In school or college,No,Yes
17/11/2026 18:31:19,Over 25,South East England,,CV1,No,"Education Maintenance Allowance (EMA) or an equivalent payment for 16–19 study, Restored further education and adult skills funding, and lower tuition fees",,"Crime, safety and policing",,Climate and the environment,Climate change is already displacing people my age in Pacific member states.,0,3,3,6,2,5,1,2,5,5,4,7,9,8,9,10,9,6,10,4,10,10,10,3,7,7,10,7,8,6,3,8,8,5,10,6,"Mental health and wellbeing, Equality, discrimination and racism",,Female,White,No,In school or college,No,Yes
16/11/2026 12:08:23,22 to 25,Yorkshire and the Humber,,SW1A,Yes,A school nurse and a trained counsellor in every school,Free swimming for under-18s.,Cost of living and financial security,,Climate and the environment,Online access decides who gets opportunities and it is very unequal.,0,6,3,5,3,3,5,6,5,5,0,8,8,7,8,9,8,10,10,9,10,10,7,6,9,8,10,8,10,6,4,10,5,7,9,8,"Climate and the environment, Mental health and wellbeing","Stop talking about young people as the future and start treating us as the present. We are already paying rent, already working, already voting in some of your countries.",Female,White,No,In school or college,No,Yes
16/11/2026 17:18:31,22 to 25,London,,M14,No,"Free or capped bus travel for under-25s, Restored further education and adult skills funding, and lower tuition fees",,Housing and a place to live,People my age are scared on public transport and nobody talks about it.,"Equality, discrimination and racism",,1,3,,,2,,4,,,,,,,8,7,,,7,,,,,6,,10,,,,,,10,,,,1,,"Cost of living and financial security, Youth services and safe places to go",,Female,White,No,"Not in education, employment or training",No,Yes
16/11/2026 18:00:14,13 to 15,London,,BT9,No,"Independent careers advice in every school (a Connexions style service), Guaranteed work experience placements for every pupil, Free school meals for more pupils, and holiday food provision",,"Crime, safety and policing",Everyone I know is choosing between transport to college and lunch.,Mental health and wellbeing,,4,4,5,4,2,4,5,8,3,8,7,5,7,7,10,6,10,8,5,7,9,10,6,8,6,10,8,10,7,7,10,7,6,5,6,6,"Jobs, apprenticeships and work experience, Cost of living and financial security","Climate adaptation money needs to reach communities, not consultants.",Female,White,No,In school or college,No,Yes
16/11/2026 13:04:17,19 to 21,London,,NG7,No,"Funded open-access youth clubs and youth workers in every area, Independent careers advice in every school (a Connexions style service), Free or capped bus travel for under-25s",Free school transport past the age of 16.,Mental health and wellbeing,,Climate and the environment,,4,4,6,5,4,4,4,0,5,8,4,3,9,5,9,9,4,6,10,9,7,9,5,4,7,6,6,7,8,8,5,10,10,6,3,6,"Climate and the environment, Jobs, apprenticeships and work experience",Make the commitments measurable and publish who missed them.,Female,White,No,Working,No,Yes
19/11/2026 14:41:22,Over 25,South West England,,M14,Yes,"Free school meals for more pupils, and holiday food provision, Arts, music and drama in the curriculum, and free or low-cost music tuition, Free or capped bus travel for under-25s",,Housing and a place to live,,Climate and the environment,Girls are still being taken out of education early in too many countries.,0,0,3,6,1,3,1,4,4,2,1,5,9,9,10,4,9,8,6,10,10,7,8,10,10,7,3,4,6,6,6,9,9,3,5,10,"Crime, safety and policing, Jobs, apprenticeships and work experience",Young carers and care-experienced young people are invisible in every policy document I have read.,Female,White,No,In school or college,No,Yes
17/11/2026 15:26:57,16 to 18,West Midlands,,BT9,Yes,"Free or capped bus travel for under-25s, Cheaper rail travel and a wider young persons railcard, Funded national youth voice structures (a British Youth Council style body)",Cheaper driving lessons and tests for young people in rural areas.,Mental health and wellbeing,Rent takes most of my wages and I still live with my parents.,Cost of living and financial security,,2,4,5,0,3,3,2,10,2,2,2,1,7,10,6,6,10,10,10,9,9,10,5,9,9,7,10,6,10,5,7,8,6,4,7,5,"Jobs, apprenticeships and work experience",,Male,White,Yes,"Not in education, employment or training",No,Yes
16/11/2026 13:20:03,13 to 15,South East England,,B29,Yes,Free or capped bus travel for under-25s,,Housing and a place to live,,"Jobs, apprenticeships and work experience",,6,3,4,3,5,1,5,5,6,3,2,8,7,10,7,7,8,6,7,8,6,6,10,9,8,5,3,10,7,6,8,10,4,6,7,3,"Jobs, apprenticeships and work experience, Climate and the environment",,Female,White,No,In school or college,Prefer not to say,Yes
19/11/2026 09:30:18,19 to 21,Northern Ireland,,,No,Funded open-access youth clubs and youth workers in every area,Free school transport past the age of 16.,Mental health and wellbeing,,Climate and the environment,Youth unemployment across the Commonwealth is the common thread in all of this.,5,2,3,3,4,5,1,5,5,3,7,6,8,9,8,7,9,9,8,10,8,6,8,9,7,8,1,10,10,10,10,7,4,6,7,7,"Jobs, apprenticeships and work experience, Climate and the environment",,Male,White,No,Working,Prefer not to say,Yes
17/11/2026 15:54:53,Over 25,North East England,,EH8,No,"Local libraries and community spaces with longer opening hours, Sure Start style family and early years centres, Guaranteed work experience placements for every pupil",Music lessons that are not only for people who can pay.,Mental health and wellbeing,,Mental health and wellbeing,,0,6,9,2,5,4,0,3,8,5,1,6,6,7,10,9,5,5,10,6,4,9,8,7,7,5,9,7,9,5,6,10,8,7,8,7,"Jobs, apprenticeships and work experience, Climate and the environment",,Male,White,Yes,"Not in education, employment or training",No,Yes
19/11/2026 12:20:05,13 to 15,London,,LS6,No,"Free school meals for more pupils, and holiday food provision, Funded national youth voice structures (a British Youth Council style body), Arts, music and drama in the curriculum, and free or low-cost music tuition",Free school transport past the age of 16.,Digital life and online safety,,Climate and the environment,Online access decides who gets opportunities and it is very unequal.,4,6,3,7,1,2,0,8,7,5,4,5,6,7,10,8,10,4,5,8,10,10,10,10,9,8,8,5,10,5,5,8,8,10,7,5,"Digital life and online safety, Crime, safety and policing",,Female,White,No,In school or college,No,Yes
18/11/2026 13:12:09,19 to 21,South West England,,,No,A school nurse and a trained counsellor in every school,,Mental health and wellbeing,,"Crime, safety and policing",,1,6,4,5,5,0,5,3,1,0,4,6,8,10,10,8,9,3,5,8,10,8,5,8,10,8,8,7,10,7,9,8,6,7,5,6,"Climate and the environment, Jobs, apprenticeships and work experience",Give us votes at 16 and watch how quickly politics starts taking young people seriously.,Male,Asian or Asian British,No,At university,No,Yes
18/11/2026 20:22:08,16 to 18,South West England,,CF10,Yes,"Local libraries and community spaces with longer opening hours, Funded open-access youth clubs and youth workers in every area",Proper funding for school counselling.,Youth services and safe places to go,,Transport and getting around,Girls are still being taken out of education early in too many countries.,5,4,4,5,7,3,3,5,6,2,0,2,8,8,10,7,7,7,8,6,6,8,6,5,10,8,7,9,10,10,10,8,7,4,5,6,"Jobs, apprenticeships and work experience, Climate and the environment",,Male,White,No,At university,No,Yes
17/11/2026 19:17:01,13 to 15,London,,CF10,Yes,"A school nurse and a trained counsellor in every school, Community sports facilities, playing fields and free swimming, Free or capped bus travel for under-25s",,Youth services and safe places to go,,Education and curriculum for life,Corruption means money meant for young people does not reach us.,7,3,9,5,,,5,,,4,,,9,,,,,,,,10,,,,9,8,7,,,10,6,,,,,9,"Crime, safety and policing, Cost of living and financial security",Online harm is not a side issue. It is where we live most of our lives.,Male,White,Prefer not to say,In school or college,No,Yes
18/11/2026 09:34:59,22 to 25,Yorkshire and the Humber,,CF10,Yes,"Education Maintenance Allowance (EMA) or an equivalent payment for 16–19 study, Free or capped bus travel for under-25s, Arts, music and drama in the curriculum, and free or low-cost music tuition",,"Jobs, apprenticeships and work experience",,Climate and the environment,,1,4,5,3,1,3,5,4,3,5,2,5,8,6,5,7,10,7,10,10,7,9,3,8,9,8,5,4,6,6,9,8,10,9,4,10,"Democracy and youth voice, Equality, discrimination and racism",Listen to young people from small island states before it is too late to listen to them at all.,Male,White,Prefer not to say,In school or college,No,Yes
18/11/2026 14:26:58,16 to 18,East of England,,G12,No,"Education Maintenance Allowance (EMA) or an equivalent payment for 16–19 study, Funded open-access youth clubs and youth workers in every area, Community sports facilities, playing fields and free swimming",Music lessons that are not only for people who can pay.,"Jobs, apprenticeships and work experience",Everyone I know is choosing between transport to college and lunch.,Mental health and wellbeing,,6,1,9,4,3,2,4,6,7,6,3,5,6,5,6,8,10,7,10,10,6,10,6,4,8,7,9,7,5,10,10,9,4,5,5,6,"Cost of living and financial security, Climate and the environment",The cost of getting to college is the reason people drop out. Fix transport and you fix attendance.,Male,White,No,In school or college,No,Yes
18/11/2026 12:40:06,22 to 25,London,,,Prefer not to say,"Guaranteed work experience placements for every pupil, Sure Start style family and early years centres, A school nurse and a trained counsellor in every school",,Cost of living and financial security,,Education and curriculum for life,,3,3,6,3,4,2,0,4,4,6,7,7,10,9,10,7,9,3,7,6,10,5,6,4,8,10,4,7,9,6,7,9,7,4,8,9,"Climate and the environment, Education and curriculum for life",,Female,White,No,In school or college,Yes,Yes
19/11/2026 16:35:30,19 to 21,Yorkshire and the Humber,,CV1,No,"Independent careers advice in every school (a Connexions style service), Free or capped bus travel for under-25s, Restored further education and adult skills funding, and lower tuition fees",,Climate and the environment,Rent takes most of my wages and I still live with my parents.,Cost of living and financial security,Online access decides who gets opportunities and it is very unequal.,8,1,4,5,4,5,5,3,4,2,7,4,9,6,10,10,9,8,6,7,9,10,10,9,8,6,5,8,10,6,10,7,6,9,4,2,"Climate and the environment, Transport and getting around",,Female,White,No,Prefer not to say,No,Yes
17/11/2026 19:39:43,19 to 21,South East England,,,No,"Restored further education and adult skills funding, and lower tuition fees",Free school transport past the age of 16.,"Jobs, apprenticeships and work experience",,Mental health and wellbeing,Youth unemployment across the Commonwealth is the common thread in all of this.,,,,5,,,,,3,,,,,,,10,6,8,8,7,,10,7,,,10,,,,,9,,,3,,,"Mental health and wellbeing, Climate and the environment",,Female,White,No,Apprenticeship or training,No,Yes
17/11/2026 09:29:01,16 to 18,West Midlands,,NG7,Yes,Funded open-access youth clubs and youth workers in every area,Free school transport past the age of 16.,"Jobs, apprenticeships and work experience","Waiting lists where I live are over a year, and people get worse while they wait.","Jobs, apprenticeships and work experience",Youth unemployment across the Commonwealth is the common thread in all of this.,8,2,4,4,6,6,2,6,4,8,2,4,10,6,8,10,9,6,10,9,8,10,4,10,4,10,5,6,9,9,9,8,8,10,2,7,"Climate and the environment, Jobs, apprenticeships and work experience",,Female,Asian or Asian British,Yes,At university,No,Yes
20/11/2026 12:35:30,16 to 18,Northern Ireland,,,No,Funded open-access youth clubs and youth workers in every area,,Housing and a place to live,"Waiting lists where I live are over a year, and people get worse while they wait.","Jobs, apprenticeships and work experience",,4,6,6,3,2,2,5,6,5,5,3,8,10,7,7,10,9,6,10,9,6,10,8,8,9,10,5,8,3,9,5,7,6,5,4,7,"Equality, discrimination and racism, Climate and the environment",,Female,White,No,Apprenticeship or training,No,Yes
20/11/2026 19:06:41,16 to 18,North West England,,NE1,No,"Funded open-access youth clubs and youth workers in every area, Education Maintenance Allowance (EMA) or an equivalent payment for 16–19 study, Free school meals for more pupils, and holiday food provision",,Cost of living and financial security,,"Jobs, apprenticeships and work experience",Online access decides who gets opportunities and it is very unequal.,8,3,5,3,5,5,5,5,9,1,3,7,8,8,10,10,10,4,9,8,8,10,3,8,6,10,4,6,7,8,6,10,5,3,7,6,"Education and curriculum for life, Cost of living and financial security",Young carers and care-experienced young people are invisible in every policy document I have read.,Male,White,No,Working,Yes,Yes
19/11/2026 17:19:59,16 to 18,North East England,,,No,"Community sports facilities, playing fields and free swimming, Restored further education and adult skills funding, and lower tuition fees, Funded open-access youth clubs and youth workers in every area",Music lessons that are not only for people who can pay.,"Jobs, apprenticeships and work experience",Everything costs more and nothing about young people’s pay has changed.,Transport and getting around,Climate change is already displacing people my age in Pacific member states.,5,2,6,2,2,1,4,4,9,5,3,7,9,8,10,10,9,7,8,10,8,7,8,6,6,4,8,7,10,10,7,7,5,8,8,3,"Transport and getting around, Digital life and online safety",,Female,White,No,Working,Prefer not to say,Yes
18/11/2026 10:27:24,22 to 25,Yorkshire and the Humber,,NG7,No,"A school nurse and a trained counsellor in every school, Arts, music and drama in the curriculum, and free or low-cost music tuition, Restored further education and adult skills funding, and lower tuition fees",Proper funding for school counselling.,Education and curriculum for life,Everyone I know is choosing between transport to college and lunch.,Climate and the environment,,2,5,4,7,2,4,0,6,5,8,1,8,9,4,4,10,9,7,7,8,8,8,6,7,7,7,5,7,10,9,8,7,6,8,2,3,"Education and curriculum for life, Jobs, apprenticeships and work experience",,Male,White,No,In school or college,Prefer not to say,Yes
18/11/2026 14:28:27,19 to 21,I live outside the UK,Ghana,,Yes,"Cheaper rail travel and a wider young persons railcard, Local libraries and community spaces with longer opening hours, Restored further education and adult skills funding, and lower tuition fees",Free school transport past the age of 16.,"Crime, safety and policing",Everything costs more and nothing about young people’s pay has changed.,"Equality, discrimination and racism",,5,4,5,9,2,1,3,6,5,6,5,5,9,6,9,10,10,6,10,6,7,9,10,8,10,9,8,6,7,8,6,8,5,6,6,8,"Cost of living and financial security, Jobs, apprenticeships and work experience",,Female,White,No,At university,No,Yes
20/11/2026 13:01:25,16 to 18,East of England,,M14,Yes,"Arts, music and drama in the curriculum, and free or low-cost music tuition",,Mental health and wellbeing,,"Equality, discrimination and racism",Girls are still being taken out of education early in too many countries.,4,0,2,3,3,4,1,2,3,2,4,9,7,7,7,7,10,8,7,10,8,8,4,6,10,6,7,6,8,7,10,5,8,9,4,10,"Crime, safety and policing, Education and curriculum for life",You measure success in GDP. Measure it in whether an 18-year-old can see a future where they live.,Prefer not to say,White,Prefer not to say,Working,No,Yes
20/11/2026 20:51:16,22 to 25,Yorkshire and the Humber,,TS1,No,"Independent careers advice in every school (a Connexions style service), Education Maintenance Allowance (EMA) or an equivalent payment for 16–19 study","Youth centres open at weekends, not just weekdays.",Housing and a place to live,"Waiting lists where I live are over a year, and people get worse while they wait.",Education and curriculum for life,Climate change is already displacing people my age in Pacific member states.,,5,,3,,,,,7,,,7,,,,,7,,9,,,7,,1,,,7,9,,10,,5,6,,5,,"Education and curriculum for life, Crime, safety and policing","Youth unemployment is not a young person problem, it is an economy problem. Stop framing it as our failure.",Female,Asian or Asian British,No,At university,No,Yes
19/11/2026 10:24:56,19 to 21,London,,,No,"Arts, music and drama in the curriculum, and free or low-cost music tuition, Cheaper rail travel and a wider young persons railcard, Guaranteed work experience placements for every pupil",,Mental health and wellbeing,You cannot plan a future when you cannot afford anywhere to live.,Cost of living and financial security,,4,1,6,5,3,7,4,2,6,4,6,9,10,6,5,7,7,5,10,7,10,10,3,9,10,6,7,5,7,8,9,7,9,2,6,4,"Climate and the environment, Jobs, apprenticeships and work experience",,Female,White,Yes,In school or college,No,Yes
20/11/2026 14:52:24,16 to 18,West Midlands,,,No,"Community sports facilities, playing fields and free swimming, Restored further education and adult skills funding, and lower tuition fees, Education Maintenance Allowance (EMA) or an equivalent payment for 16–19 study",Free school transport past the age of 16.,Youth services and safe places to go,People my age are scared on public transport and nobody talks about it.,"Equality, discrimination and racism",Girls are still being taken out of education early in too many countries.,4,3,4,3,3,4,2,1,4,4,5,4,10,4,9,10,10,5,10,9,9,5,5,9,10,8,5,6,10,10,7,7,8,6,6,9,"Climate and the environment, Crime, safety and policing","Apprenticeships that pay less than rent are not opportunities, they are a trap.",Non-binary,White,No,In school or college,Yes,Yes
18/11/2026 11:33:08,16 to 18,North West England,,NE1,No,"Funded national youth voice structures (a British Youth Council style body), Education Maintenance Allowance (EMA) or an equivalent payment for 16–19 study, Cheaper rail travel and a wider young persons railcard",Free school transport past the age of 16.,Housing and a place to live,,"Jobs, apprenticeships and work experience",Climate change is already displacing people my age in Pacific member states.,5,3,6,7,1,3,4,5,6,5,5,3,9,6,10,10,10,7,10,9,8,8,8,6,8,4,7,8,6,8,7,10,10,8,9,7,"Equality, discrimination and racism, Cost of living and financial security",,Non-binary,White,Yes,At university,No,Yes
21/11/2026 12:17:48,22 to 25,Yorkshire and the Humber,,,Yes,"Guaranteed work experience placements for every pupil, Funded open-access youth clubs and youth workers in every area",Free school transport past the age of 16.,Housing and a place to live,"Waiting lists where I live are over a year, and people get worse while they wait.","Jobs, apprenticeships and work experience",,3,4,4,3,2,2,2,5,7,8,8,5,10,6,9,10,10,6,7,5,10,8,6,10,8,8,5,7,7,8,8,4,7,6,5,6,"Equality, discrimination and racism, Digital life and online safety",,Female,White,No,In school or college,No,Yes
18/11/2026 12:41:23,13 to 15,I live outside the UK,Fiji,,No,"Arts, music and drama in the curriculum, and free or low-cost music tuition, Funded open-access youth clubs and youth workers in every area, Independent careers advice in every school (a Connexions style service)",Free swimming for under-18s.,Mental health and wellbeing,Everything costs more and nothing about young people’s pay has changed.,Education and curriculum for life,,2,6,3,4,5,3,1,6,4,1,1,6,3,4,9,7,10,8,10,6,10,9,8,9,9,5,10,4,7,4,9,9,9,4,7,6,"Democracy and youth voice, Equality, discrimination and racism",Bring back the things that were cut before you announce anything new.,Female,White,Yes,In school or college,No,Yes
19/11/2026 11:16:39,19 to 21,Yorkshire and the Humber,,,No,"Cheaper rail travel and a wider young persons railcard, Funded open-access youth clubs and youth workers in every area, Arts, music and drama in the curriculum, and free or low-cost music tuition",Music lessons that are not only for people who can pay.,Mental health and wellbeing,Apprenticeships near me pay so little that you need parents who can support you.,Mental health and wellbeing,,4,3,6,5,2,4,1,3,5,4,1,7,5,9,10,10,5,6,10,6,10,7,9,8,5,8,7,6,10,9,10,9,7,7,8,8,Climate and the environment,We cannot build a future in countries we cannot afford to live in. Housing is the whole argument.,Female,Asian or Asian British,No,Working,No,Yes
21/11/2026 15:26:10,16 to 18,I live outside the UK,Malta,,Yes,"Local libraries and community spaces with longer opening hours, Community sports facilities, playing fields and free swimming",,"Jobs, apprenticeships and work experience",,Climate and the environment,Online access decides who gets opportunities and it is very unequal.,,3,,,,,2,,,,,,,,,,10,,,9,10,5,,,,10,,8,,6,8,10,,,,10,"Climate and the environment, Education and curriculum for life","If the Commonwealth means anything, it should mean a young person in Fiji and a young person in Wales both get heard.",Female,White,No,Prefer not to say,No,Yes
20/11/2026 15:05:23,16 to 18,South West England,,NG7,No,"Free school meals for more pupils, and holiday food provision, Guaranteed work experience placements for every pupil, Independent careers advice in every school (a Connexions style service)",Proper funding for school counselling.,Mental health and wellbeing,,"Jobs, apprenticeships and work experience",,2,1,2,2,4,2,0,3,9,1,6,5,8,8,8,7,7,7,10,10,8,9,4,10,10,7,8,7,10,10,10,6,10,5,6,8,"Jobs, apprenticeships and work experience, Education and curriculum for life",We are tired of consultations that go nowhere. Publish what you did with this one.,Female,"Black, Black British, Caribbean or African",Prefer not to say,At university,No,Yes
19/11/2026 15:05:40,19 to 21,North West England,,,No,"Arts, music and drama in the curriculum, and free or low-cost music tuition, Guaranteed work experience placements for every pupil, Education Maintenance Allowance (EMA) or an equivalent payment for 16–19 study",Free school transport past the age of 16.,Cost of living and financial security,Everything costs more and nothing about young people’s pay has changed.,Education and curriculum for life,,4,6,2,1,5,1,0,5,6,4,4,6,10,8,9,10,10,5,9,7,7,10,10,10,7,3,8,8,6,6,6,5,7,5,3,9,"Equality, discrimination and racism, Digital life and online safety",Young carers and care-experienced young people are invisible in every policy document I have read.,Male,Prefer not to say,Yes,At university,No,Yes
20/11/2026 10:05:15,19 to 21,London,,,No,"Arts, music and drama in the curriculum, and free or low-cost music tuition, Funded open-access youth clubs and youth workers in every area, A school nurse and a trained counsellor in every school",,"Equality, discrimination and racism",Rent takes most of my wages and I still live with my parents.,Digital life and online safety,"Young people in some member states cannot finish school because of cost, not ability.",1,0,6,7,5,0,4,4,4,2,9,5,7,7,6,7,6,10,10,7,6,6,6,5,10,8,5,8,7,6,8,9,8,7,5,7,"Education and curriculum for life, Jobs, apprenticeships and work experience",,Male,Asian or Asian British,No,In school or college,No,Yes
21/11/2026 10:29:15,22 to 25,South East England,,,No,"Sure Start style family and early years centres, Cheaper rail travel and a wider young persons railcard",Free swimming for under-18s.,Digital life and online safety,,Climate and the environment,There are not enough jobs for the number of graduates being produced.,7,4,6,4,5,2,5,8,3,4,6,4,10,8,10,6,10,4,10,10,7,10,7,5,8,9,7,9,10,6,7,8,8,5,6,5,"Jobs, apprenticeships and work experience, Transport and getting around",,Female,"Black, Black British, Caribbean or African",No,Working,No,Yes
20/11/2026 09:13:52,13 to 15,North West England,,,Prefer not to say,"Free or capped bus travel for under-25s, Independent careers advice in every school (a Connexions style service), Guaranteed work experience placements for every pupil",,Cost of living and financial security,,Climate and the environment,,1,2,1,7,1,6,0,0,2,3,5,5,9,7,8,10,7,8,10,8,7,7,6,9,10,7,7,9,9,4,10,8,8,7,5,8,"Democracy and youth voice, Mental health and wellbeing",Listen to young people from small island states before it is too late to listen to them at all.,Female,White,No,In school or college,No,Yes
19/11/2026 18:40:27,13 to 15,Wales,,PL4,No,"A school nurse and a trained counsellor in every school, Free or capped bus travel for under-25s",,"Jobs, apprenticeships and work experience",The support exists on paper but nobody can actually access it.,Housing and a place to live,,0,0,9,5,3,3,6,7,3,6,7,6,8,6,8,9,10,7,6,10,6,7,7,7,10,7,7,8,9,7,4,9,5,5,9,4,"Jobs, apprenticeships and work experience, Education and curriculum for life",Online harm is not a side issue. It is where we live most of our lives.,Female,Asian or Asian British,Yes,In school or college,No,Yes
20/11/2026 18:38:41,19 to 21,Scotland,,PL4,Prefer not to say,"Local libraries and community spaces with longer opening hours, Free or capped bus travel for under-25s, Independent careers advice in every school (a Connexions style service)",Proper funding for school counselling.,Cost of living and financial security,,Housing and a place to live,,3,4,7,6,2,3,0,5,6,1,4,5,10,8,9,10,10,5,10,9,7,9,5,7,7,7,10,4,9,5,7,9,8,5,6,5,"Climate and the environment, Democracy and youth voice",,Female,White,No,Working,No,Yes
21/11/2026 16:30:19,19 to 21,South East England,,,No,"Free or capped bus travel for under-25s, Funded national youth voice structures (a British Youth Council style body), Community sports facilities, playing fields and free swimming",Music lessons that are not only for people who can pay.,Mental health and wellbeing,The support exists on paper but nobody can actually access it.,Youth services and safe places to go,,5,3,4,6,0,4,1,7,6,5,5,5,10,9,9,8,10,6,10,7,6,10,7,7,7,6,9,8,6,6,8,10,7,6,6,6,"Jobs, apprenticeships and work experience",,Female,"Black, Black British, Caribbean or African",No,Working,No,Yes
22/11/2026 09:06:06,16 to 18,West Midlands,,,No,"Community sports facilities, playing fields and free swimming, A school nurse and a trained counsellor in every school, Funded open-access youth clubs and youth workers in every area",,"Jobs, apprenticeships and work experience",,Cost of living and financial security,,3,3,3,4,2,4,8,4,4,5,1,5,5,9,4,10,6,8,10,10,9,9,5,10,10,9,6,9,8,8,5,5,5,7,6,10,"Jobs, apprenticeships and work experience, Education and curriculum for life",,Female,White,No,At university,No,Yes
21/11/2026 16:17:42,19 to 21,Scotland,,,No,"Restored further education and adult skills funding, and lower tuition fees, Arts, music and drama in the curriculum, and free or low-cost music tuition, Local libraries and community spaces with longer opening hours",,Mental health and wellbeing,,Climate and the environment,Young people are excluded from decisions in almost every member state.,4,,,4,,5,1,,,,,8,8,,,,,9,,,,,,,,3,,,5,,6,,,,5,,"Climate and the environment, Mental health and wellbeing",,Male,Prefer not to say,No,At university,No,Yes
20/11/2026 15:10:17,19 to 21,Scotland,,EH8,No,"Free or capped bus travel for under-25s, Funded open-access youth clubs and youth workers in every area",Free swimming for under-18s.,"Crime, safety and policing",Everything costs more and nothing about young people’s pay has changed.,Transport and getting around,Corruption means money meant for young people does not reach us.,1,5,5,5,4,3,5,7,2,2,4,5,8,6,6,6,9,10,8,6,6,8,6,5,9,6,6,7,8,6,5,4,7,6,4,7,"Climate and the environment, Education and curriculum for life",The cost of getting to college is the reason people drop out. Fix transport and you fix attendance.,Female,White,No,At university,Prefer not to say,Yes
21/11/2026 20:57:54,16 to 18,East Midlands,,B29,Yes,"Funded national youth voice structures (a British Youth Council style body), Funded open-access youth clubs and youth workers in every area, Arts, music and drama in the curriculum, and free or low-cost music tuition",,Mental health and wellbeing,,Mental health and wellbeing,,4,2,7,4,3,5,6,5,3,0,5,6,10,9,7,7,9,6,10,7,7,10,10,7,10,8,4,8,10,10,8,3,8,7,7,5,"Climate and the environment, Housing and a place to live",,Female,White,Yes,At university,No,Yes
21/11/2026 19:54:46,22 to 25,Scotland,,PL4,Yes,"Restored further education and adult skills funding, and lower tuition fees",,Education and curriculum for life,,"Equality, discrimination and racism",,3,2,2,5,4,4,6,7,4,2,0,3,10,8,10,8,10,9,10,7,6,3,10,9,9,9,8,5,8,5,8,10,9,2,7,8,"Climate and the environment, Education and curriculum for life",,Female,White,No,"Not in education, employment or training",No,Yes
21/11/2026 11:04:39,16 to 18,I live outside the UK,Cyprus,,No,"A school nurse and a trained counsellor in every school, Arts, music and drama in the curriculum, and free or low-cost music tuition, Free school meals for more pupils, and holiday food provision",,"Equality, discrimination and racism",,Climate and the environment,,,,6,4,,,2,4,,,,,10,,,5,,,9,,10,,7,7,9,,5,7,10,,5,,,,5,8,"Crime, safety and policing, Equality, discrimination and racism",,Female,White,No,Apprenticeship or training,No,Yes
22/11/2026 10:59:37,Under 13,North East England,,,No,"A school nurse and a trained counsellor in every school, Restored further education and adult skills funding, and lower tuition fees, Free school meals for more pupils, and holiday food provision",,Education and curriculum for life,,Digital life and online safety,,1,5,7,6,1,7,3,3,4,6,6,8,7,9,10,7,3,8,8,8,8,9,6,10,10,9,6,7,5,6,10,9,3,10,4,5,"Democracy and youth voice, Transport and getting around",The cost of getting to college is the reason people drop out. Fix transport and you fix attendance.,Female,White,No,In school or college,No,Yes
20/11/2026 16:46:40,22 to 25,East of England,,G12,No,"Independent careers advice in every school (a Connexions style service), Free school meals for more pupils, and holiday food provision, Education Maintenance Allowance (EMA) or an equivalent payment for 16–19 study",,Cost of living and financial security,People my age are scared on public transport and nobody talks about it.,"Jobs, apprenticeships and work experience",Online access decides who gets opportunities and it is very unequal.,4,3,5,5,3,5,2,8,3,6,3,7,6,5,7,9,9,8,9,9,8,7,6,9,9,9,7,10,5,10,5,8,9,7,8,9,"Crime, safety and policing, Climate and the environment",The cost of getting to college is the reason people drop out. Fix transport and you fix attendance.,Male,White,No,In school or college,No,Yes
20/11/2026 12:11:21,22 to 25,London,,TS1,No,Independent careers advice in every school (a Connexions style service),,"Jobs, apprenticeships and work experience",,"Jobs, apprenticeships and work experience",Climate change is already displacing people my age in Pacific member states.,1,4,4,3,4,3,4,2,3,7,2,5,8,8,7,10,7,5,8,6,8,9,6,7,7,9,9,8,8,7,10,9,8,6,4,6,"Climate and the environment, Education and curriculum for life",You measure success in GDP. Measure it in whether an 18-year-old can see a future where they live.,Female,White,Yes,Working,No,Yes
22/11/2026 18:04:20,19 to 21,North West England,,,No,"Cheaper rail travel and a wider young persons railcard, Restored further education and adult skills funding, and lower tuition fees, Guaranteed work experience placements for every pupil",Free school transport past the age of 16.,"Jobs, apprenticeships and work experience",,Cost of living and financial security,,4,3,5,6,0,2,1,6,5,4,6,4,8,10,4,8,10,10,9,7,10,7,5,7,5,6,8,10,10,7,5,9,8,7,3,7,"Cost of living and financial security, Climate and the environment",,Female,White,No,At university,No,Yes
21/11/2026 09:29:55,13 to 15,London,,CV1,No,"Sure Start style family and early years centres, Community sports facilities, playing fields and free swimming, Independent careers advice in every school (a Connexions style service)",Proper funding for school counselling.,"Jobs, apprenticeships and work experience",,Education and curriculum for life,,,,5,,,1,,3,,,3,,,,9,9,,,,,5,,10,,,6,8,10,10,9,6,10,,6,,,"Climate and the environment, Equality, discrimination and racism",,Female,White,Prefer not to say,At university,No,Yes
20/11/2026 12:48:41,19 to 21,West Midlands,,,No,"Funded open-access youth clubs and youth workers in every area, Free school meals for more pupils, and holiday food provision",Music lessons that are not only for people who can pay.,Housing and a place to live,,Education and curriculum for life,,1,6,5,4,0,2,2,9,4,5,6,5,10,9,10,9,9,7,10,10,4,7,4,7,10,5,7,10,6,8,6,8,8,3,8,6,"Jobs, apprenticeships and work experience, Crime, safety and policing",,Male,White,No,"Not in education, employment or training",No,Yes
22/11/2026 17:36:28,19 to 21,Wales,,PL4,Yes,"Local libraries and community spaces with longer opening hours, Funded open-access youth clubs and youth workers in every area, Independent careers advice in every school (a Connexions style service)",,Cost of living and financial security,Everything costs more and nothing about young people’s pay has changed.,Education and curriculum for life,,,2,7,2,0,,,4,4,,,3,,,,10,9,,8,,9,10,10,,,,,,7,9,,9,,,,,Climate and the environment,,Male,Mixed or multiple ethnic groups,No,Prefer not to say,No,Yes
23/11/2026 10:29:03,13 to 15,East of England,,,Yes,"Community sports facilities, playing fields and free swimming, Restored further education and adult skills funding, and lower tuition fees",Free swimming for under-18s.,"Jobs, apprenticeships and work experience",,Digital life and online safety,Corruption means money meant for young people does not reach us.,2,0,7,4,4,2,3,3,5,7,7,5,6,6,7,8,8,10,9,5,9,8,8,6,9,7,3,6,10,4,7,9,3,5,8,7,"Equality, discrimination and racism, Education and curriculum for life","Youth unemployment is not a young person problem, it is an economy problem. Stop framing it as our failure.",Female,White,No,Working,No,Yes
22/11/2026 11:55:54,19 to 21,East of England,,PL4,Yes,"Education Maintenance Allowance (EMA) or an equivalent payment for 16–19 study, Community sports facilities, playing fields and free swimming",Free school transport past the age of 16.,Housing and a place to live,,"Jobs, apprenticeships and work experience",,6,2,7,5,3,6,0,2,2,8,6,3,10,4,10,7,5,5,10,8,10,5,5,5,7,10,9,6,8,7,10,5,7,7,4,9,"Jobs, apprenticeships and work experience, Climate and the environment",,Male,White,No,Working,No,Yes
23/11/2026 14:06:01,22 to 25,South East England,,BS8,Yes,A school nurse and a trained counsellor in every school,"Youth centres open at weekends, not just weekdays.","Crime, safety and policing",,Education and curriculum for life,,3,5,5,5,0,4,4,4,9,6,1,7,9,7,6,10,10,8,10,4,8,10,9,9,4,7,8,9,8,5,8,4,6,9,3,8,"Crime, safety and policing, Climate and the environment",,Male,White,No,In school or college,No,Yes
20/11/2026 17:32:44,19 to 21,Northern Ireland,,BS8,Yes,"Restored further education and adult skills funding, and lower tuition fees, Cheaper rail travel and a wider young persons railcard, Free or capped bus travel for under-25s",,Mental health and wellbeing,,Climate and the environment,,,,,4,,,3,,,3,,5,,10,,,,8,,9,,5,8,6,5,,,,,6,,,,10,,,"Crime, safety and policing, Education and curriculum for life",Racism is still shaping who gets opportunities in every country here. Say so out loud.,Male,White,No,In school or college,No,Yes
21/11/2026 13:02:24,Under 13,Scotland,,B29,Prefer not to say,"Funded open-access youth clubs and youth workers in every area, Education Maintenance Allowance (EMA) or an equivalent payment for 16–19 study, Arts, music and drama in the curriculum, and free or low-cost music tuition",Proper funding for school counselling.,Mental health and wellbeing,,Education and curriculum for life,,4,0,3,4,5,2,4,5,3,4,4,1,10,9,7,10,2,0,10,8,8,6,6,10,10,5,4,8,9,9,6,4,4,7,5,8,"Education and curriculum for life, Cost of living and financial security",,Male,White,No,In school or college,No,Yes
22/11/2026 17:46:58,19 to 21,West Midlands,,BS8,No,"Cheaper rail travel and a wider young persons railcard, Guaranteed work experience placements for every pupil",,Housing and a place to live,People my age are scared on public transport and nobody talks about it.,Housing and a place to live,,3,7,2,6,2,6,2,3,8,5,6,3,9,10,6,10,7,8,10,9,10,6,9,6,5,7,9,9,8,8,9,8,10,5,8,8,"Jobs, apprenticeships and work experience, Climate and the environment",Make the commitments measurable and publish who missed them.,Male,White,Yes,"Not in education, employment or training",No,Yes
23/11/2026 12:06:31,19 to 21,West Midlands,,L18,No,Education Maintenance Allowance (EMA) or an equivalent payment for 16–19 study,,Housing and a place to live,,Climate and the environment,,,,4,4,3,,2,6,9,6,,,10,,10,,,,,6,4,,,8,,,,6,10,,,6,6,,9,8,"Mental health and wellbeing, Crime, safety and policing","Stop talking about young people as the future and start treating us as the present. We are already paying rent, already working, already voting in some of your countries.",Female,White,Yes,Working,No,Yes
23/11/2026 15:52:11,22 to 25,London,,,No,"Free or capped bus travel for under-25s, A school nurse and a trained counsellor in every school, Education Maintenance Allowance (EMA) or an equivalent payment for 16–19 study",Free swimming for under-18s.,Cost of living and financial security,,"Equality, discrimination and racism",,,,4,,6,,,7,0,1,7,8,,7,6,,10,6,10,10,,,,9,8,7,9,5,9,,,9,9,9,,6,"Climate and the environment, Education and curriculum for life",,Female,White,Prefer not to say,In school or college,No,Yes
21/11/2026 15:20:21,Under 13,South East England,,,No,"Free or capped bus travel for under-25s, Funded open-access youth clubs and youth workers in every area, Independent careers advice in every school (a Connexions style service)",,Mental health and wellbeing,"Waiting lists where I live are over a year, and people get worse while they wait.",Education and curriculum for life,,0,,6,4,,,3,,7,,6,,9,,,,,,,,10,,,,,,6,,,,9,10,6,6,,,"Housing and a place to live, Jobs, apprenticeships and work experience",,Female,"Black, Black British, Caribbean or African",Yes,At university,No,Yes
21/11/2026 19:09:49,22 to 25,South West England,,CV1,Prefer not to say,Cheaper rail travel and a wider young persons railcard,Free swimming for under-18s.,Youth services and safe places to go,People my age are scared on public transport and nobody talks about it.,Mental health and wellbeing,Girls are still being taken out of education early in too many countries.,6,2,3,7,5,2,0,4,9,1,3,8,9,8,9,8,8,5,4,5,5,7,5,9,10,7,9,6,10,5,8,10,10,6,3,9,"Equality, discrimination and racism, Education and curriculum for life",,Non-binary,White,Prefer not to say,In school or college,No,Yes
22/11/2026 19:04:38,22 to 25,Wales,,BT9,No,"Education Maintenance Allowance (EMA) or an equivalent payment for 16–19 study, Funded open-access youth clubs and youth workers in every area","Youth centres open at weekends, not just weekdays.",Cost of living and financial security,You cannot plan a future when you cannot afford anywhere to live.,Cost of living and financial security,,,,,6,3,2,,,,,4,,,,,,,,,,,10,,5,,,,7,,,,6,,,,,"Climate and the environment, Jobs, apprenticeships and work experience",,Non-binary,Mixed or multiple ethnic groups,Yes,In school or college,No,Yes
24/11/2026 18:23:40,Under 13,I live outside the UK,Fiji,,No,"Restored further education and adult skills funding, and lower tuition fees, A school nurse and a trained counsellor in every school",,Cost of living and financial security,,"Crime, safety and policing",,5,2,1,6,8,1,3,5,2,4,2,4,8,6,10,4,8,0,9,7,4,6,4,8,9,3,6,7,9,8,8,8,6,4,4,4,"Education and curriculum for life, Crime, safety and policing",,Male,White,No,In school or college,No,Yes
23/11/2026 12:52:55,16 to 18,Yorkshire and the Humber,,PL4,No,"Arts, music and drama in the curriculum, and free or low-cost music tuition, Free or capped bus travel for under-25s, Cheaper rail travel and a wider young persons railcard",,Cost of living and financial security,,Cost of living and financial security,,4,2,3,3,0,3,4,3,8,1,4,5,9,5,5,9,8,6,10,8,6,10,5,10,8,2,7,9,8,9,9,4,6,7,7,10,"Crime, safety and policing, Mental health and wellbeing",,Female,Other ethnic group,No,Prefer not to say,No,Yes
22/11/2026 12:08:14,16 to 18,London,,SW1A,Prefer not to say,Funded national youth voice structures (a British Youth Council style body),,Cost of living and financial security,"Waiting lists where I live are over a year, and people get worse while they wait.",Mental health and wellbeing,,1,2,,4,,3,1,4,,,6,2,8,,,,,,9,9,,,,,8,,,3,9,,,9,,,4,4,"Education and curriculum for life, Jobs, apprenticeships and work experience",Commonwealth mobility should mean something. Let young people study and work across member states without impossible visa costs.,Female,White,Yes,In school or college,No,Yes
22/11/2026 13:42:34,13 to 15,South East England,,,Yes,"Funded national youth voice structures (a British Youth Council style body), A school nurse and a trained counsellor in every school, Funded open-access youth clubs and youth workers in every area",,Mental health and wellbeing,,"Crime, safety and policing",Online access decides who gets opportunities and it is very unequal.,3,6,6,0,6,4,0,4,3,1,4,8,10,9,10,8,8,6,10,6,10,9,8,5,9,4,8,5,6,6,5,5,8,5,5,7,"Cost of living and financial security, Equality, discrimination and racism",,Male,White,No,Working,No,Yes
23/11/2026 19:07:51,19 to 21,Yorkshire and the Humber,,,Prefer not to say,"A school nurse and a trained counsellor in every school, Restored further education and adult skills funding, and lower tuition fees, Free school meals for more pupils, and holiday food provision",Free swimming for under-18s.,Education and curriculum for life,Rent takes most of my wages and I still live with my parents.,Climate and the environment,,6,4,3,4,4,3,0,4,3,6,5,7,7,7,9,7,9,8,10,8,7,9,5,9,9,7,10,8,7,5,4,8,2,6,6,9,"Digital life and online safety, Equality, discrimination and racism",,Male,Mixed or multiple ethnic groups,Yes,"Not in education, employment or training",No,Yes
24/11/2026 18:18:36,19 to 21,South West England,,L18,Yes,"Free or capped bus travel for under-25s, Funded open-access youth clubs and youth workers in every area",,Youth services and safe places to go,,"Jobs, apprenticeships and work experience",There are not enough jobs for the number of graduates being produced.,4,3,3,9,3,4,3,8,9,4,5,3,9,6,8,7,7,10,9,8,9,10,8,10,10,9,7,8,8,7,5,6,9,8,6,9,"Climate and the environment, Crime, safety and policing",,Female,Asian or Asian British,No,In school or college,No,Yes
23/11/2026 09:47:47,16 to 18,London,,NG7,No,"Guaranteed work experience placements for every pupil, Education Maintenance Allowance (EMA) or an equivalent payment for 16–19 study, Restored further education and adult skills funding, and lower tuition fees",Proper funding for school counselling.,Cost of living and financial security,,Education and curriculum for life,Girls are still being taken out of education early in too many countries.,4,0,2,1,6,0,1,0,8,5,5,8,10,9,5,7,6,7,6,5,6,3,5,7,6,9,10,5,10,8,8,10,6,5,5,7,"Cost of living and financial security, Climate and the environment",,Male,Other ethnic group,Yes,In school or college,No,Yes
23/11/2026 14:22:57,19 to 21,South East England,,CV1,Yes,"Funded open-access youth clubs and youth workers in every area, Restored further education and adult skills funding, and lower tuition fees, Free school meals for more pupils, and holiday food provision",,Housing and a place to live,,Climate and the environment,,2,5,6,2,5,4,2,3,2,4,3,9,10,9,9,9,10,10,9,7,10,7,4,7,10,7,10,8,9,8,9,6,9,8,7,8,"Equality, discrimination and racism, Cost of living and financial security","Climate adaptation money needs to reach communities, not consultants.",Female,White,No,Working,Prefer not to say,Yes
23/11/2026 18:24:17,16 to 18,Yorkshire and the Humber,,,No,"Funded open-access youth clubs and youth workers in every area, Guaranteed work experience placements for every pupil, Free school meals for more pupils, and holiday food provision",,Digital life and online safety,,Democracy and youth voice,,6,5,4,0,6,5,3,5,6,3,4,6,10,6,10,8,8,7,10,5,5,10,5,6,7,10,5,8,9,5,7,6,7,6,9,3,"Cost of living and financial security, Jobs, apprenticeships and work experience","Mental health support should not depend on which postcode you live in, or which country.",Male,"Black, Black British, Caribbean or African",No,At university,Prefer not to say,Yes
22/11/2026 11:27:19,16 to 18,Scotland,,,No,"Local libraries and community spaces with longer opening hours, Community sports facilities, playing fields and free swimming, Education Maintenance Allowance (EMA) or an equivalent payment for 16–19 study",,Transport and getting around,,Climate and the environment,"Young people in some member states cannot finish school because of cost, not ability.",3,2,7,9,3,3,2,5,8,7,3,7,8,10,10,10,10,8,10,10,10,7,8,8,6,8,6,6,6,6,9,5,4,4,10,5,Climate and the environment,,Female,White,Yes,In school or college,No,Yes
24/11/2026 10:28:55,22 to 25,I live outside the UK,Bangladesh,,No,"Free or capped bus travel for under-25s, Guaranteed work experience placements for every pupil, Cheaper rail travel and a wider young persons railcard",,Mental health and wellbeing,,Digital life and online safety,,7,5,7,6,2,4,1,7,8,4,6,4,8,8,9,10,10,5,8,8,9,6,6,4,6,6,7,6,9,8,3,9,8,8,5,10,"Jobs, apprenticeships and work experience, Education and curriculum for life",,Male,White,No,Prefer not to say,No,Yes
23/11/2026 10:33:20,22 to 25,London,,,Prefer not to say,"A school nurse and a trained counsellor in every school, Restored further education and adult skills funding, and lower tuition fees, Funded open-access youth clubs and youth workers in every area",Music lessons that are not only for people who can pay.,Cost of living and financial security,,Cost of living and financial security,,1,2,2,0,0,9,1,5,2,4,2,5,6,7,9,10,10,8,9,9,10,10,6,6,8,8,3,6,9,5,6,10,6,3,5,1,"Cost of living and financial security, Crime, safety and policing","Apprenticeships that pay less than rent are not opportunities, they are a trap.",Female,"Black, Black British, Caribbean or African",Yes,In school or college,No,Yes
24/11/2026 20:25:17,22 to 25,London,,TS1,No,"Restored further education and adult skills funding, and lower tuition fees, Community sports facilities, playing fields and free swimming, Education Maintenance Allowance (EMA) or an equivalent payment for 16–19 study",,Education and curriculum for life,,Mental health and wellbeing,,4,2,4,7,1,5,3,2,10,3,5,3,10,9,10,7,6,5,10,8,6,9,9,8,10,5,9,7,10,7,10,8,9,7,6,8,"Crime, safety and policing, Equality, discrimination and racism",Girls across the Commonwealth are still leaving education early. That should embarrass every leader in the room.,Non-binary,White,No,In school or college,No,Yes
25/11/2026 09:46:43,22 to 25,South East England,,TS1,No,"Education Maintenance Allowance (EMA) or an equivalent payment for 16–19 study, Free or capped bus travel for under-25s, Community sports facilities, playing fields and free swimming",,Transport and getting around,The support exists on paper but nobody can actually access it.,Education and curriculum for life,,0,6,2,3,3,5,3,4,3,5,6,5,3,3,5,10,9,5,10,9,8,10,10,5,10,10,8,10,9,10,5,6,8,7,7,6,Climate and the environment,,Female,White,Prefer not to say,At university,No,Yes
24/11/2026 18:44:28,13 to 15,I live outside the UK,Ghana,,No,"Restored further education and adult skills funding, and lower tuition fees, Guaranteed work experience placements for every pupil",,Cost of living and financial security,The support exists on paper but nobody can actually access it.,Climate and the environment,,3,4,7,3,4,5,0,3,5,2,2,6,9,10,8,9,7,6,10,8,9,9,6,6,7,7,8,6,8,5,10,7,10,6,7,10,"Jobs, apprenticeships and work experience, Crime, safety and policing",,Non-binary,White,No,Working,Yes,Yes
23/11/2026 20:51:38,16 to 18,Northern Ireland,,TS1,No,"Free school meals for more pupils, and holiday food provision, Funded open-access youth clubs and youth workers in every area",,Cost of living and financial security,Apprenticeships near me pay so little that you need parents who can support you.,Climate and the environment,,4,4,5,3,3,6,2,3,5,4,6,4,7,10,10,8,8,9,10,6,10,7,10,8,5,6,7,7,4,4,9,7,4,5,5,6,"Education and curriculum for life, Democracy and youth voice",,Female,White,No,In school or college,No,Yes
23/11/2026 09:55:20,16 to 18,Scotland,,,No,"Independent careers advice in every school (a Connexions style service), Funded open-access youth clubs and youth workers in every area, Arts, music and drama in the curriculum, and free or low-cost music tuition",,Democracy and youth voice,"Waiting lists where I live are over a year, and people get worse while they wait.",Climate and the environment,,6,1,5,6,3,2,3,6,6,1,6,6,9,8,6,8,4,5,7,8,9,9,5,9,4,7,6,6,7,5,9,0,5,7,8,6,"Democracy and youth voice, Jobs, apprenticeships and work experience",,Male,White,No,Working,No,Yes
25/11/2026 12:33:14,19 to 21,North West England,,LS6,Yes,"Guaranteed work experience placements for every pupil, Local libraries and community spaces with longer opening hours, Restored further education and adult skills funding, and lower tuition fees","Youth centres open at weekends, not just weekdays.",Cost of living and financial security,,"Jobs, apprenticeships and work experience","Young people in some member states cannot finish school because of cost, not ability.",3,2,6,3,4,5,1,7,7,7,5,4,8,7,10,10,10,8,9,8,8,6,5,8,4,10,6,6,8,6,8,8,10,7,3,5,"Jobs, apprenticeships and work experience, Education and curriculum for life",,Male,White,Yes,At university,No,Yes
24/11/2026 19:23:56,16 to 18,I live outside the UK,Canada,,No,"A school nurse and a trained counsellor in every school, Free or capped bus travel for under-25s, Independent careers advice in every school (a Connexions style service)",,Mental health and wellbeing,,Youth services and safe places to go,Climate change is already displacing people my age in Pacific member states.,,,7,,2,,,2,9,,,,,,,10,8,,,,10,9,,,,,,,,,8,5,,,,6,"Jobs, apprenticeships and work experience, Mental health and wellbeing","Youth unemployment is not a young person problem, it is an economy problem. Stop framing it as our failure.",Female,White,No,Working,No,Yes
23/11/2026 17:30:33,16 to 18,East Midlands,,CF10,No,"Community sports facilities, playing fields and free swimming, Free or capped bus travel for under-25s, Independent careers advice in every school (a Connexions style service)",,"Jobs, apprenticeships and work experience",,"Equality, discrimination and racism",,5,4,5,1,4,0,1,5,7,3,4,4,7,5,8,10,9,9,10,6,10,10,5,6,10,10,8,10,10,10,7,7,6,5,5,6,"Jobs, apprenticeships and work experience","Put a young person in the room when the decision is being made, not in the photograph afterwards.",Female,White,No,In school or college,No,Yes
26/11/2026 10:38:55,19 to 21,London,,TS1,No,A school nurse and a trained counsellor in every school,,Education and curriculum for life,The support exists on paper but nobody can actually access it.,"Jobs, apprenticeships and work experience",Online access decides who gets opportunities and it is very unequal.,5,4,5,2,3,8,3,4,2,4,7,5,9,6,8,9,10,6,9,6,8,9,4,8,8,10,7,9,7,5,6,10,5,5,5,8,Climate and the environment,,Female,White,No,"Not in education, employment or training",No,Yes
23/11/2026 18:57:44,13 to 15,South East England,,,Prefer not to say,"A school nurse and a trained counsellor in every school, Guaranteed work experience placements for every pupil, Sure Start style family and early years centres",,"Crime, safety and policing",,"Crime, safety and policing",,3,5,1,5,4,7,2,4,3,4,4,1,9,8,10,10,8,9,6,10,9,7,6,9,7,9,6,10,9,7,5,6,7,7,6,10,Cost of living and financial security,You measure success in GDP. Measure it in whether an 18-year-old can see a future where they live.,Female,"Black, Black British, Caribbean or African",Yes,In school or college,No,Yes
25/11/2026 10:10:40,19 to 21,East of England,,,No,"Guaranteed work experience placements for every pupil, Arts, music and drama in the curriculum, and free or low-cost music tuition, Restored further education and adult skills funding, and lower tuition fees",,Housing and a place to live,You cannot plan a future when you cannot afford anywhere to live.,Cost of living and financial security,,6,4,5,3,1,4,6,5,5,4,1,5,9,5,7,9,9,8,10,7,8,5,10,6,10,10,9,6,9,8,10,8,10,8,7,10,"Climate and the environment, Mental health and wellbeing",Listen to young people from small island states before it is too late to listen to them at all.,Female,Asian or Asian British,Prefer not to say,Working,No,Yes
25/11/2026 11:37:14,16 to 18,London,,PL4,No,"Free school meals for more pupils, and holiday food provision, Education Maintenance Allowance (EMA) or an equivalent payment for 16–19 study",Music lessons that are not only for people who can pay.,Housing and a place to live,,Cost of living and financial security,Youth unemployment across the Commonwealth is the common thread in all of this.,,0,3,,,,2,3,3,,4,5,,9,6,,,9,,,,,,,,8,3,,,6,,6,9,,,,"Cost of living and financial security, Education and curriculum for life",,Male,White,No,At university,No,Yes
24/11/2026 14:28:05,19 to 21,London,,,Yes,"Independent careers advice in every school (a Connexions style service), Guaranteed work experience placements for every pupil",Proper funding for school counselling.,Transport and getting around,,"Jobs, apprenticeships and work experience",There are not enough jobs for the number of graduates being produced.,4,0,6,5,0,5,0,0,5,2,5,4,8,8,2,8,9,7,10,7,4,10,5,7,10,7,9,10,7,8,7,8,9,6,4,2,"Mental health and wellbeing, Climate and the environment","Apprenticeships that pay less than rent are not opportunities, they are a trap.",Female,White,No,Apprenticeship or training,No,Yes
26/11/2026 11:28:24,22 to 25,London,,CV1,Yes,"Education Maintenance Allowance (EMA) or an equivalent payment for 16–19 study, Free school meals for more pupils, and holiday food provision, A school nurse and a trained counsellor in every school",Music lessons that are not only for people who can pay.,Housing and a place to live,,"Crime, safety and policing",Young people are excluded from decisions in almost every member state.,6,5,2,7,3,3,2,4,4,7,2,5,6,9,9,7,6,9,8,10,9,5,1,5,10,3,9,6,8,4,8,10,10,6,6,5,Cost of living and financial security,,Male,White,No,In school or college,No,Yes
25/11/2026 13:33:33,Over 25,London,,LS6,No,"Guaranteed work experience placements for every pupil, Education Maintenance Allowance (EMA) or an equivalent payment for 16–19 study",,"Jobs, apprenticeships and work experience",,Climate and the environment,,3,4,5,3,3,0,2,1,3,9,5,6,10,7,9,10,8,9,7,10,10,10,7,7,8,6,8,5,8,7,7,7,6,9,4,8,"Mental health and wellbeing, Democracy and youth voice",,Male,White,No,At university,No,Yes
25/11/2026 10:15:40,19 to 21,North West England,,TS1,No,"Arts, music and drama in the curriculum, and free or low-cost music tuition, A school nurse and a trained counsellor in every school, Independent careers advice in every school (a Connexions style service)",,Cost of living and financial security,,Cost of living and financial security,,7,3,7,6,1,4,4,3,8,3,3,5,6,6,9,10,10,2,8,8,8,6,6,10,10,7,6,6,8,8,2,4,6,8,8,9,"Education and curriculum for life, Climate and the environment",,Female,White,No,In school or college,No,Yes
26/11/2026 11:07:18,13 to 15,West Midlands,,LS6,Yes,"Arts, music and drama in the curriculum, and free or low-cost music tuition, Independent careers advice in every school (a Connexions style service), A school nurse and a trained counsellor in every school",,Climate and the environment,Apprenticeships near me pay so little that you need parents who can support you.,"Crime, safety and policing","Young people in some member states cannot finish school because of cost, not ability.",3,5,8,6,7,3,1,1,0,10,4,3,8,7,5,7,3,3,9,5,9,7,8,3,10,7,9,10,6,10,8,8,10,5,6,9,"Equality, discrimination and racism, Jobs, apprenticeships and work experience","Education across the Commonwealth should prepare us for the jobs that will exist, not the ones that did.",Female,White,No,Working,No,Yes
25/11/2026 16:50:55,19 to 21,East Midlands,,,Yes,"A school nurse and a trained counsellor in every school, Sure Start style family and early years centres",,Cost of living and financial security,,"Jobs, apprenticeships and work experience",,6,0,4,7,3,3,5,3,3,7,4,7,9,7,6,8,8,9,10,10,7,8,10,5,7,5,6,7,10,10,6,7,6,6,4,5,"Jobs, apprenticeships and work experience, Education and curriculum for life",,Female,White,No,Working,No,Yes
24/11/2026 17:15:08,16 to 18,I live outside the UK,Bangladesh,,No,"Restored further education and adult skills funding, and lower tuition fees, Arts, music and drama in the curriculum, and free or low-cost music tuition, A school nurse and a trained counsellor in every school",,Democracy and youth voice,,"Jobs, apprenticeships and work experience",,3,1,1,3,4,2,2,5,1,4,2,2,10,7,9,6,8,7,9,6,3,10,8,9,8,8,10,7,10,6,7,10,9,5,5,5,Education and curriculum for life,,Male,Mixed or multiple ethnic groups,No,Working,No,Yes
24/11/2026 13:55:30,16 to 18,North East England,,,Yes,"Funded open-access youth clubs and youth workers in every area, Funded national youth voice structures (a British Youth Council style body)",,Housing and a place to live,Rent takes most of my wages and I still live with my parents.,"Jobs, apprenticeships and work experience",Girls are still being taken out of education early in too many countries.,5,4,4,6,5,4,1,6,0,3,0,6,5,10,9,10,6,4,7,7,5,8,7,6,7,10,7,7,10,5,4,6,5,4,8,5,"Crime, safety and policing, Cost of living and financial security",Give us votes at 16 and watch how quickly politics starts taking young people seriously.,Male,White,No,Working,Prefer not to say,Yes
26/11/2026 15:19:29,19 to 21,South West England,,,No,"Community sports facilities, playing fields and free swimming, Free or capped bus travel for under-25s, Funded open-access youth clubs and youth workers in every area",Music lessons that are not only for people who can pay.,Youth services and safe places to go,You cannot plan a future when you cannot afford anywhere to live.,Youth services and safe places to go,,2,2,3,2,3,5,4,8,4,7,8,7,9,7,9,10,10,8,7,9,7,10,3,8,10,7,6,5,6,6,10,7,3,7,6,6,"Climate and the environment, Housing and a place to live",,Male,White,No,At university,No,Yes
26/11/2026 19:19:44,13 to 15,South West England,,CF10,No,"Education Maintenance Allowance (EMA) or an equivalent payment for 16–19 study, Funded open-access youth clubs and youth workers in every area, A school nurse and a trained counsellor in every school",,Cost of living and financial security,,"Jobs, apprenticeships and work experience",,4,2,5,8,1,4,6,2,8,7,7,5,9,8,9,8,10,5,10,7,5,10,8,8,8,8,7,3,7,10,6,5,6,7,4,8,"Equality, discrimination and racism",Bring back the things that were cut before you announce anything new.,Female,White,No,In school or college,No,Yes
26/11/2026 09:17:36,Under 13,East of England,,B29,Yes,A school nurse and a trained counsellor in every school,,Cost of living and financial security,You cannot plan a future when you cannot afford anywhere to live.,Climate and the environment,,0,1,10,4,8,5,0,3,10,3,7,4,10,10,10,10,10,8,10,7,5,10,9,6,7,6,5,7,9,9,5,8,4,5,5,6,"Climate and the environment, Crime, safety and policing",Girls across the Commonwealth are still leaving education early. That should embarrass every leader in the room.,Female,"Black, Black British, Caribbean or African",No,In school or college,No,Yes
25/11/2026 10:21:04,13 to 15,South East England,,NG7,Yes,"Education Maintenance Allowance (EMA) or an equivalent payment for 16–19 study, Arts, music and drama in the curriculum, and free or low-cost music tuition",,"Jobs, apprenticeships and work experience",,Climate and the environment,"Young people in some member states cannot finish school because of cost, not ability.",4,2,5,4,4,2,1,5,5,6,6,7,10,10,8,9,10,6,5,4,7,7,10,8,10,5,6,7,8,8,10,10,5,4,6,6,"Jobs, apprenticeships and work experience, Mental health and wellbeing",,Female,"Black, Black British, Caribbean or African",Yes,Working,No,Yes
27/11/2026 10:10:09,22 to 25,North West England,,,No,"Restored further education and adult skills funding, and lower tuition fees, Independent careers advice in every school (a Connexions style service), Guaranteed work experience placements for every pupil",,Mental health and wellbeing,,"Jobs, apprenticeships and work experience",Online access decides who gets opportunities and it is very unequal.,1,2,7,5,4,5,6,5,7,6,5,6,8,10,9,9,10,8,9,10,8,10,8,6,10,5,4,5,10,8,6,5,9,2,7,4,Climate and the environment,,Non-binary,Mixed or multiple ethnic groups,No,In school or college,No,Yes
27/11/2026 09:12:26,16 to 18,South East England,,G12,No,"Funded open-access youth clubs and youth workers in every area, A school nurse and a trained counsellor in every school, Education Maintenance Allowance (EMA) or an equivalent payment for 16–19 study",Free school transport past the age of 16.,Mental health and wellbeing,Everything costs more and nothing about young people’s pay has changed.,"Jobs, apprenticeships and work experience",,1,2,3,7,4,6,3,4,8,7,7,5,10,5,10,6,8,8,8,9,9,10,3,7,9,6,6,9,8,6,6,8,6,5,4,8,"Jobs, apprenticeships and work experience, Cost of living and financial security",Online harm is not a side issue. It is where we live most of our lives.,Female,White,No,In school or college,No,Yes
26/11/2026 14:49:44,16 to 18,Yorkshire and the Humber,,,No,Funded open-access youth clubs and youth workers in every area,Free school transport past the age of 16.,"Crime, safety and policing",,"Jobs, apprenticeships and work experience",,3,2,4,5,3,1,3,6,4,4,5,4,10,10,9,7,8,10,6,4,9,9,10,6,10,7,4,10,10,7,7,9,7,7,6,6,"Jobs, apprenticeships and work experience, Equality, discrimination and racism",,Female,White,No,"Not in education, employment or training",No,Yes
27/11/2026 09:22:25,22 to 25,Wales,,PL4,Yes,"Education Maintenance Allowance (EMA) or an equivalent payment for 16–19 study, Arts, music and drama in the curriculum, and free or low-cost music tuition",Proper funding for school counselling.,Transport and getting around,,"Jobs, apprenticeships and work experience","Young people in some member states cannot finish school because of cost, not ability.",6,6,2,3,1,0,0,6,2,7,1,4,10,5,6,7,10,7,7,8,8,8,10,9,7,7,9,9,9,4,5,5,7,8,9,9,"Mental health and wellbeing, Climate and the environment","Put a young person in the room when the decision is being made, not in the photograph afterwards.",Female,White,No,Working,No,Yes
27/11/2026 19:20:24,13 to 15,Scotland,,,No,"Free or capped bus travel for under-25s, Restored further education and adult skills funding, and lower tuition fees",Music lessons that are not only for people who can pay.,"Equality, discrimination and racism",There is nowhere to go in the evening since the youth centre closed.,"Jobs, apprenticeships and work experience",Youth unemployment across the Commonwealth is the common thread in all of this.,0,0,4,5,5,2,2,3,5,6,6,4,8,10,8,8,10,8,7,10,8,8,6,6,8,9,6,10,4,7,10,7,10,5,5,6,"Jobs, apprenticeships and work experience",,Female,Other ethnic group,Yes,At university,No,Yes
26/11/2026 14:01:02,13 to 15,South East England,,,No,"Independent careers advice in every school (a Connexions style service), Education Maintenance Allowance (EMA) or an equivalent payment for 16–19 study, Funded open-access youth clubs and youth workers in every area",,Mental health and wellbeing,The support exists on paper but nobody can actually access it.,Education and curriculum for life,,5,0,5,6,4,0,5,4,6,4,3,4,8,7,7,8,9,5,6,6,4,8,6,8,5,9,8,8,9,6,8,8,7,7,7,5,"Cost of living and financial security, Transport and getting around","If the Commonwealth means anything, it should mean a young person in Fiji and a young person in Wales both get heard.",Prefer not to say,White,No,In school or college,No,Yes
26/11/2026 11:48:29,19 to 21,North West England,,,Yes,"Education Maintenance Allowance (EMA) or an equivalent payment for 16–19 study, Funded open-access youth clubs and youth workers in every area",Music lessons that are not only for people who can pay.,"Jobs, apprenticeships and work experience",,Education and curriculum for life,Young people are excluded from decisions in almost every member state.,0,0,3,6,0,4,2,6,4,4,6,8,7,10,7,8,10,6,9,9,7,10,7,10,10,5,6,6,10,7,8,10,5,4,6,8,"Democracy and youth voice, Crime, safety and policing","Climate adaptation money needs to reach communities, not consultants.",Male,White,No,At university,No,Yes
27/11/2026 10:38:37,19 to 21,North West England,,S10,Prefer not to say,"Education Maintenance Allowance (EMA) or an equivalent payment for 16–19 study, Restored further education and adult skills funding, and lower tuition fees, Independent careers advice in every school (a Connexions style service)",Free swimming for under-18s.,"Crime, safety and policing",,Education and curriculum for life,"Young people in some member states cannot finish school because of cost, not ability.",1,7,6,4,1,6,5,3,1,2,8,7,8,7,7,10,10,7,8,9,6,8,8,8,10,8,7,8,10,8,6,7,6,8,3,5,"Mental health and wellbeing, Cost of living and financial security",,Female,Asian or Asian British,Prefer not to say,Working,No,Yes
25/11/2026 17:41:00,Over 25,East of England,,,No,A school nurse and a trained counsellor in every school,Free swimming for under-18s.,Mental health and wellbeing,,Housing and a place to live,Young people are excluded from decisions in almost every member state.,7,2,3,6,1,6,4,1,4,5,1,5,8,9,9,4,10,6,10,5,6,5,4,2,9,9,5,5,8,6,10,8,7,4,1,1,"Jobs, apprenticeships and work experience, Crime, safety and policing","If the Commonwealth means anything, it should mean a young person in Fiji and a young person in Wales both get heard.",Male,Mixed or multiple ethnic groups,No,In school or college,No,Yes
26/11/2026 14:11:51,Under 13,Scotland,,,Yes,Education Maintenance Allowance (EMA) or an equivalent payment for 16–19 study,"Youth centres open at weekends, not just weekdays.",Education and curriculum for life,,Climate and the environment,"Young people in some member states cannot finish school because of cost, not ability.",1,4,4,0,7,2,0,0,6,3,5,3,6,7,10,8,8,7,10,8,10,8,8,8,9,7,9,6,7,4,8,9,4,5,8,7,"Jobs, apprenticeships and work experience, Digital life and online safety",,Male,White,No,Working,No,Yes
26/11/2026 10:00:38,22 to 25,Wales,,CV1,Yes,Funded open-access youth clubs and youth workers in every area,Proper funding for school counselling.,Mental health and wellbeing,,"Equality, discrimination and racism",,3,4,5,7,1,3,2,5,5,0,7,8,10,6,7,8,5,7,10,6,8,10,6,7,7,8,7,5,7,4,4,10,3,7,7,10,Education and curriculum for life,Online harm is not a side issue. It is where we live most of our lives.,Female,White,Yes,In school or college,No,Yes
27/11/2026 11:18:18,13 to 15,West Midlands,,TS1,Yes,"Cheaper rail travel and a wider young persons railcard, Free school meals for more pupils, and holiday food provision, Education Maintenance Allowance (EMA) or an equivalent payment for 16–19 study",,Education and curriculum for life,,Climate and the environment,Corruption means money meant for young people does not reach us.,3,1,4,2,3,3,5,5,4,4,1,2,9,5,5,9,8,7,10,10,4,6,7,5,10,8,9,6,9,6,6,9,10,6,3,10,"Mental health and wellbeing, Jobs, apprenticeships and work experience",Every promise made about climate finance has a deadline that falls after you have all left office. Bring the deadlines forward.,Male,White,No,At university,No,Yes
25/11/2026 19:34:03,19 to 21,Yorkshire and the Humber,,,No,"Independent careers advice in every school (a Connexions style service), A school nurse and a trained counsellor in every school, Sure Start style family and early years centres",,"Crime, safety and policing",Everything costs more and nothing about young people’s pay has changed.,"Jobs, apprenticeships and work experience",,2,2,5,4,2,2,2,4,5,6,8,5,8,6,6,7,10,9,10,10,9,10,7,4,9,6,2,6,8,9,5,8,6,7,4,7,"Mental health and wellbeing, Jobs, apprenticeships and work experience",,Male,White,No,Working,No,Yes
27/11/2026 15:50:51,16 to 18,North West England,,,No,"Funded open-access youth clubs and youth workers in every area, Free school meals for more pupils, and holiday food provision, Independent careers advice in every school (a Connexions style service)",,Housing and a place to live,People my age are scared on public transport and nobody talks about it.,Housing and a place to live,,4,1,5,3,7,4,4,3,6,6,1,5,10,5,9,10,10,9,6,6,8,3,7,3,8,7,7,10,10,8,6,9,9,2,3,6,Climate and the environment,Make the commitments measurable and publish who missed them.,Male,Asian or Asian British,Yes,Apprenticeship or training,No,Yes
26/11/2026 10:52:28,19 to 21,North East England,,TS1,Yes,"Education Maintenance Allowance (EMA) or an equivalent payment for 16–19 study, Local libraries and community spaces with longer opening hours",,Transport and getting around,,Climate and the environment,There are not enough jobs for the number of graduates being produced.,4,2,8,2,4,6,4,2,4,3,4,5,8,7,6,7,10,7,8,10,7,9,8,8,9,8,7,9,7,9,10,7,7,6,3,6,"Climate and the environment, Housing and a place to live",You measure success in GDP. Measure it in whether an 18-year-old can see a future where they live.,Female,White,No,In school or college,No,Yes
28/11/2026 12:04:40,16 to 18,Scotland,,M14,No,"Education Maintenance Allowance (EMA) or an equivalent payment for 16–19 study, Independent careers advice in every school (a Connexions style service), Funded open-access youth clubs and youth workers in every area",,"Jobs, apprenticeships and work experience",,"Crime, safety and policing",Young people are excluded from decisions in almost every member state.,4,1,6,6,3,0,5,5,6,5,3,4,10,6,7,10,8,8,5,5,8,7,4,9,10,6,7,4,6,10,6,8,7,1,7,7,"Climate and the environment, Equality, discrimination and racism",,Female,White,No,Working,No,Yes
26/11/2026 13:24:01,22 to 25,Wales,,,No,"Funded open-access youth clubs and youth workers in every area, Independent careers advice in every school (a Connexions style service), Free or capped bus travel for under-25s",,Youth services and safe places to go,My school had one careers adviser for eight hundred students.,Education and curriculum for life,,3,2,7,4,0,6,3,2,4,6,7,6,10,5,7,10,10,2,9,8,4,7,6,7,3,10,10,6,5,6,7,10,7,8,4,10,"Democracy and youth voice, Housing and a place to live","If you want us to trust institutions, give us something to trust. Fund youth services properly and keep them open.",Female,White,No,In school or college,No,Yes
27/11/2026 20:08:52,16 to 18,Wales,,B29,Yes,"A school nurse and a trained counsellor in every school, Community sports facilities, playing fields and free swimming",,Mental health and wellbeing,There is nowhere to go in the evening since the youth centre closed.,Climate and the environment,,3,2,10,7,4,6,1,4,7,8,7,6,6,4,8,8,9,8,8,7,6,7,10,3,8,4,9,8,5,6,9,10,6,4,8,8,"Climate and the environment, Jobs, apprenticeships and work experience",,Male,White,Prefer not to say,At university,No,Yes
27/11/2026 20:15:12,19 to 21,West Midlands,,B29,Yes,"Independent careers advice in every school (a Connexions style service), Education Maintenance Allowance (EMA) or an equivalent payment for 16–19 study",Free swimming for under-18s.,Housing and a place to live,,Climate and the environment,,6,1,0,2,3,2,4,4,4,7,6,6,7,7,10,10,9,8,10,7,3,8,10,8,9,6,6,6,7,5,8,6,7,5,6,10,"Climate and the environment, Digital life and online safety",Give us votes at 16 and watch how quickly politics starts taking young people seriously.,Male,White,No,In school or college,No,Yes
27/11/2026 15:36:33,13 to 15,South East England,,CV1,No,"Restored further education and adult skills funding, and lower tuition fees, Education Maintenance Allowance (EMA) or an equivalent payment for 16–19 study, Independent careers advice in every school (a Connexions style service)",,Cost of living and financial security,,"Jobs, apprenticeships and work experience",Girls are still being taken out of education early in too many countries.,0,7,3,4,6,2,2,7,3,4,8,4,9,8,9,7,6,8,9,9,10,10,6,10,10,8,10,10,10,8,9,10,5,6,9,8,"Jobs, apprenticeships and work experience, Mental health and wellbeing",,Female,Mixed or multiple ethnic groups,No,In school or college,No,Yes
27/11/2026 16:11:47,16 to 18,London,,M14,Yes,"Restored further education and adult skills funding, and lower tuition fees, Funded national youth voice structures (a British Youth Council style body), Education Maintenance Allowance (EMA) or an equivalent payment for 16–19 study",Free school transport past the age of 16.,Mental health and wellbeing,,"Jobs, apprenticeships and work experience",,6,5,8,4,3,1,5,1,9,4,7,7,8,5,9,9,7,6,8,7,10,7,9,3,9,8,8,9,9,10,9,8,6,6,6,6,"Crime, safety and policing, Equality, discrimination and racism",,Male,White,No,In school or college,No,Yes
28/11/2026 19:54:31,16 to 18,London,,,Yes,"Arts, music and drama in the curriculum, and free or low-cost music tuition, Education Maintenance Allowance (EMA) or an equivalent payment for 16–19 study, Cheaper rail travel and a wider young persons railcard",,Climate and the environment,,"Jobs, apprenticeships and work experience",,3,0,6,7,1,5,2,8,5,4,4,5,10,9,6,10,10,6,9,8,10,8,8,8,8,6,7,10,7,7,8,7,7,6,9,6,"Climate and the environment, Education and curriculum for life","Stop talking about young people as the future and start treating us as the present. We are already paying rent, already working, already voting in some of your countries.",Non-binary,White,Yes,At university,No,Yes
28/11/2026 12:46:29,22 to 25,North West England,,,No,"Funded open-access youth clubs and youth workers in every area, Local libraries and community spaces with longer opening hours",,"Jobs, apprenticeships and work experience","Waiting lists where I live are over a year, and people get worse while they wait.","Jobs, apprenticeships and work experience",,3,3,5,7,5,2,3,5,3,2,2,8,3,10,10,5,9,9,7,9,10,10,6,8,10,6,6,10,10,10,6,10,5,5,7,7,"Cost of living and financial security, Climate and the environment",,Female,White,No,In school or college,No,Yes
27/11/2026 14:23:39,16 to 18,Yorkshire and the Humber,,PL4,Prefer not to say,"Funded open-access youth clubs and youth workers in every area, Cheaper rail travel and a wider young persons railcard, Free school meals for more pupils, and holiday food provision",,Mental health and wellbeing,People my age are scared on public transport and nobody talks about it.,Education and curriculum for life,Online access decides who gets opportunities and it is very unequal.,2,5,4,1,0,1,5,5,3,2,6,4,10,3,6,7,8,8,7,10,6,9,7,8,8,10,6,8,7,3,6,4,10,5,6,8,"Jobs, apprenticeships and work experience, Equality, discrimination and racism",,Male,White,Yes,In school or college,No,Yes
26/11/2026 09:17:00,22 to 25,South East England,,S10,Yes,"Free school meals for more pupils, and holiday food provision",,"Jobs, apprenticeships and work experience",,Education and curriculum for life,,2,0,1,1,5,3,4,4,7,3,4,6,8,8,10,10,10,7,10,8,9,10,9,8,9,7,4,6,10,10,7,6,5,6,4,7,"Digital life and online safety, Climate and the environment",,Female,White,No,Working,No,Yes
26/11/2026 18:47:02,16 to 18,East of England,,,No,"Education Maintenance Allowance (EMA) or an equivalent payment for 16–19 study, A school nurse and a trained counsellor in every school, Funded open-access youth clubs and youth workers in every area",Cheaper driving lessons and tests for young people in rural areas.,Climate and the environment,Apprenticeships near me pay so little that you need parents who can support you.,"Equality, discrimination and racism",There are not enough jobs for the number of graduates being produced.,1,4,5,7,4,5,3,8,2,4,7,6,7,6,9,9,8,6,4,8,9,7,6,8,10,10,7,4,10,4,7,8,8,3,5,6,"Climate and the environment, Mental health and wellbeing",,Male,White,No,Working,No,Yes
28/11/2026 12:54:54,22 to 25,North West England,,PL4,Yes,"Independent careers advice in every school (a Connexions style service), Arts, music and drama in the curriculum, and free or low-cost music tuition, A school nurse and a trained counsellor in every school",,Cost of living and financial security,,"Equality, discrimination and racism",,8,2,1,5,5,2,4,4,4,3,1,5,7,7,7,8,9,7,8,8,3,9,8,7,8,10,5,7,10,10,10,4,2,6,5,8,"Equality, discrimination and racism, Mental health and wellbeing",,Prefer not to say,White,No,In school or college,No,Yes
27/11/2026 20:25:38,19 to 21,Scotland,,TS1,No,"Arts, music and drama in the curriculum, and free or low-cost music tuition, Community sports facilities, playing fields and free swimming, Guaranteed work experience placements for every pupil","Youth centres open at weekends, not just weekdays.",Mental health and wellbeing,You cannot plan a future when you cannot afford anywhere to live.,"Equality, discrimination and racism",,2,4,5,7,0,3,7,3,5,3,5,0,10,6,9,8,10,7,9,10,10,7,9,10,6,4,9,10,10,8,10,9,7,5,10,8,"Jobs, apprenticeships and work experience, Cost of living and financial security",Young carers and care-experienced young people are invisible in every policy document I have read.,Female,White,No,In school or college,No,Yes
28/11/2026 15:35:17,19 to 21,South East England,,SW1A,No,"Restored further education and adult skills funding, and lower tuition fees, Independent careers advice in every school (a Connexions style service)","Youth centres open at weekends, not just weekdays.",Cost of living and financial security,The support exists on paper but nobody can actually access it.,Democracy and youth voice,Online access decides who gets opportunities and it is very unequal.,4,0,6,3,0,2,4,5,9,2,2,5,10,9,10,10,10,7,6,9,10,10,7,10,7,8,7,5,10,10,7,7,8,4,4,10,"Education and curriculum for life, Jobs, apprenticeships and work experience",Fund the youth workers. They are the only adults some of us actually trust.,Male,White,No,Apprenticeship or training,No,Yes
28/11/2026 18:25:29,16 to 18,West Midlands,,S10,Yes,Cheaper rail travel and a wider young persons railcard,Proper funding for school counselling.,Mental health and wellbeing,,Education and curriculum for life,Girls are still being taken out of education early in too many countries.,,,,,,,,,,4,,,,5,,8,,,,,,,,,,,,,6,9,,4,,,5,6,"Equality, discrimination and racism, Jobs, apprenticeships and work experience",,Male,White,No,In school or college,No,Yes
29/11/2026 17:09:17,13 to 15,Wales,,TS1,No,"Funded open-access youth clubs and youth workers in every area, Guaranteed work experience placements for every pupil",,Cost of living and financial security,,Cost of living and financial security,,4,2,0,3,4,3,5,6,5,7,4,7,10,8,6,8,7,8,5,8,7,9,6,8,9,7,7,8,9,8,5,10,4,10,3,7,"Climate and the environment, Digital life and online safety","Stop talking about young people as the future and start treating us as the present. We are already paying rent, already working, already voting in some of your countries.",Prefer not to say,Prefer not to say,No,In school or college,No,Yes
27/11/2026 20:29:19,22 to 25,East of England,,,Yes,"Funded open-access youth clubs and youth workers in every area, Education Maintenance Allowance (EMA) or an equivalent payment for 16–19 study, Sure Start style family and early years centres",,Youth services and safe places to go,,Climate and the environment,Young people are excluded from decisions in almost every member state.,3,1,9,2,4,4,3,4,5,9,10,6,8,10,6,7,8,10,7,9,9,6,3,8,8,10,7,10,10,8,7,8,5,7,5,9,"Climate and the environment, Education and curriculum for life",We are tired of consultations that go nowhere. Publish what you did with this one.,Male,White,No,Apprenticeship or training,No,Yes
28/11/2026 15:26:51,19 to 21,East Midlands,,BT9,Yes,Free or capped bus travel for under-25s,"Youth centres open at weekends, not just weekdays.",Mental health and wellbeing,,Cost of living and financial security,Youth unemployment across the Commonwealth is the common thread in all of this.,5,0,8,7,0,3,2,2,3,5,4,6,9,6,10,9,9,8,9,3,10,7,5,8,10,6,8,9,6,5,8,10,7,7,5,5,"Climate and the environment, Democracy and youth voice",Make the commitments measurable and publish who missed them.,Male,"Black, Black British, Caribbean or African",No,In school or college,No,Yes
28/11/2026 10:34:24,19 to 21,South East England,,BT9,No,"Independent careers advice in every school (a Connexions style service), Local libraries and community spaces with longer opening hours, Arts, music and drama in the curriculum, and free or low-cost music tuition",Music lessons that are not only for people who can pay.,Housing and a place to live,People my age are scared on public transport and nobody talks about it.,Cost of living and financial security,Corruption means money meant for young people does not reach us.,2,0,3,1,3,7,5,4,5,1,4,5,10,8,8,8,10,6,7,5,7,8,9,5,10,9,5,10,9,6,7,8,8,2,2,8,"Crime, safety and policing, Climate and the environment",The cost of getting to college is the reason people drop out. Fix transport and you fix attendance.,Female,"Black, Black British, Caribbean or African",No,Working,No,Yes
29/11/2026 19:15:57,16 to 18,Wales,,M14,No,"Community sports facilities, playing fields and free swimming, Guaranteed work experience placements for every pupil, Independent careers advice in every school (a Connexions style service)",,Housing and a place to live,,"Crime, safety and policing",Girls are still being taken out of education early in too many countries.,4,3,1,5,3,5,1,4,4,7,3,6,8,1,10,6,10,10,6,9,9,8,6,9,10,4,4,8,8,5,5,7,7,8,5,7,"Equality, discrimination and racism, Climate and the environment",Every promise made about climate finance has a deadline that falls after you have all left office. Bring the deadlines forward.,Female,Asian or Asian British,No,Apprenticeship or training,No,Yes
27/11/2026 20:13:54,22 to 25,London,,,Yes,Local libraries and community spaces with longer opening hours,,"Jobs, apprenticeships and work experience",,Education and curriculum for life,,3,5,4,4,6,3,2,3,4,5,2,1,7,6,10,8,10,6,7,5,9,6,9,7,9,7,8,7,8,7,5,7,4,5,9,7,"Equality, discrimination and racism, Jobs, apprenticeships and work experience",Make the commitments measurable and publish who missed them.,Female,White,Yes,At university,No,Yes
28/11/2026 17:40:49,19 to 21,Scotland,,EH8,No,"Cheaper rail travel and a wider young persons railcard, Free or capped bus travel for under-25s",,Cost of living and financial security,,Climate and the environment,,1,4,1,6,3,3,2,5,2,9,4,5,7,6,7,6,10,6,10,6,7,7,4,8,7,6,5,8,8,10,8,6,7,6,6,8,"Equality, discrimination and racism, Mental health and wellbeing",,Female,White,Yes,At university,No,Yes
29/11/2026 20:20:38,16 to 18,I live outside the UK,Cyprus,,No,"Restored further education and adult skills funding, and lower tuition fees, Arts, music and drama in the curriculum, and free or low-cost music tuition, Community sports facilities, playing fields and free swimming",,Education and curriculum for life,Everyone I know is choosing between transport to college and lunch.,Digital life and online safety,,3,3,5,3,4,5,2,3,6,3,1,7,10,9,9,9,10,9,5,3,7,10,10,8,9,10,6,9,7,6,10,8,5,8,7,4,"Mental health and wellbeing, Education and curriculum for life",,Male,White,Yes,Working,No,Yes
30/11/2026 11:49:23,19 to 21,West Midlands,,,No,"A school nurse and a trained counsellor in every school, Independent careers advice in every school (a Connexions style service), Funded open-access youth clubs and youth workers in every area",,Housing and a place to live,,Education and curriculum for life,,0,3,6,6,6,3,2,7,2,3,0,4,10,7,5,5,10,6,8,5,10,8,8,7,7,6,8,8,6,10,10,7,9,8,6,9,"Jobs, apprenticeships and work experience, Mental health and wellbeing",Bring back the things that were cut before you announce anything new.,Female,White,Yes,In school or college,No,Yes
29/11/2026 14:56:33,Under 13,Yorkshire and the Humber,,,No,"A school nurse and a trained counsellor in every school, Arts, music and drama in the curriculum, and free or low-cost music tuition, Independent careers advice in every school (a Connexions style service)","Youth centres open at weekends, not just weekdays.",Cost of living and financial security,,Education and curriculum for life,Climate change is already displacing people my age in Pacific member states.,4,4,8,5,1,10,4,0,4,3,5,3,9,10,6,10,8,10,8,10,5,3,7,6,5,7,8,8,10,7,4,7,5,2,9,7,"Jobs, apprenticeships and work experience, Climate and the environment",Commonwealth mobility should mean something. Let young people study and work across member states without impossible visa costs.,Male,Prefer not to say,No,Working,No,Yes
28/11/2026 19:19:58,16 to 18,South East England,,,No,"Arts, music and drama in the curriculum, and free or low-cost music tuition, Education Maintenance Allowance (EMA) or an equivalent payment for 16–19 study, A school nurse and a trained counsellor in every school",,Cost of living and financial security,,Education and curriculum for life,,6,6,7,6,3,4,2,4,8,4,4,4,9,5,10,9,8,8,9,7,7,6,3,8,10,7,5,5,6,8,7,8,5,8,3,7,"Education and curriculum for life, Jobs, apprenticeships and work experience",Commonwealth mobility should mean something. Let young people study and work across member states without impossible visa costs.,Male,Asian or Asian British,No,Apprenticeship or training,No,Yes
